100001
100002
100003
100004
100005
100006
100007
100008
100009
100010
100011
100012
100013
100014
100015
100016
100017
100018
100019
100020
100021
100022
100023
100024
100025
100026
100027
100028
100029
100030
100031
100032
100033
100034
100035
100036
100037
100038
100039
100040
100041
100042
100043
100044
100045
100046
100047
100048
100049
100050
100051
100052
100053
100054
100055
100056
100057
100058
100059
100060
100061
100062
100063
100064
100065
100066
100067
100068
100069
100070
100071
100072
100073
100074
100075
100076
100077
100078
100079
100080
100081
100082
100083
100084
100085
100086
100087
100088
100089
100090
100091
100092
100093
100094
100095
100096
100097
100098
100099
100100
100101
100102
100103
100104
100105
100106
100107
100108
100109
100110
100111
100112
100113
100114
100115
100116
100117
100118
100119
100120
100121
100122
100123
100124
100125
100126
100127
100128
100129
100130
100131
100132
100133
100134
100135
100136
100137
100138
100139
100140
100141
100142
100143
100144
100145
100146
100147
100148
100149
100150
100151
100152
100153
100154
100155
100156
100157
100158
100159
100160
100161
100162
100163
100164
100165
100166
100167
100168
100169
100170
100171
100172
100173
100174
100175
100176
100177
100178
100179
100180
100181
100182
100183
100184
100185
100186
100187
100188
100189
100190
100191
100192
100193
100194
100195
100196
100197
100198
100199
100200
100201
100202
100203
100204
100205
100206
100207
100208
100209
100210
100211
100212
100213
100214
100215
100216
100217
100218
100219
100220
100221
100222
100223
100224
100225
100226
100227
100228
100229
100230
100231
100232
100233
100234
100235
100236
100237
100238
100239
100240
100241
100242
100243
100244
100245
100246
100247
100248
100249
100250
100251
100252
100253
100254
100255
100256
100257
100258
100259
100260
100261
100262
100263
100264
100265
100266
100267
100268
100269
100270
100271
100272
100273
100274
100275
100276
100277
100278
100279
100280
100281
100282
100283
100284
100285
100286
100287
100288
100289
100290
100291
100292
100293
100294
100295
100296
100297
100298
100299
100300
100301
100302
100303
100304
100305
100306
100307
100308
100309
100310
100311
100312
100313
100314
100315
100316
100317
100318
100319
100320
100321
100322
100323
100324
100325
100326
100327
100328
100329
100330
100331
100332
100333
100334
100335
100336
100337
100338
100339
100340
100341
100342
100343
100344
100345
100346
100347
100348
100349
100350
100351
100352
100353
100354
100355
100356
100357
100358
100359
100360
100361
100362
100363
100364
100365
100366
100367
100368
100369
100370
100371
100372
100373
100374
100375
100376
100377
100378
100379
100380
100381
100382
100383
100384
100385
100386
100387
100388
100389
100390
100391
100392
100393
100394
100395
100396
100397
100398
100399
100400
100401
100402
100403
100404
100405
100406
100407
100408
100409
100410
100411
100412
100413
100414
100415
100416
100417
100418
100419
100420
100421
100422
100423
100424
100425
100426
100427
100428
100429
100430
100431
100432
100433
100434
100435
100436
100437
100438
100439
100440
100441
100442
100443
100444
100445
100446
100447
100448
100449
100450
100451
100452
100453
100454
100455
100456
100457
100458
100459
100460
100461
100462
100463
100464
100465
100466
100467
100468
100469
100470
100471
100472
100473
100474
100475
100476
100477
100478
100479
100480
100481
100482
100483
100484
100485
100486
100487
100488
100489
100490
100491
100492
100493
100494
100495
100496
100497
100498
100499
100500
100501
100502
100503
100504
100506
100507
100508
100509
100510
100511
100512
100513
100514
100515
100516
100517
100518
100519
100520
100521
100522
100523
100524
100543
100544
100545
100546
100547
100548
100549
100550
100551
100552
100553
100554
100555
100556
100557
100558
100559
100560
100561
100562
100563
100564
100565
100566
100567
100568
100569
100570
100571
100572
100573
100574
100575
100576
100577
100578
100579
100580
100581
100582
100583
100584
100585
100586
100587
100588
100589
100590
100591
100592
100593
100594
100595
100596
100597
100598
100599
100600
100601
100602
100603
100604
100605
100606
100607
100608
100609
100610
100611
100612
100613
100614
100615
100616
100617
100618
100619
100620
100621
100622
100623
100624
100625
100626
100627
100628
100629
100630
100631
100632
100633
100634
100635
100636
100637
100638
100639
100640
100641
100642
100643
100644
100645
100646
100647
100648
100649
100650
100651
100652
100653
100654
100655
100656
100657
100658
100659
100660
100661
100662
100663
100664
100665
100666
100667
100668
100669
100670
100671
100672
100673
100674
100675
100676
100677
100678
100679
100680
100681
100682
100683
100684
100685
100686
100687
100688
100689
100690
100691
100692
100693
100694
100695
100696
100697
100698
100699
100700
100701
100702
100703
100704
100705
100706
100707
100708
100709
100710
100711
100712
100713
100714
100715
100716
100717
100718
100719
100720
100721
100722
100723
100724
100725
100726
100727
100728
100777
100778
100779
100780
100781
100782
100783
100784
100785
100786
100787
100788
100789
100790
100791
100792
100793
100794
100795
100796
100797
100798
100799
100800
100801
100802
100803
100804
100805
100806
100807
100808
100809
100810
100811
100812
100813
100814
100815
100816
100817
100818
100819
100820
100821
100822
100823
100824
100825
100826
100827
100828
100829
100830
100831
100832
100833
100834
100835
100836
100837
100838
100839
100840
100841
100842
100843
100844
100845
100846
100847
100848
100849
100850
100851
100852
100853
100854
100855
100856
100857
100858
100859
100860
100861
100862
100924
100925
100926
100927
100928
100929
100930
100931
100932
100933
100934
100935
100936
100937
100938
100939
100940
100941
100942
100943
100944
100945
100946
100947
100948
100949
100950
100951
100952
100953
100954
100955
100956
100957
100958
100959
100960
100961
100962
100963
100964
100965
100966
100967
100968
100969
100970
100971
100972
100973
100974
100975
100976
100977
100978
100979
100980
100981
100982
100983
100984
100985
100986
100987
100988
100989
100990
100991
100992
100993
100994
100995
100996
100997
100998
100999
101000
101001
101002
101003
101004
101005
101006
101007
101008
101009
101010
101011
101012
101013
101014
101015
101016
101017
101018
101019
101020
101021
101022
101023
101024
101025
101026
101027
101028
101029
101030
101031
101032
101033
101034
101035
101036
101037
101038
101039
101040
101041
101042
101043
101044
101045
101046
101047
101048
101049
101050
101051
101052
101053
101054
101055
101056
101057
101058
101059
101060
101061
101062
101063
101064
101065
101066
101067
101068
101069
101070
101071
101072
101073
101074
101075
101076
101077
101078
101079
101080
101081
101082
101083
101084
101085
101086
101087
101088
101089
101090
101091
101092
101093
101094
101095
101096
101097
101098
101099
101100
101101
101102
101103
101104
101105
101106
101107
101108
101109
101110
101111
101112
101113
101114
101115
101116
101117
101118
101119
101120
101121
101122
101123
101124
101125
101126
101127
101128
101129
101130
101131
101132
101133
101134
101135
101136
101137
101138
101139
101140
101141
101142
101143
101144
101145
101146
101147
101148
101149
101150
101151
101152
101153
101154
101155
101156
101157
101158
101159
101160
101161
101162
101163
101164
101165
101166
101167
101168
101169
101170
101171
101172
101173
101174
101175
101176
101177
101178
101179
101180
101181
101182
101183
101184
101185
101186
101187
101188
101189
101190
101191
101192
101193
101194
101195
101196
101197
101198
101199
101200
101201
101202
101203
101204
101205
101206
101207
101208
101209
101210
101211
101212
101213
101214
101215
101216
101217
101218
101219
101220
101221
101222
101223
101224
101225
101226
101227
101228
101229
101230
101231
101232
101233
101234
101235
101236
101237
101238
101239
101240
101241
101242
101243
101244
101245
101246
101247
101248
101249
101250
101251
101252
101253
101254
101255
101256
101257
101258
101259
101260
101261
101446
101447
101448
101449
101450
101451
101452
101453
101454
101455
101456
101457
101458
101459
101460
101461
101462
101463
101464
101465
101466
101467
101468
101469
101470
101471
101472
101473
101474
101475
101476
101477
101478
101479
101480
101481
101482
101483
101484
101486
101487
101488
101489
101490
101491
101492
101493
101494
101495
101496
101497
101498
101499
101500
101501
101502
101503
101504
101505
101506
101507
101508
101509
101510
101511
101512
101513
101514
101515
101516
101517
101518
101519
101520
101521
101522
101523
101524
101525
101526
101527
101528
101529
101530
101531
101532
101533
101534
101535
101536
101537
101538
101539
101540
101541
101542
101543
101544
101545
101546
101547
101549
101550
101551
101552
101553
101554
101555
101556
101557
101558
101559
101560
101561
101562
101563
101564
101565
101566
101567
101568
101569
101570
101571
101572
101573
101574
101575
101576
101577
101578
101579
101580
101581
101582
101583
101584
101585
101586
101587
101588
101589
101590
101591
101592
101593
101594
101595
101596
101597
101598
101599
101600
101601
101602
101603
101694
101695
101696
101697
101698
101699
101700
101701
101702
101703
101704
101705
101706
101707
101708
101709
101710
101711
101712
101713
101714
101715
101716
101717
101718
101719
101720
101721
101722
101723
101724
101725
101726
101727
101728
101729
101730
101731
101732
101733
101767
101768
101769
101770
101771
101772
101773
101774
101775
101776
101777
101778
101779
101780
101781
101782
101783
101784
101785
101786
101787
101788
101789
101790
101791
101792
101793
101794
101795
101796
101797
101798
101799
101800
101801
101802
101803
101804
101805
101806
101807
101808
101809
101810
101811
101812
101813
101814
101815
101816
101817
101818
101819
101820
101821
101822
101823
101824
101825
101826
101827
101828
101829
101830
101831
101832
101833
101834
101835
101836
101837
101838
101839
101840
101841
101842
101843
101844
101845
101846
101847
101848
101849
101850
101851
101852
101853
101854
101855
101856
101857
101858
101859
101860
101861
101862
101863
101864
101865
101866
101867
101868
101869
101870
101871
101872
101873
101874
101875
101876
101877
101878
101879
101880
101881
101882
101883
101884
101885
101886
101887
101888
101889
101890
101891
101892
101893
101894
101895
101896
101897
101898
101899
101900
101901
101902
101903
101904
101905
101906
101907
101908
101909
101910
101911
101912
101913
101914
101916
101917
101918
101919
101920
101921
101922
101923
101924
101925
101926
101927
101928
101929
101930
101931
101932
101933
101934
101935
101936
101937
101938
101939
101940
101941
101942
101943
101944
101945
101946
101947
101948
101949
101950
101951
101952
101953
101954
101955
101956
101957
101958
101959
101960
101961
101962
101963
101964
101965
101966
101967
101968
101969
101970
101971
101972
101973
101974
101975
101976
101977
101978
101979
101980
101981
101982
101983
101984
101985
101986
101987
101988
101989
101990
101991
101992
101993
101994
101995
101996
101997
101998
101999
102000
102002
102003
102004
102005
102006
102040
102041
102042
102043
102044
102045
102046
102047
102048
102049
102050
102051
102052
102053
102054
102055
102056
102057
102058
102059
102060
102061
102062
102063
102064
102065
102066
102067
102068
102069
102070
102071
102072
102073
102074
102075
102076
102077
102078
102079
102080
102081
102082
102083
102084
102085
102086
102359
102360
102361
102362
102363
102364
102365
102366
102367
102368
102369
102370
102371
102372
102373
102374
102375
102376
102377
102378
102379
102380
102381
102382
102383
102384
102385
102386
102387
102388
102389
102390
102391
102392
102393
102394
102395
102396
102397
102398
102399
102400
102401
102402
102403
102404
102405
102406
102407
102408
102409
102410
102411
102412
102413
102414
102415
102416
102417
102418
102419
102420
102421
102422
102423
102424
102425
102426
102427
102428
102429
102430
102431
102432
102433
102434
102435
102436
102437
102438
102439
102440
102441
102442
102443
102444
102445
102446
102447
102448
102449
102450
102451
102452
102453
102454
102455
102456
102457
102458
102459
102460
102461
102462
102463
102464
102465
102466
102467
102468
102469
102470
102471
102472
102473
102474
102475
102476
102477
102478
102479
102480
102481
102482
102483
102484
102485
102486
102487
102488
102489
102490
102491
102492
102493
102494
102495
102496
102497
102498
102499
102500
102501
102502
102503
102504
102505
102506
102507
102508
102509
102510
102511
102512
102513
102514
102515
102516
102517
102518
102519
102520
102521
102522
102523
102524
102525
102526
102527
102528
102529
102530
102531
102532
102533
102534
102535
102536
102537
102538
102539
102540
102541
102542
102543
102544
102545
102546
102547
102548
102549
102550
102551
102552
102553
102554
102555
102556
102557
102558
102559
102560
102561
102562
102563
102564
102565
102566
102567
102568
102569
102570
102571
102572
102573
102574
102575
102576
102577
102578
102579
102580
102581
102582
102583
102584
102585
102586
102587
102588
102589
102590
102591
102592
102593
102594
102595
102596
102597
102598
102599
102600
102601
102602
102603
102604
102605
102606
102607
102608
102609
102610
102611
102612
102613
102614
102615
102616
102617
102618
102619
102620
102621
102622
102623
102624
102625
102626
102627
102628
102629
102630
102631
102632
102633
102634
102635
102636
102637
102638
102639
102640
102641
102642
102643
102644
102645
102646
102647
102648
102649
102650
102651
102652
102653
102654
102655
102656
102657
102658
102659
102660
102661
102662
102663
102664
102665
102666
102667
102668
102669
102670
102671
102672
102673
102674
102675
102676
102677
102678
102679
102680
102681
102682
102683
102684
102685
102686
102687
102688
102689
102690
102691
102692
102693
102694
102695
102696
102697
102698
102699
102700
102701
102702
102703
102704
102705
102706
102707
102708
102709
102710
102711
102712
102713
102714
102715
102716
102717
102718
102719
102720
102721
102722
102723
102724
102725
102726
102727
102728
102729
102730
102731
102732
102733
102734
102735
102736
102737
102738
102739
102740
102741
102742
102743
102744
102745
102746
102747
102748
102749
102750
102751
102752
102753
102754
102755
102756
102757
102758
102759
102760
102761
102762
102763
102764
102765
102766
102767
102768
102769
102770
102771
102772
102773
102774
102775
102776
102777
102778
102779
102780
102781
102782
102783
102784
102785
102786
102787
102788
102789
102790
102791
102792
102793
102794
102795
102796
102797
102798
102799
102800
102801
102802
102803
102804
102805
102806
102807
102808
102809
102810
102811
102812
102813
102814
102815
102816
102817
102818
102819
102820
102821
102822
102823
102824
102825
102826
102827
102828
102829
102830
102831
102832
102833
102834
102835
102836
102837
102838
102839
102840
102841
102842
102843
102844
102845
102846
102847
102848
102849
102850
102851
102852
102853
102854
102855
102856
102857
102858
102859
102860
102861
102862
102863
102864
102865
102866
102867
102868
102869
102870
102871
102872
102873
102874
102875
102876
102877
102878
102879
102880
102881
102882
102883
102884
102885
102886
102887
102888
102889
102890
102891
102892
102893
102894
102895
102896
102897
102898
102899
102900
102901
102902
102903
102904
102905
102906
102907
102908
102909
102910
102911
102912
102913
102914
102915
102916
102917
102918
102919
102920
102921
102922
102923
102924
102925
102926
102927
102928
102929
102930
102931
102932
102933
102934
102935
102936
102937
102938
102939
102940
102941
102942
102943
102944
102945
102946
102947
102948
102949
102950
102951
102952
102953
102954
102955
102956
102957
102958
102959
102960
102961
102962
102963
102964
102965
102966
102967
102968
102969
102970
102971
102972
102973
102974
102975
102976
102977
102978
102979
102980
102981
102982
102983
102984
102985
102986
102987
102988
102989
102990
102991
102992
102993
102994
102995
102996
102997
102998
102999
103000
103001
103002
103003
103004
103005
103006
103007
103008
103009
103010
103011
103012
103013
103014
103015
103016
103017
103018
103019
103020
103021
103022
103023
103024
103025
103026
103027
103028
103029
103030
103031
103032
103033
103034
103035
103036
103037
103038
103039
103040
103041
103042
103043
103044
103045
103046
103047
103048
103049
103050
103051
103052
103053
103054
103055
103056
103057
103058
103059
103060
103061
103062
103063
103064
103065
103066
103067
103068
103069
103070
103071
103072
103073
103074
103075
103076
103077
103078
103079
103080
103081
103082
103083
103084
103085
103086
103087
103088
103089
103090
103091
103092
103093
103094
103095
103096
103097
103098
103099
103100
103101
103102
103103
103104
103105
103106
103107
103108
103109
103110
103111
103112
103113
103114
103115
103116
103117
103118
103119
103120
103121
103122
103123
103124
103125
103126
103127
103128
103129
103130
103131
103132
103133
103134
103135
103136
103137
103138
103139
103140
103141
103142
103143
103144
103145
103146
103147
103148
103149
103150
103151
103152
103153
103154
103155
103156
103157
103158
103159
103160
103161
103162
103163
103164
103165
103166
103167
103168
103169
103170
103171
103172
103173
103174
103175
103176
103177
103178
103179
103180
103181
103182
103183
103184
103185
103186
103187
103188
103189
103190
103191
103192
103193
103194
103195
103196
103197
103198
103199
103200
103201
103202
103203
103204
103205
103206
103207
103208
103209
103210
103211
103212
103213
103214
103215
103216
103217
103218
103219
103220
103221
103222
103223
103224
103225
103226
103227
103228
103229
103230
103231
103232
103233
103234
103235
103236
103237
103238
103239
103240
103241
103242
103243
103244
103245
103246
103247
103248
103249
103250
103251
103252
103253
103254
103255
103256
103257
103258
103259
103260
103261
103262
103263
103264
103265
103266
103267
103268
103269
103270
103271
103272
103273
103274
103275
103276
103277
103278
103279
103280
103281
103282
103283
103284
103285
103286
103287
103288
103289
103290
103291
103292
103293
103294
103295
103296
103297
103298
103299
103300
103301
103302
103303
103304
103305
103306
103307
103308
103309
103310
103311
103312
103313
103314
103315
103316
103317
103318
103319
103320
103321
103322
103323
103324
103325
103326
103327
103328
103329
103330
103331
103332
103333
103334
103335
103336
103337
103338
103339
103340
103341
103342
103343
103344
103345
103346
103347
103348
103349
103350
103351
103352
103353
103354
103355
103356
103357
103358
103359
103360
103361
103362
103363
103364
103365
103366
103367
103368
103369
103370
103371
103372
103373
103374
103375
103376
103377
103378
103379
103380
103381
103382
103383
103384
103385
103386
103387
103388
103389
103390
103391
103392
103393
103394
103395
103396
103397
103398
103399
103400
103401
103402
103403
103404
103405
103406
103407
103408
103409
103410
103411
103412
103413
103414
103415
103416
103417
103418
103419
103420
103421
103422
103423
103424
103425
103426
103427
103428
103429
103430
103431
103432
103433
103434
103435
103436
103437
103438
103439
103440
103441
103442
103443
103444
103445
103446
103447
103448
103449
103450
103451
103452
103453
103454
103455
103456
103457
103458
103459
103460
103461
103462
103463
103464
103465
103466
103467
103468
103469
103470
103471
103472
103473
103474
103475
103476
103477
103478
103479
103480
103481
103482
103483
103484
103485
103486
103487
103488
103489
103490
103491
103492
103493
103494
103495
103496
103497
103498
103499
103500
103501
103502
103503
103504
103505
103506
103507
103508
103509
103510
103511
103512
103513
103514
103515
103516
103517
103518
103519
103520
103521
103522
103523
103524
103525
103526
103527
103528
103529
103530
103531
103532
103533
103534
103535
103536
103537
103538
103539
103540
103541
103542
103543
103544
103545
103546
103547
103548
103549
103550
103551
103552
103553
103554
103555
103556
103557
103558
103559
103560
103561
103562
103563
103564
103565
103566
103567
103568
103569
103570
103571
103572
103573
103574
103575
103576
103577
103578
103579
103580
103581
103582
103583
103584
103585
103586
103587
103588
103589
103590
103591
103592
103593
103594
103595
103596
103597
103598
103599
103600
103601
103602
103603
103604
103605
103606
103607
103608
103609
103610
103611
103612
103613
103614
103615
103616
103617
103618
103619
103620
103621
103622
103623
103624
103625
103626
103627
103628
103629
103630
103631
103632
103633
103711
103712
103713
103714
103715
103716
103717
103718
103719
103720
103721
103722
103723
103724
103725
103726
103727
103728
103729
103730
103731
103732
103733
103734
103735
103736
103737
103738
103739
103740
103741
103742
103743
103744
103745
103746
103747
103748
103749
103750
103751
103752
103753
103754
103755
103756
103757
103758
103759
103760
103761
103762
103763
103764
103765
103766
103767
103768
103769
103770
103771
103772
103773
103774
103775
103776
103777
103778
103779
103780
103781
103782
103783
103784
103785
103786
103787
103788
103789
103790
103791
103792
103793
103794
103795
103796
103797
103798
103799
103800
103801
103802
103803
103804
103805
103806
103807
103808
103809
103810
103811
103812
103813
103814
103815
103816
103817
103818
103819
103820
103821
103822
103823
103824
103825
103826
103827
103828
103829
103830
103831
103832
103833
103834
103835
103836
103837
103838
103839
103840
103841
103842
103843
103844
103845
103846
103847
103848
103849
103850
103851
103852
103853
103854
103855
103856
103857
103858
103859
103860
103861
103862
103863
103864
103865
103866
103867
103868
103869
103870
103871
103872
103873
103874
103875
103876
103877
103878
103879
103880
103881
103882
103883
103884
103885
103952
103953
103954
103955
103956
103957
103958
103959
103960
103961
103962
103963
103964
103965
103966
103967
103968
103969
103970
103971
103972
103973
103974
103975
103976
103977
103978
103979
103980
103981
103982
103983
103984
103985
103986
103987
103988
103989
103990
103991
103992
103993
103994
103995
103996
103997
103998
103999
104000
104001
104002
104003
104004
104005
104006
104007
104008
104009
104010
104011
104012
104013
104014
104015
104016
104017
104018
104019
104020
104021
104022
104023
104024
104025
104026
104027
104028
104029
104030
104031
104032
104033
104034
104035
104036
104037
104038
104039
104040
104041
104042
104043
104044
104045
104046
104047
104048
104049
104050
104051
104052
104053
104054
104055
104056
104057
104058
104059
104060
104061
104062
104063
104064
104065
104066
104067
104068
104069
104070
104071
104072
104073
104074
104075
104076
104077
104078
104079
104080
104081
104082
104083
104084
104085
104086
104087
104088
104089
104090
104091
104092
104093
104094
104095
104096
104097
104098
104099
104100
104101
104102
104103
104104
104105
104106
104107
104108
104109
104110
104111
104112
104113
104114
104115
104116
104117
104118
104119
104120
104121
104122
104123
104124
104125
104126
104127
104128
104130
104131
104132
104133
104134
104135
104136
104137
104138
104139
104140
104141
104142
104143
104144
104145
104146
104147
104148
104149
104150
104151
104152
104153
104154
104155
104156
104157
104158
104159
104160
104161
104162
104163
104164
104165
104166
104167
104168
104169
104170
104171
104172
104173
104174
104175
104176
104177
104178
104179
104180
104181
104182
104183
104184
104185
104186
104187
104188
104189
104190
104191
104192
104193
104194
104195
104196
104197
104198
104199
104200
104201
104202
104203
104204
104205
104206
104207
104208
104209
104230
104231
104232
104233
104234
104235
104236
104237
104238
104239
104240
104241
104242
104243
104244
104245
104246
104247
104248
104249
104250
104251
104252
104253
104254
104255
104256
104257
104258
104259
104260
104261
104262
104263
104264
104265
104266
104267
104268
104269
104270
104271
104272
104273
104274
104275
104276
104277
104278
104279
104280
104281
104282
104283
104284
104285
104286
104287
104288
104289
104290
104291
104292
104293
104294
104295
104296
104297
104298
104299
104300
104301
104302
104303
104304
104305
104306
104307
104308
104309
104310
104311
104312
104313
104314
104315
104316
104317
104318
104319
104320
104321
104322
104323
104324
104325
104326
104327
104328
104329
104330
104331
104332
104333
104334
104335
104336
104337
104338
104339
104340
104341
104342
104343
104344
104345
104347
104348
104349
104350
104351
104352
104353
104354
104355
104356
104357
104358
104359
104360
104361
104362
104363
104364
104365
104366
104367
104368
104369
104370
104371
104372
104373
104374
104375
104376
104377
104378
104379
104380
104381
104382
104383
104384
104385
104386
104387
104388
104389
104390
104391
104392
104393
104394
104395
104396
104397
104398
104399
104400
104401
104402
104403
104468
104469
104470
104471
104472
104473
104474
104475
104476
104477
104478
104479
104480
104481
104482
104483
104484
104485
104486
104487
104488
104489
104490
104491
104492
104493
104494
104495
104496
104497
104498
104499
104500
104501
104502
104503
104504
104505
104506
104507
104508
104509
104510
104511
104512
104513
104514
104515
104516
104517
104518
104519
104520
104521
104522
104523
104524
104525
104526
104527
104528
104529
104530
104531
104532
104533
104534
104535
104536
104537
104538
104539
104540
104541
104542
104543
104544
104545
104546
104547
104548
104549
104550
104551
104552
104553
104554
104555
104556
104557
104558
104559
104560
104561
104562
104563
104564
104565
104566
104567
104568
104569
104570
104571
104572
104573
104574
104575
104576
104577
104578
104579
104580
104581
104582
104583
104584
104585
104586
104587
104588
104589
104590
104591
104592
104593
104594
104595
104596
104597
104598
104599
104600
104601
104602
104603
104604
104605
104606
104607
104608
104609
104610
104611
104612
104613
104614
104615
104616
104617
104618
104619
104620
104621
104622
104623
104624
104625
104626
104627
104628
104629
104630
104631
104632
104633
104634
104635
104636
104637
104638
104639
104640
104641
104642
104643
104644
104645
104646
104647
104648
104649
104650
104651
104652
104653
104654
104655
104656
104657
104658
104659
104660
104661
104662
104663
104664
104665
104666
104667
104668
104669
104670
104671
104672
104673
104674
104675
104676
104677
104678
104679
104680
104681
104682
104683
104684
104685
104686
104687
104688
104689
104690
104691
104692
104693
104694
104695
104696
104697
104698
104699
104700
104701
104702
104703
104704
104705
104706
104707
104708
104709
104710
104711
104712
104713
104714
104715
104716
104717
104718
104719
104720
104721
104722
104723
104724
104725
104726
104727
104728
104729
104730
104731
104732
104733
104734
104735
104736
104737
104738
104739
104740
104741
104742
104743
104744
104745
104746
104747
104748
104749
104750
104751
104752
104753
104754
104755
104756
104757
104758
104759
104760
104761
104762
104763
104764
104765
104766
104767
104768
104769
104770
104771
104772
104773
104774
104775
104776
104777
104778
104779
104780
104781
104782
104783
104784
104785
104786
104787
104788
104789
104790
104791
104792
104793
104794
104795
104796
104797
104798
104799
104800
104801
104802
104803
104804
104805
104806
104807
104808
104809
104810
104811
104812
104813
104814
104815
104816
104817
104818
104819
104820
104821
104822
104823
104824
104825
104826
104827
104828
104829
104830
104831
104832
104833
104834
104835
104836
104837
104838
104839
104840
104841
104842
104843
104844
104845
104846
104847
104848
104849
104850
104851
104852
104853
104854
104855
104856
104857
104858
104859
104860
104861
104862
104863
104864
104865
104866
104867
104868
104869
104870
104871
104872
104873
104874
104875
104876
104877
104878
104879
104880
104881
104882
104933
104934
104935
104936
104937
104938
104939
104940
104941
104942
104943
104944
104945
104946
104947
104948
104949
104950
104951
104952
104953
104954
104955
104956
104957
104958
104959
104960
104961
104962
104963
104964
104965
104966
104967
104968
104969
104970
104971
104972
104973
104974
104975
104976
104977
104978
104979
104980
104981
105042
105043
105044
105045
105046
105047
105048
105049
105050
105051
105052
105053
105054
105055
105056
105057
105058
105059
105060
105061
105062
105063
105064
105065
105066
105068
105069
105070
105071
105072
105073
105074
105075
105076
105077
105078
105079
105080
105081
105082
105083
105084
105085
105086
105087
105088
105089
105090
105091
105092
105093
105094
105095
105096
105097
105098
105099
105100
105101
105102
105103
105104
105105
105106
105107
105108
105109
105110
105111
105112
105113
105114
105115
105116
105117
105118
105119
105120
105121
105122
105123
105124
105125
105126
105127
105128
105129
105130
105131
105132
105133
105134
105135
105136
105137
105138
105139
105140
105141
105142
105143
105144
105145
105146
105147
105148
105149
105150
105151
105152
105153
105154
105155
105156
105157
105158
105178
105179
105180
105181
105182
105183
105184
105185
105186
105187
105188
105189
105190
105191
105192
105193
105194
105195
105196
105197
105198
105199
105200
105201
105202
105203
105204
105205
105206
105207
105208
105209
105210
105211
105212
105213
105214
105215
105216
105217
105218
105219
105220
105221
105222
105223
105224
105225
105226
105227
105228
105229
105230
105231
105232
105233
105234
105235
105236
105237
105238
105239
105240
105241
105242
105243
105244
105245
105246
105247
105248
105249
105250
105251
105252
105253
105254
105255
105256
105257
105258
105259
105260
105261
105262
105263
105264
105265
105266
105267
105268
105269
105270
105271
105272
105273
105274
105275
105276
105277
105278
105279
105280
105281
105282
105283
105284
105285
105286
105287
105288
105289
105290
105291
105292
105293
105294
105295
105296
105297
105298
105299
105300
105301
105302
105303
105304
105305
105306
105307
105308
105309
105310
105311
105312
105313
105314
105315
105316
105317
105318
105319
105320
105321
105322
105323
105324
105325
105326
105327
105328
105329
105330
105331
105332
105333
105334
105335
105336
105337
105338
105339
105340
105341
105342
105343
105344
105345
105346
105347
105348
105349
105350
105351
105352
105353
105354
105355
105356
105357
105358
105359
105360
105361
105362
105363
105364
105365
105366
105367
105368
105369
105370
105371
105372
105373
105374
105375
105376
105377
105378
105379
105380
105381
105382
105383
105384
105385
105386
105387
105388
105389
105390
105391
105392
105393
105394
105395
105396
105397
105398
105399
105400
105401
105402
105403
105404
105405
105406
105407
105408
105409
105410
105411
105412
105413
105414
105415
105416
105417
105418
105419
105420
105421
105422
105423
105424
105425
105426
105427
105428
105429
105430
105431
105432
105433
105434
105435
105436
105437
105438
105439
105440
105441
105442
105443
105444
105445
105446
105447
105448
105449
105450
105451
105452
105453
105454
105455
105461
105462
105463
105464
105465
105466
105467
105468
105469
105470
105471
105472
105473
105474
105475
105476
105477
105478
105479
105480
105481
105482
105483
105484
105485
105486
105487
105488
105489
105490
105491
105492
105493
105494
105495
105496
105497
105498
105499
105500
105501
105502
105503
105504
105505
105506
105507
105508
105509
105510
105511
105512
105513
105514
105515
105516
105517
105518
105519
105520
105521
105522
105523
105524
105525
105526
105527
105528
105529
105530
105531
105532
105533
105534
105535
105536
105537
105538
105539
105540
105541
105542
105543
105544
105545
105546
105547
105548
105549
105550
105551
105552
105553
105554
105555
105556
105557
105558
105559
105560
105561
105562
105563
105564
105565
105566
105567
105568
105569
105570
105571
105572
105573
105574
105575
105576
105577
105578
105579
105580
105581
105582
105583
105584
105585
105586
105587
105588
105589
105590
105591
105592
105593
105594
105595
105596
105597
105598
105599
105600
105601
105602
105603
105604
105605
105606
105607
105608
105609
105610
105611
105612
105613
105614
105615
105616
105617
105618
105619
105620
105621
105622
105623
105624
105625
105626
105627
105628
105629
105630
105631
105632
105633
105634
105635
105636
105637
105638
105639
105640
105641
105642
105643
105644
105645
105646
105647
105648
105649
105650
105651
105652
105683
105684
105685
105686
105687
105688
105689
105690
105691
105692
105693
105694
105695
105696
105697
105698
105699
105700
105701
105702
105703
105704
105706
105707
105708
105709
105710
105711
105712
105713
105714
105715
105716
105718
105719
105720
105721
105722
105723
105724
105725
105726
105727
105728
105729
105730
105731
105732
105733
105734
105735
105736
105737
105738
105739
105740
105741
105742
105743
105744
105745
105746
105747
105748
105749
105750
105751
105752
105753
105754
105755
105756
105757
105758
105759
105760
105761
105762
105763
105764
105765
105766
105767
105768
105769
105770
105771
105772
105773
105774
105775
105776
105777
105778
105779
105780
105781
105782
105783
105784
105785
105786
105787
105788
105789
105790
105791
105792
105793
105794
105795
105796
105797
105798
105799
105800
105801
105802
105803
105804
105805
105806
105807
105808
105809
105810
105811
105812
105813
105814
105815
105816
105817
105818
105819
105820
105821
105822
105823
105824
105825
105826
105827
105828
105829
105830
105831
105832
105833
105834
105835
105836
105837
105838
105839
105840
105841
105842
105843
105844
105845
105846
105847
105848
105849
105850
105851
105852
105853
105854
105855
105856
105857
105858
105859
105860
105861
105862
105863
105864
105865
105866
105867
105868
105869
105870
105871
105872
105873
105874
105875
105876
105877
105878
105879
105880
105881
105882
105883
105884
105885
105886
105887
105888
105889
105890
105891
105892
105893
105894
105895
105896
105897
105898
105899
105900
105901
105902
105903
105904
105905
105906
105907
105908
105910
105911
105912
105913
105914
105915
105916
105917
105918
105919
105920
105921
105922
105923
105924
105925
105926
105927
105928
105929
105930
105931
105932
105933
105934
105935
105936
105937
105938
105939
105940
105941
105942
105943
105944
105945
105946
105947
105948
105949
105950
105951
105952
105953
105954
105955
105956
105957
105958
105959
105960
105961
105962
105963
105964
105965
105966
105967
105968
105969
105970
105971
105972
105973
105974
105975
105976
105977
105978
105979
105980
105981
105982
105983
105984
105985
105986
105987
105988
105989
105990
105991
105992
105993
105994
105995
105996
105997
105998
105999
106000
106001
106002
106003
106004
106005
106006
106007
106008
106009
106010
106011
106012
106013
106014
106015
106016
106017
106018
106019
106020
106021
106022
106023
106024
106025
106026
106027
106028
106029
106030
106031
106032
106033
106034
106035
106036
106037
106038
106039
106040
106041
106042
106043
106044
106045
106046
106047
106048
106049
106050
106051
106052
106053
106080
106081
106082
106083
106084
106085
106086
106087
106088
106089
106090
106091
106092
106093
106094
106095
106096
106097
106098
106099
106100
106101
106102
106103
106104
106105
106106
106107
106108
106109
106110
106111
106112
106113
106114
106115
106116
106117
106118
106119
106120
106121
106122
106123
106124
106125
106126
106127
106128
106129
106130
106131
106132
106133
106134
106135
106136
106137
106138
106139
106140
106141
106142
106143
106144
106145
106146
106147
106148
106149
106150
106151
106152
106153
106154
106155
106156
106157
106158
106159
106160
106161
106162
106163
106164
106165
106166
106167
106168
106169
106170
106171
106172
106173
106174
106175
106176
106177
106178
106179
106180
106181
106182
106183
106184
106185
106186
106187
106188
106189
106190
106191
106192
106193
106194
106195
106196
106197
106198
106219
106220
106221
106222
106223
106224
106225
106226
106227
106228
106229
106230
106231
106232
106233
106234
106235
106236
106237
106238
106239
106240
106241
106242
106243
106244
106245
106246
106248
106249
106250
106251
106252
106253
106254
106255
106256
106257
106258
106259
106260
106261
106262
106263
106264
106265
106266
106267
106268
106269
106270
106271
106272
106273
106274
106275
106276
106277
106278
106279
106280
106281
106282
106283
106284
106285
106286
106287
106288
106289
106290
106291
106292
106293
106294
106295
106296
106297
106298
106299
106300
106301
106302
106303
106304
106305
106306
106307
106308
106309
106310
106311
106312
106313
106314
106315
106316
106317
106318
106319
106320
106321
106322
106323
106324
106325
106326
106327
106328
106329
106330
106331
106332
106333
106334
106335
106336
106337
106338
106339
106340
106341
106342
106343
106344
106345
106346
106347
106348
106349
106350
106351
106352
106353
106354
106355
106356
106357
106358
106359
106360
106361
106362
106363
106364
106365
106366
106367
106368
106369
106370
106371
106372
106373
106374
106375
106376
106377
106379
106380
106381
106382
106383
106384
106385
106386
106387
106388
106389
106390
106391
106392
106393
106394
106395
106396
106397
106398
106399
106400
106401
106402
106403
106404
106405
106406
106407
106408
106409
106410
106411
106412
106413
106414
106415
106416
106417
106418
106419
106441
106442
106443
106444
106445
106446
106447
106448
106449
106450
106451
106452
106453
106454
106455
106456
106457
106458
106459
106460
106461
106462
106463
106464
106465
106466
106467
106468
106469
106470
106471
106472
106473
106474
106475
106476
106477
106478
106479
106480
106481
106482
106483
106484
106485
106486
106487
106488
106489
106490
106491
106492
106493
106494
106495
106496
106497
106498
106499
106500
106501
106502
106503
106504
106505
106506
106507
106508
106509
106510
106511
106512
106513
106514
106515
106516
106517
106518
106519
106520
106521
106522
106523
106524
106525
106526
106527
106528
106529
106530
106531
106532
106533
106534
106535
106536
106537
106538
106539
106540
106541
106542
106543
106544
106545
106546
106547
106548
106549
106550
106551
106552
106553
106554
106555
106556
106557
106558
106559
106560
106561
106562
106563
106564
106565
106566
106567
106568
106569
106570
106571
106572
106573
106574
106575
106576
106577
106578
106579
106580
106581
106582
106583
106584
106585
106586
106587
106588
106589
106590
106591
106592
106593
106594
106595
106596
106597
106598
106599
106600
106601
106602
106603
106604
106605
106606
106607
106608
106609
106610
106611
106612
106613
106614
106615
106616
106617
106618
106619
106620
106621
106622
106623
106624
106625
106626
106656
106657
106658
106659
106660
106661
106662
106663
106664
106665
106666
106667
106668
106669
106670
106671
106672
106673
106674
106675
106676
106677
106678
106679
106680
106681
106682
106683
106684
106685
106686
106687
106688
106689
106690
106691
106692
106693
106694
106695
106696
106697
106698
106699
106700
106701
106702
106703
106704
106705
106706
106707
106708
106709
106710
106711
106712
106713
106714
106715
106716
106717
106718
106719
106720
106721
106722
106723
106724
106725
106726
106727
106728
106729
106730
106731
106732
106733
106734
106735
106769
106770
106771
106772
106773
106774
106775
106776
106777
106778
106779
106780
106781
106782
106783
106784
106785
106786
106787
106788
106789
106790
106791
106792
106793
106794
106795
106796
106797
106798
106799
106800
106801
106802
106803
106804
106805
106806
106807
106808
106809
106810
106811
106812
106813
106814
106815
106816
106817
106818
106819
106820
106821
106822
106823
106824
106825
106826
106827
106828
106829
106830
106831
106832
106833
106834
106835
106836
106837
106838
106839
106840
106841
106842
106843
106844
106845
106846
106847
106848
106849
106850
106851
106852
106853
106854
106855
106856
106857
106858
106859
106860
106861
106862
106863
106864
106865
106866
106867
106868
106869
106870
106871
106872
106873
106874
106875
106876
106877
106878
106879
106880
106881
106882
106883
106884
106885
106886
106887
106888
106889
106890
106891
106892
106893
106894
106895
106896
106897
106898
106899
106900
106901
106902
106903
106904
106905
106906
106907
106908
106909
106910
106911
106912
106913
106914
106915
106916
106917
106918
106919
106920
106921
106922
106923
106924
106925
106926
106927
106928
106929
106930
106931
106932
106933
106934
106935
106936
106937
106938
106939
106940
106941
106942
106943
106944
106945
106946
106947
106948
106949
106950
106951
106952
106953
106954
106955
106956
106957
106958
106959
106960
106961
106962
106963
106964
106965
106966
106967
106968
106969
106970
106971
106972
106973
106974
106975
106976
106977
106978
106979
106980
106981
106982
106983
106984
106985
106986
106987
106988
106989
106990
106991
106992
106993
106994
106995
106996
106997
106998
106999
107000
107001
107002
107003
107004
107005
107081
107082
107083
107084
107085
107086
107087
107088
107089
107090
107091
107092
107093
107094
107095
107096
107097
107098
107099
107100
107101
107102
107103
107104
107105
107106
107107
107108
107109
107110
107111
107112
107113
107114
107115
107116
107117
107118
107119
107120
107121
107122
107123
107124
107125
107126
107127
107128
107129
107130
107131
107132
107133
107134
107135
107136
107137
107138
107139
107140
107141
107142
107143
107144
107145
107146
107147
107148
107149
107150
107151
107152
107153
107154
107155
107156
107157
107158
107159
107160
107161
107162
107163
107164
107165
107166
107167
107168
107169
107170
107171
107172
107173
107174
107175
107176
107177
107178
107179
107180
107181
107182
107183
107184
107185
107186
107187
107188
107189
107190
107191
107192
107193
107194
107195
107196
107197
107198
107199
107200
107201
107202
107203
107204
107205
107206
107207
107208
107209
107210
107211
107212
107213
107214
107215
107216
107217
107218
107219
107220
107221
107222
107223
107224
107225
107226
107227
107228
107229
107230
107231
107232
107233
107234
107235
107236
107237
107238
107239
107240
107241
107242
107243
107244
107245
107246
107247
107248
107249
107250
107251
107252
107253
107254
107255
107256
107257
107258
107259
107260
107261
107262
107263
107264
107265
107266
107267
107268
107269
107270
107271
107272
107273
107274
107275
107276
107277
107278
107279
107280
107281
107282
107283
107284
107285
107286
107287
107288
107289
107290
107291
107292
107293
107294
107295
107296
107297
107298
107299
107300
107301
107302
107303
107304
107305
107306
107307
107308
107309
107310
107311
107312
107313
107314
107315
107316
107317
107318
107319
107320
107321
107322
107323
107324
107325
107326
107327
107328
107329
107330
107331
107332
107333
107334
107335
107336
107337
107338
107339
107340
107341
107342
107343
107344
107345
107346
107347
107348
107349
107350
107351
107352
107353
107354
107355
107356
107357
107358
107359
107360
107361
107362
107363
107364
107365
107366
107367
107368
107369
107370
107371
107372
107373
107374
107375
107376
107377
107378
107379
107380
107381
107382
107383
107384
107385
107386
107387
107388
107389
107390
107391
107392
107393
107394
107395
107396
107397
107398
107399
107400
107401
107402
107403
107404
107405
107406
107407
107408
107409
107410
107411
107412
107413
107414
107415
107416
107417
107418
107419
107420
107421
107422
107423
107424
107425
107426
107427
107428
107429
107430
107431
107432
107433
107434
107435
107436
107437
107438
107439
107440
107441
107442
107443
107444
107445
107446
107447
107448
107449
107450
107451
107452
107453
107454
107455
107456
107457
107458
107459
107460
107461
107462
107463
107464
107465
107466
107467
107468
107469
107470
107471
107472
107473
107474
107475
107476
107477
107478
107479
107480
107481
107482
107483
107484
107485
107486
107487
107488
107489
107490
107491
107492
107493
107494
107495
107496
107497
107498
107499
107500
107501
107502
107503
107504
107505
107506
107507
107508
107509
107510
107511
107512
107513
107514
107515
107516
107517
107518
107519
107520
107521
107522
107523
107524
107525
107526
107527
107528
107529
107530
107531
107532
107533
107534
107535
107536
107537
107538
107539
107540
107541
107542
107543
107544
107545
107546
107547
107548
107549
107550
107551
107552
107553
107554
107555
107556
107557
107558
107559
107560
107561
107562
107563
107564
107565
107566
107567
107568
107569
107570
107571
107572
107573
107574
107575
107576
107577
107578
107579
107580
107581
107582
107583
107584
107585
107586
107587
107588
107589
107590
107591
107592
107593
107594
107595
107596
107597
107598
107599
107600
107601
107602
107603
107604
107605
107606
107607
107608
107609
107610
107611
107612
107613
107614
107615
107616
107617
107618
107619
107620
107621
107622
107623
107624
107625
107626
107627
107628
107629
107630
107631
107632
107633
107634
107635
107636
107637
107638
107639
107640
107641
107642
107643
107644
107645
107646
107647
107648
107649
107650
107651
107652
107653
107654
107655
107656
107657
107658
107659
107660
107661
107662
107663
107664
107665
107666
107667
107668
107669
107670
107671
107672
107673
107674
107675
107676
107677
107678
107679
107680
107681
107682
107683
107684
107685
107686
107687
107688
107689
107690
107691
107692
107693
107694
107695
107696
107697
107698
107699
107700
107701
107702
107703
107704
107705
107706
107707
107708
107709
107710
107711
107712
107713
107714
107715
107716
107717
107718
107719
107720
107721
107722
107723
107724
107725
107726
107727
107728
107729
107730
107731
107732
107733
107734
107735
107736
107737
107738
107739
107740
107741
107742
107743
107744
107745
107746
107747
107748
107749
107750
107751
107752
107753
107754
107755
107756
107757
107758
107759
107760
107761
107762
107763
107764
107765
107766
107767
107768
107769
107770
107771
107772
107773
107774
107775
107776
107777
107778
107779
107780
107781
107782
107783
107784
107785
107786
107787
107788
107789
107790
107791
107792
107793
107794
107795
107796
107797
107798
107799
107800
107801
107802
107803
107804
107805
107806
107807
107808
107809
107810
107811
107812
107813
107814
107815
107816
107817
107818
107819
107820
107821
107822
107823
107824
107825
107826
107827
107828
107829
107830
107831
107832
107833
107834
107835
107836
107837
107838
107839
107840
107841
107842
107843
107844
107845
107846
107847
107848
107849
107850
107851
107852
107853
107854
107855
107856
107857
107858
107859
107860
107861
107862
107863
107864
107865
107866
107867
107868
107869
107870
107871
107872
107873
107874
107875
107876
107877
107878
107879
107880
107881
107882
107883
107884
107885
107886
107887
107888
107889
107890
107891
107892
107893
107894
107895
107896
107897
107898
107899
107900
107901
107902
107903
107904
107905
107906
107907
107908
107909
107910
107911
107912
107913
107914
107915
107916
107917
107918
107919
107920
107921
107922
107923
107924
107925
107926
107927
107928
107929
107930
107931
107932
107933
107934
107935
107936
107937
107938
107939
107940
107941
107942
107943
107944
107945
107946
107947
107948
107949
107950
107951
107952
107953
107954
107955
107956
107957
107958
107959
107960
107961
107962
107963
107964
107965
107966
107967
107968
107969
107970
107971
107972
107973
107974
107975
107976
107977
107978
107979
107980
107981
107982
107983
107984
107985
107986
107987
107988
107989
107990
107991
107992
107993
107994
107995
107996
107997
107998
107999
108000
108001
108002
108003
108004
108005
108006
108007
108008
108009
108010
108011
108012
108013
108014
108015
108016
108017
108018
108019
108020
108021
108022
108023
108024
108025
108026
108027
108028
108029
108030
108031
108032
108033
108034
108035
108036
108037
108038
108039
108040
108041
108042
108043
108044
108045
108046
108047
108048
108049
108050
108051
108052
108053
108054
108055
108056
108057
108058
108059
108060
108061
108062
108063
108064
108065
108066
108067
108068
108069
108070
108071
108072
108073
108074
108075
108076
108077
108078
108079
108080
108081
108082
108083
108084
108085
108086
108087
108088
108089
108090
108091
108092
108093
108094
108095
108096
108097
108098
108099
108100
108101
108102
108103
108104
108105
108106
108107
108108
108109
108110
108111
108112
108113
108114
108115
108116
108117
108118
108119
108120
108121
108122
108123
108124
108125
108126
108127
108128
108129
108130
108131
108132
108133
108134
108135
108136
108137
108138
108139
108140
108141
108142
108143
108144
108145
108146
108147
108148
108149
108150
108151
108152
108153
108154
108155
108156
108157
108158
108159
108160
108161
108162
108163
108164
108165
108166
108167
108168
108169
108170
108171
108172
108173
108174
108175
108176
108177
108178
108179
108180
108181
108182
108183
108184
108185
108186
108187
108188
108189
108190
108191
108192
108193
108194
108195
108196
108197
108198
108199
108200
108201
108202
108203
108204
108205
108206
108207
108208
108209
108210
108211
108212
108213
108214
108215
108216
108217
108218
108219
108220
108221
108222
108223
108224
108225
108226
108227
108228
108229
108230
108231
108232
108233
108234
108235
108236
108237
108238
108239
108240
108241
108242
108243
108244
108245
108246
108247
108248
108249
108250
108251
108252
108253
108254
108255
108256
108257
108258
108259
108260
108261
108262
108263
108264
108265
108266
108267
108268
108269
108270
108271
108272
108273
108274
108275
108276
108277
108278
108279
108280
108281
108282
108283
108284
108285
108286
108287
108288
108289
108290
108291
108292
108293
108294
108295
108296
108297
108298
108299
108300
108301
108302
108303
108304
108305
108306
108307
108308
108309
108310
108311
108312
108313
108314
108315
108316
108317
108318
108319
108320
108321
108322
108323
108324
108325
108326
108327
108328
108329
108330
108331
108332
108333
108334
108335
108336
108337
108338
108339
108340
108341
108342
108343
108344
108345
108636
108637
108638
108639
108640
108641
108642
108643
108644
108645
108646
108647
108648
108649
108650
108651
108652
108653
108654
108655
108656
108657
108658
108659
108660
108661
108662
108663
108664
108665
108666
108667
108668
108669
108670
108671
108672
108673
108674
108675
108676
108677
108678
108679
108680
108681
108682
108683
108684
108685
108686
108687
108688
108689
108690
108691
108692
108693
108694
108695
108696
108697
108698
108699
108700
108701
108702
108703
108704
108705
108706
108707
108708
108709
108710
108711
108712
108713
108714
108715
108716
108717
108718
108719
108720
108721
108722
108723
108724
108725
108726
108727
108728
108729
108730
108731
108732
108733
108734
108735
108736
108737
108738
108739
108740
108741
108742
108743
108744
108745
108746
108747
108748
108749
108750
108751
108752
108753
108754
108755
108756
108757
108758
108759
108760
108761
108762
108763
108764
108765
108766
108767
108768
108769
108770
108771
108772
108773
108774
108775
108776
108777
108778
108779
108780
108781
108782
108783
108784
108785
108786
108787
108788
108789
108790
108791
108792
108793
108794
108795
108796
108797
108798
108799
108800
108801
108802
108803
108804
108805
108806
108807
108808
108809
108810
108811
108812
108813
108814
108815
108816
108817
108818
108819
108820
108821
108822
108823
108824
108825
108826
108827
108828
108829
108830
108831
108832
108833
108834
108835
108836
108837
108838
108839
108840
108841
108842
108843
108844
108845
108846
108847
108848
108849
108850
108851
108852
108853
108854
108855
108856
108857
108858
108859
108860
108861
108862
108863
108864
108865
108866
108867
108868
108869
108870
108871
108872
108873
108874
108875
108876
108877
108878
108879
108880
108881
108882
108883
108884
108885
108886
108887
108888
108889
108890
108891
108892
108893
108894
108895
108896
108897
108898
108899
108900
108901
108902
108903
108904
108905
108906
108907
108908
108909
108910
108911
108912
108913
108914
108915
108916
108917
108918
108919
108920
108921
108922
108923
108924
108925
108926
108927
108928
108929
108930
108931
108932
108933
108934
108935
108936
108937
108938
108939
108940
108941
108942
108943
108944
108945
108946
108947
108948
108949
108950
108951
108952
108953
108954
108955
108956
108957
108958
108959
108960
108961
108962
108963
108964
108965
108966
108967
108968
108969
108970
108971
108972
108973
108974
108975
108976
108977
108978
108979
108980
108981
108982
108983
108984
108985
108986
108987
108988
108989
108990
108991
108992
108993
108994
108995
108996
108997
108998
108999
109000
109001
109002
109003
109004
109005
109006
109007
109008
109009
109010
109011
109012
109013
109014
109015
109016
109017
109018
109019
109020
109021
109022
109023
109024
109025
109026
109027
109028
109029
109030
109031
109032
109033
109034
109035
109036
109037
109038
109039
109040
109041
109042
109043
109044
109045
109046
109047
109048
109049
109050
109051
109052
109053
109054
109055
109056
109057
109058
109059
109060
109061
109062
109063
109064
109065
109066
109067
109068
109069
109070
109071
109072
109073
109074
109075
109076
109077
109078
109079
109080
109081
109082
109083
109084
109085
109086
109087
109088
109089
109090
109091
109092
109093
109094
109095
109096
109097
109098
109099
109100
109101
109102
109103
109104
109105
109106
109107
109108
109109
109110
109111
109112
109113
109114
109115
109116
109117
109118
109119
109120
109121
109122
109123
109124
109125
109126
109127
109128
109129
109130
109131
109132
109133
109134
109135
109136
109137
109138
109139
109140
109141
109142
109143
109144
109145
109146
109147
109148
109149
109150
109151
109152
109153
109154
109155
109156
109157
109158
109159
109160
109161
109162
109163
109164
109165
109166
109167
109168
109169
109170
109171
109172
109173
109174
109175
109176
109177
109178
109191
109192
109193
109194
109195
109196
109197
109198
109199
109200
109201
109202
109203
109204
109205
109206
109207
109208
109209
109210
109211
109212
109213
109214
109215
109216
109217
109218
109219
109220
109221
109222
109223
109224
109225
109226
109227
109228
109229
109230
109231
109232
109233
109422
109423
109424
109425
109426
109427
109428
109429
109430
109431
109432
109433
109434
109435
109436
109437
109438
109439
109440
109441
109442
109443
109444
109445
109446
109447
109448
109449
109450
109451
109452
109453
109454
109455
109456
109457
109458
109459
109460
109461
109462
109463
109464
109465
109466
109467
109468
109469
109470
109471
109472
109473
109474
109475
109476
109477
109478
109479
109480
109481
109482
109483
109484
109485
109486
109487
109488
109489
109490
109491
109492
109493
109494
109495
109496
109497
109498
109499
109500
109501
109502
109503
109504
109505
109506
109507
109508
109509
109510
109511
109512
109513
109514
109515
109516
109517
109518
109519
109520
109521
109522
109523
109524
109525
109526
109527
109528
109529
109530
109531
109532
109533
109534
109535
109536
109537
109538
109539
109540
109541
109542
109543
109544
109545
109546
109547
109548
109549
109550
109551
109552
109553
109554
109555
109556
109557
109558
109559
109560
109561
109562
109563
109564
109565
109566
109567
109568
109569
109570
109571
109572
109573
109574
109575
109576
109577
109578
109579
109580
109581
109582
109583
109584
109585
109586
109587
109588
109589
109590
109591
109592
109593
109594
109595
109596
109597
109598
109599
109600
109601
109602
109603
109604
109605
109606
109607
109608
109609
109610
109611
109612
109613
109614
109615
109616
109617
109618
109619
109620
109621
109622
109623
109624
109625
109626
109627
109628
109629
109630
109631
109632
109633
109634
109635
109636
109637
109638
109639
109640
109641
109642
109643
109644
109645
109646
109647
109648
109649
109650
109651
109652
109653
109654
109655
109656
109657
109658
109659
109660
109661
109662
109663
109664
109665
109666
109667
109668
109669
109670
109671
109672
109673
109674
109675
109676
109677
109678
109679
109680
109681
109682
109683
109684
109685
109686
109687
109688
109689
109690
109691
109692
109693
109694
109695
109696
109697
109698
109699
109700
109701
109702
109703
109704
109882
109883
109884
109885
109886
109887
109888
109889
109890
109891
109892
109893
109894
109895
109896
109897
109898
109899
109900
109901
109902
109903
109904
109905
109906
109907
109908
109909
109910
109911
109912
109913
109914
109915
109916
109917
109918
109919
109920
109921
109922
109923
109924
109925
109926
109927
109928
109929
109930
109931
109932
109933
109934
109935
109936
109937
109938
109939
109940
109941
109942
109943
109944
109945
109946
109947
109948
109949
109950
109951
109952
109953
109954
109955
109956
109957
109958
109959
109960
109961
109962
109963
109964
109965
109966
109967
109968
109969
109970
109972
109973
109974
109975
109976
109977
109978
109979
109980
109981
109982
109983
109984
109985
109986
109987
109988
109989
109990
109991
109992
109993
109994
109995
109996
109997
109998
109999
110000
110001
110002
110003
110004
110005
110006
110007
110008
110009
110010
110011
110012
110013
110014
110015
110016
110017
110018
110019
110020
110021
110022
110023
110024
110025
110026
110027
110028
110029
110030
110031
110032
110033
110034
110035
110036
110037
110038
110039
110040
110041
110042
110043
110044
110045
110046
110047
110048
110049
110050
110051
110052
110053
110054
110055
110056
110172
110173
110174
110175
110176
110177
110178
110179
110180
110181
110182
110183
110184
110185
110186
110187
110188
110189
110190
110191
110192
110193
110194
110195
110196
110197
110198
110199
110200
110201
110202
110203
110204
110205
110206
110207
110208
110209
110210
110211
110212
110213
110214
110215
110216
110217
110218
110219
110220
110221
110222
110223
110224
110225
110226
110227
110228
110229
110230
110231
110232
110233
110234
110235
110236
110237
110238
110239
110240
110241
110242
110243
110244
110245
110246
110247
110248
110249
110250
110251
110252
110253
110254
110255
110256
110257
110258
110259
110260
110261
110262
110263
110264
110265
110266
110267
110268
110269
110270
110271
110272
110273
110274
110275
110276
110277
110278
110279
110280
110281
110282
110283
110284
110285
110286
110287
110288
110289
110290
110291
110292
110293
110294
110295
110296
110436
110437
110438
110439
110440
110441
110442
110443
110444
110445
110446
110447
110448
110449
110450
110451
110452
110453
110454
110455
110456
110457
110458
110459
110460
110461
110462
110463
110464
110465
110466
110467
110468
110469
110470
110471
110472
110473
110474
110475
110476
110477
110478
110479
110480
110481
110482
110483
110484
110485
110486
110487
110488
110489
110490
110491
110492
110493
110494
110495
110496
110497
110498
110499
110500
110501
110502
110503
110504
110505
110506
110507
110508
110509
110510
110511
110512
110513
110514
110515
110516
110517
110518
110519
110520
110521
110522
110523
110524
110525
110526
110527
110528
110529
110530
110531
110532
110533
110534
110535
110536
110537
110538
110539
110540
110541
110542
110543
110544
110545
110546
110547
110548
110549
110550
110551
110552
110553
110554
110555
110556
110557
110558
110559
110560
110561
110562
110563
110564
110565
110566
110567
110748
110749
110750
110751
110752
110753
110754
110755
110756
110757
110758
110759
110760
110761
110762
110763
110764
110765
110766
110767
110768
110769
110770
110771
110772
110773
110774
110775
110776
110777
110778
110779
110780
110781
110782
110783
110784
110785
110786
110787
110788
110789
110790
110791
110792
110793
110794
110795
110796
110797
110798
110799
110800
110801
110802
110803
110804
110805
110806
110807
110808
110809
110810
110811
110812
110813
110814
110815
110816
110817
110818
110819
110820
110821
110822
110823
110824
110825
110826
110827
110828
110829
110830
110831
110832
110833
110834
110835
110836
110837
110838
110839
110840
110841
110842
110843
110844
110845
110846
110847
110848
110849
110850
110851
110852
110853
110854
110855
110856
110857
110858
110859
110860
110861
110862
110863
110864
110865
110866
110867
110868
110869
110870
110871
110872
110873
110874
110875
110876
110877
110878
110879
110880
110881
110882
110883
110884
110885
110886
110887
110888
110889
110890
110891
110892
110893
110894
110895
110896
110897
110898
110899
110900
110901
110902
110903
110904
110905
110906
110907
110908
110909
110910
110911
110912
110913
110914
110915
110916
110917
110918
110919
110920
110921
110922
110923
110924
110925
110926
110927
110928
110929
110930
110931
110932
110933
110934
110935
110936
110937
110938
110939
110940
110941
110942
110943
110944
110945
110946
110947
110948
110949
110950
110951
110952
110953
110954
110955
110956
110957
110958
110959
110960
110961
110962
110963
110964
110965
110966
110967
110968
110969
110970
110971
110972
110973
110974
110975
110976
110977
110978
110979
110980
110981
110982
110983
110984
110985
110986
110987
110988
110989
110990
110991
110992
110993
110994
110995
110996
110997
110998
110999
111000
111001
111002
111003
111004
111005
111006
111007
111008
111009
111010
111011
111012
111013
111014
111015
111016
111017
111018
111019
111020
111021
111022
111023
111024
111025
111026
111027
111028
111029
111030
111031
111032
111033
111034
111035
111036
111037
111038
111039
111040
111041
111042
111043
111044
111045
111046
111047
111048
111049
111050
111051
111052
111053
111054
111055
111056
111057
111058
111059
111060
111061
111062
111063
111064
111065
111066
111067
111068
111069
111070
111071
111072
111073
111074
111075
111076
111077
111078
111079
111080
111081
111082
111083
111084
111085
111086
111087
111088
111089
111090
111091
111092
111093
111094
111095
111096
111097
111098
111099
111100
111101
111102
111103
111104
111105
111106
111107
111108
111109
111110
111111
111112
111113
111114
111116
111117
111118
111119
111120
111121
111122
111123
111124
111125
111126
111127
111128
111129
111130
111131
111132
111133
111134
111135
111136
111137
111138
111139
111140
111141
111142
111143
111144
111145
111146
111147
111359
111360
111361
111362
111363
111364
111365
111366
111367
111368
111369
111370
111371
111372
111373
111374
111375
111376
111377
111378
111379
111380
111381
111382
111383
111384
111385
111386
111387
111388
111389
111390
111391
111392
111393
111394
111395
111396
111397
111398
111399
111400
111401
111402
111403
111404
111405
111406
111407
111408
111409
111410
111411
111412
111413
111414
111415
111416
111417
111418
111420
111421
111424
111425
111426
111427
111428
111429
111430
111431
111432
111433
111434
111435
111436
111437
111438
111439
111440
111441
111442
111443
111444
111445
111446
111447
111448
111449
111450
111451
111452
111453
111454
111455
111456
111457
111458
111459
111460
111461
111462
111463
111464
111465
111466
111467
111468
111469
111470
111471
111472
111473
111474
111475
111476
111477
111478
111479
111480
111481
111482
111483
111484
111485
111486
111487
111488
111489
111490
111491
111492
111493
111494
111495
111496
111497
111498
111499
111500
111501
111502
111503
111504
111505
111506
111507
111508
111509
111510
111511
111512
111513
111514
111515
111516
111517
111518
111519
111520
111521
111522
111523
111524
111525
111526
111527
111528
111529
111530
111531
111532
111533
111534
111535
111536
111537
111538
111539
111540
111541
111542
111543
111544
111545
111546
111547
111548
111549
111550
111551
111552
111553
111554
111555
111556
111557
111558
111559
111560
111561
111562
111563
111564
111565
111645
111646
111647
111648
111649
111650
111651
111652
111653
111654
111655
111656
111657
111658
111659
111660
111661
111662
111663
111664
111665
111666
111667
111668
111669
111670
111671
111672
111673
111674
111675
111676
111677
111678
111679
111680
111681
111682
111683
111684
111685
111686
111687
111688
111689
111690
111691
111692
111693
111694
111695
111696
111697
111698
111699
111700
111701
111702
111703
111704
111705
111706
111707
111708
111709
111710
111711
111712
111713
111714
111715
111716
111717
111718
111719
111720
111721
111722
111723
111724
111725
111726
111727
111728
111729
111730
111731
111732
111733
111734
111735
111736
111737
111738
111739
111740
111741
111742
111743
111744
111745
111746
111747
111748
111749
111750
111751
111752
111753
111754
111755
111756
111757
111758
111759
111760
111761
111762
111763
111764
111765
111766
111767
111768
111769
111770
111771
111772
111773
111774
111775
111776
111777
111778
111779
111780
111781
111782
111783
111784
111785
111786
111787
111788
111789
111790
111791
111792
111793
111794
111795
111796
111797
111798
111799
111800
111801
111802
111803
111804
111805
111806
111807
111808
111809
111810
111811
111812
111813
111814
111815
111816
111817
111818
111819
111820
111821
111822
111823
111824
111825
111826
111827
111828
111829
111888
111889
111890
111891
111892
111893
111894
111895
111896
111897
111898
111899
111900
111901
111902
111903
111904
111905
111906
111907
111908
111909
111910
111911
111912
111913
111914
111915
111916
111917
111918
111919
111920
111921
111922
111923
111924
111925
111926
111927
111928
111929
111930
111931
111932
111933
111934
111935
111936
111937
111938
111939
111940
111941
111942
111943
111944
111945
111946
111947
111948
111949
111950
111951
111952
111953
111954
111955
111956
111957
111958
111959
111960
111961
111962
111963
111964
111965
111966
111967
111968
111969
111970
111971
111972
111973
111974
111975
111976
111977
111978
111979
111980
111981
111982
111983
111984
111985
111986
111987
111988
111989
111990
111991
111992
111993
111994
111995
111996
111997
111998
111999
112000
112001
112002
112003
112004
112005
112006
112007
112008
112009
112010
112011
112012
112013
112014
112015
112016
112017
112018
112019
112020
112021
112022
112023
112024
112025
112026
112027
112028
112029
112030
112031
112032
112033
112034
112035
112036
112037
112038
112039
112040
112041
112042
112043
112044
112045
112046
112047
112048
112049
112050
112051
112052
112053
112054
112055
112056
112057
112058
112059
112060
112061
112062
112063
112064
112065
112066
112067
112068
112069
112070
112071
112072
112073
112074
112075
112076
112077
112078
112079
112080
112081
112082
112083
112084
112085
112086
112087
112088
112089
112090
112091
112092
112093
112094
112095
112096
112097
112098
112099
112100
112101
112102
112103
112104
112105
112106
112107
112108
112109
112110
112111
112112
112113
112114
112115
112116
112117
112118
112119
112120
112121
112122
112123
112124
112125
112126
112127
112128
112129
112130
112131
112132
112133
112134
112135
112136
112137
112138
112139
112140
112141
112142
112143
112144
112145
112146
112147
112148
112149
112150
112151
112152
112153
112154
112155
112156
112157
112158
112159
112160
112161
112162
112163
112164
112165
112166
112167
112168
112169
112170
112171
112172
112173
112175
112176
112177
112178
112179
112180
112181
112182
112183
112184
112185
112186
112187
112188
112189
112190
112191
112192
112193
112194
112195
112196
112197
112198
112199
112200
112201
112202
112203
112204
112205
112206
112207
112208
112209
112210
112211
112212
112213
112214
112215
112216
112217
112218
112219
112220
112221
112222
112223
112224
112225
112226
112227
112228
112229
112230
112231
112232
112233
112234
112235
112236
112237
112238
112239
112240
112241
112242
112243
112244
112245
112246
112247
112248
112249
112250
112251
112252
112253
112254
112255
112256
112257
112258
112259
112260
112261
112262
112263
112264
112265
112266
112267
112268
112269
112270
112271
112272
112273
112274
112275
112276
112277
112278
112279
112280
112281
112282
112283
112284
112285
112286
112287
112288
112289
112290
112291
112292
112293
112294
112295
112296
112297
112298
112299
112300
112301
112302
112303
112304
112305
112306
112307
112308
112309
112310
112311
112312
112313
112314
112315
112316
112317
112318
112319
112320
112321
112322
112323
112324
112325
112326
112327
112328
112329
112330
112331
112332
112333
112334
112335
112336
112337
112338
112339
112340
112341
112342
112343
112344
112345
112346
112347
112348
112349
112350
112351
112352
112353
112354
112355
112356
112357
112358
112359
112360
112361
112362
112363
112364
112365
112366
112367
112368
112369
112370
112371
112372
112373
112374
112375
112376
112377
112378
112379
112380
112381
112382
112383
112384
112385
112386
112387
112388
112389
112390
112391
112392
112393
112394
112395
112396
112397
112398
112399
112400
112401
112402
112403
112404
112405
112406
112407
112408
112409
112410
112411
112412
112413
112414
112415
112416
112417
112418
112419
112420
112421
112422
112423
112424
112425
112426
112427
112428
112429
112430
112431
112432
112433
112434
112435
112436
112437
112438
112439
112440
112441
112442
112443
112444
112445
112446
112447
112448
112449
112450
112451
112452
112453
112454
112455
112456
112457
112458
112459
112460
112461
112462
112463
112464
112465
112466
112467
112468
112469
112470
112471
112472
112473
112474
112475
112476
112477
112478
112479
112480
112481
112482
112483
112484
112485
112486
112487
112488
112489
112490
112491
112492
112493
112494
112495
112496
112497
112498
112499
112500
112501
112502
112503
112504
112505
112506
112507
112508
112509
112510
112511
112512
112513
112514
112515
112516
112517
112518
112519
112520
112521
112522
112523
112524
112525
112526
112527
112528
112529
112530
112531
112532
112533
112534
112535
112536
112537
112538
112539
112540
112541
112542
112543
112544
112545
112546
112547
112548
112549
112550
112551
112552
112553
112554
112555
112556
112557
112558
112559
112560
112561
112562
112563
112564
112565
112566
112567
112568
112569
112570
112571
112572
112573
112574
112575
112576
112577
112578
112579
112580
112581
112582
112583
112584
112585
112586
112587
112588
112589
112590
112591
112592
112593
112594
112595
112596
112597
112598
112599
112600
112601
112602
112603
112604
112605
112606
112607
112608
112609
112610
112611
112612
112613
112614
112615
112616
112617
112618
112619
112620
112621
112622
112623
112624
112625
112626
112627
112628
112629
112630
112631
112632
112633
112634
112635
112636
112637
112638
112639
112640
112641
112642
112643
112644
112645
112646
112647
112648
112649
112650
112651
112652
112653
112654
112655
112656
112657
112658
112659
112660
112661
112662
112663
112664
112665
112666
112667
112668
112669
112670
112671
112672
112673
112674
112675
112676
112677
112678
112679
112680
112681
112682
112683
112684
112685
112686
112687
112688
112689
112690
112691
112692
112693
112694
112695
112696
112697
112698
112699
112700
112701
112702
112703
112704
112705
112706
112707
112708
112709
112710
112711
112712
112713
112714
112777
112778
112779
112780
112781
112782
112783
112784
112785
112786
112787
112788
112789
112790
112791
112792
112793
112794
112795
112796
112797
112798
112799
112800
112801
112802
112803
112804
112805
112806
112807
112808
112809
112810
112811
112812
112813
112814
112815
112816
112817
112818
112819
112820
112821
112822
112823
112824
112825
112826
112827
112828
112829
112830
112831
112832
112833
112834
112835
112836
112837
112838
112839
112840
112841
112842
112843
112844
112845
112846
112847
112848
112849
112850
112851
112852
112853
112854
112855
112856
112857
112858
112859
112860
112861
112862
112863
112864
112865
112866
112867
112868
112869
112870
112871
112872
112873
112874
112875
112876
112877
112878
112879
112880
112881
112882
112883
112884
112885
112886
112887
112888
112889
112890
112891
112892
112893
112894
112895
112896
112897
112898
112899
112900
112901
112902
112903
112904
112905
112906
112907
112908
112909
112910
112911
112912
112913
112914
112915
112916
112917
112918
112919
112920
112921
112922
112923
112924
112925
112926
112927
112928
112929
112930
112931
112932
112933
112934
112935
112936
112937
112938
112939
112940
112941
112942
112943
112944
112945
112946
112947
112948
112949
112950
112951
112952
112953
112954
112955
112956
112957
112958
112959
112960
112961
112962
112963
112964
112965
112966
112967
112968
112969
112970
112971
112972
112973
112974
112975
112976
112977
112978
112979
112980
112981
112982
112983
112984
112985
112986
112987
112988
112989
112990
112991
112992
112993
112994
112995
112996
112997
112998
112999
113000
113001
113002
113003
113004
113005
113006
113007
113008
113009
113010
113011
113012
113013
113014
113015
113016
113017
113018
113019
113020
113021
113022
113023
113024
113025
113026
113027
113028
113029
113030
113031
113032
113033
113034
113035
113036
113037
113038
113039
113040
113041
113042
113043
113044
113045
113046
113047
113048
113049
113050
113051
113052
113053
113054
113055
113056
113057
113058
113059
113060
113061
113062
113063
113064
113065
113066
113067
113068
113069
113070
113071
113072
113073
113074
113075
113076
113077
113078
113079
113080
113081
113082
113083
113084
113085
113086
113087
113088
113089
113090
113091
113092
113093
113094
113095
113096
113097
113098
113099
113100
113101
113102
113103
113104
113105
113106
113107
113108
113109
113110
113111
113112
113113
113114
113115
113116
113117
113118
113119
113120
113121
113122
113123
113124
113125
113126
113127
113128
113129
113130
113131
113132
113133
113134
113135
113136
113137
113138
113139
113140
113141
113142
113143
113144
113145
113146
113147
113148
113149
113150
113151
113152
113153
113154
113155
113156
113157
113158
113159
113160
113161
113162
113163
113164
113165
113166
113167
113168
113169
113170
113171
113172
113173
113174
113175
113176
113177
113178
113179
113180
113181
113182
113183
113184
113185
113186
113187
113188
113189
113190
113191
113192
113193
113194
113195
113196
113197
113198
113199
113200
113201
113202
113203
113204
113205
113206
113207
113208
113209
113210
113211
113212
113213
113214
113215
113216
113217
113218
113219
113220
113221
113222
113223
113224
113225
113226
113227
113228
113229
113230
113231
113232
113233
113234
113235
113236
113237
113238
113239
113240
113241
113242
113243
113244
113245
113246
113247
113248
113249
113250
113251
113252
113253
113254
113255
113256
113257
113258
113259
113260
113261
113262
113263
113264
113265
113266
113267
113268
113269
113270
113271
113272
113273
113274
113275
113276
113277
113278
113279
113280
113281
113282
113283
113284
113285
113286
113287
113288
113289
113290
113291
113292
113293
113294
113295
113296
113297
113298
113299
113300
113301
113302
113303
113304
113305
113306
113307
113308
113309
113310
113311
113312
113313
113314
113315
113316
113317
113318
113319
113320
113321
113322
113323
113324
113325
113326
113327
113328
113329
113330
113331
113332
113333
113334
113335
113336
113337
113338
113339
113340
113341
113342
113343
113344
113345
113346
113347
113348
113349
113350
113351
113352
113353
113354
113355
113356
113357
113358
113359
113360
113361
113362
113363
113364
113365
113366
113367
113368
113369
113370
113371
113372
113373
113374
113375
113376
113377
113378
113379
113380
113381
113382
113383
113384
113385
113386
113387
113388
113389
113390
113391
113392
113393
113394
113395
113396
113397
113398
113399
113400
113401
113402
113403
113404
113405
113406
113407
113408
113409
113410
113411
113412
113413
113414
113415
113416
113417
113418
113419
113420
113421
113422
113423
113424
113425
113426
113427
113428
113429
113430
113431
113432
113433
113434
113435
113436
113437
113438
113439
113440
113441
113442
113443
113444
113445
113446
113447
113448
113449
113450
113451
113452
113453
113454
113455
113456
113457
113458
113459
113460
113461
113462
113463
113464
113465
113466
113467
113468
113469
113470
113471
113472
113473
113474
113475
113476
113477
113478
113479
113480
113481
113482
113483
113484
113485
113486
113487
113488
113489
113490
113491
113492
113493
113494
113495
113496
113497
113498
113499
113500
113501
113502
113503
113504
113505
113506
113507
113508
113509
113510
113511
113512
113513
113514
113515
113516
113517
113518
113519
113520
113521
113522
113523
113524
113525
113526
113527
113528
113529
113530
113531
113532
113533
113534
113535
113536
113537
113538
113539
113540
113541
113542
113543
113544
113545
113546
113547
113548
113549
113550
113551
113552
113553
113554
113555
113556
113557
113558
113559
113560
113561
113562
113563
113564
113565
113566
113567
113568
113569
113570
113571
113572
113573
113574
113575
113576
113577
113578
113579
113580
113581
113582
113583
113584
113585
113586
113587
113588
113589
113590
113591
113592
113593
113594
113595
113596
113597
113598
113599
113600
113601
113602
113603
113604
113605
113606
113607
113608
113609
113610
113611
113612
113613
113614
113615
113616
113617
113618
113619
113620
113621
113622
113623
113624
113625
113626
113627
113628
113629
113630
113631
113632
113633
113634
113635
113636
113637
113638
113639
113640
113641
113642
113643
113644
113645
113646
113647
113648
113649
113650
113651
113652
113653
113654
113655
113656
113657
113658
113659
113660
113661
113662
113663
113664
113665
113666
113667
113668
113669
113670
113671
113672
113673
113674
113675
113676
113677
113678
113679
113680
113681
113682
113683
113684
113685
113686
113687
113688
113689
113690
113691
113692
113693
113694
113695
113696
113697
113698
113699
113700
113701
113702
113703
113704
113705
113706
113707
113708
113709
113710
113711
113712
113713
113714
113715
113716
113717
113718
113719
113720
113721
113722
113723
113724
113725
113726
113727
113728
113729
113730
113731
113732
113733
113734
113735
113736
113737
113738
113763
113764
113765
113766
113767
113768
113769
113770
113771
113772
113773
113774
113775
113776
113777
113778
113779
113780
113781
113782
113783
113784
113785
113786
113787
113788
113789
113790
113791
113792
113793
113794
113795
113796
113797
113798
113799
113800
113801
113802
113803
113804
113805
113806
113807
113808
113809
113810
113811
113812
113813
113814
113815
113816
113817
113818
113819
113820
113821
113822
113823
113824
113825
113826
113827
113828
113829
113830
113831
113832
113833
113834
113835
113836
113837
113838
113839
113840
113841
113842
113843
113844
113845
113846
113847
113848
113849
113850
113851
113852
113853
113854
113855
113856
113857
113858
113859
113860
113861
113862
113863
113864
113865
113866
113867
113868
113869
113870
113871
113872
113873
113874
113875
113876
113877
113878
113879
113880
113881
113882
113883
113884
113885
113886
113887
113888
113889
113890
113891
113892
113893
113894
113895
113896
113897
113898
113899
113900
113901
113902
113903
113904
113905
113906
113907
113908
113909
113910
113911
113912
113913
113914
113915
113916
113917
113918
113919
113920
113921
113922
113923
113924
113925
113926
113927
113928
113929
113930
113931
113932
113933
113934
113935
113936
113937
113938
113939
113940
113941
113942
113943
113944
113945
113946
113947
113948
113949
113950
113951
113952
113953
113954
113955
113956
113957
113958
113959
113960
113961
113962
113963
113964
113965
113966
113967
113968
113969
113970
113971
113972
113973
113974
113975
113976
113977
113978
113979
113980
113981
113982
113983
113984
113985
113986
113987
113988
113989
113990
113991
113992
113993
113994
113995
113996
113997
113998
113999
114000
114001
114002
114003
114004
114005
114006
114007
114008
114009
114010
114011
114012
114013
114014
114015
114016
114017
114018
114019
114020
114021
114022
114023
114024
114025
114026
114027
114028
114029
114030
114031
114032
114033
114034
114035
114036
114037
114038
114039
114040
114041
114042
114043
114044
114045
114046
114047
114048
114049
114050
114051
114052
114053
114054
114055
114056
114057
114058
114059
114060
114061
114062
114063
114064
114065
114066
114067
114068
114069
114070
114071
114072
114073
114074
114075
114076
114077
114078
114079
114080
114081
114082
114083
114084
114085
114086
114087
114088
114089
114090
114091
114092
114093
114094
114095
114096
114097
114098
114099
114100
114101
114102
114103
114104
114105
114106
114107
114108
114109
114110
114111
114112
114113
114114
114115
114116
114117
114118
114119
114120
114121
114122
114123
114124
114125
114126
114127
114128
114129
114130
114131
114132
114133
114134
114135
114136
114137
114138
114139
114140
114141
114142
114143
114144
114145
114146
114147
114148
114149
114150
114151
114152
114153
114154
114155
114156
114157
114158
114159
114160
114161
114162
114163
114164
114165
114166
114167
114168
114169
114170
114171
114172
114173
114174
114175
114176
114177
114178
114179
114180
114181
114182
114183
114184
114185
114186
114187
114188
114189
114190
114191
114192
114193
114194
114195
114196
114197
114198
114199
114200
114201
114202
114203
114204
114205
114206
114207
114208
114209
114210
114211
114212
114213
114214
114215
114216
114217
114218
114219
114220
114221
114222
114223
114224
114225
114226
114227
114228
114229
114230
114231
114232
114233
114234
114235
114236
114237
114238
114239
114240
114241
114242
114243
114244
114245
114246
114247
114248
114249
114250
114251
114252
114253
114254
114255
114256
114257
114258
114259
114260
114261
114262
114263
114264
114265
114266
114267
114268
114269
114270
114271
114272
114273
114274
114275
114276
114277
114278
114279
114280
114281
114282
114283
114284
114285
114286
114287
114288
114289
114290
114291
114292
114293
114294
114295
114296
114297
114298
114299
114300
114301
114302
114303
114304
114305
114306
114307
114308
114309
114310
114311
114312
114313
114314
114315
114316
114317
114318
114319
114320
114321
114322
114323
114324
114325
114326
114327
114328
114329
114330
114331
114332
114333
114334
114335
114336
114337
114338
114339
114340
114341
114342
114343
114344
114345
114346
114347
114348
114349
114350
114351
114352
114353
114354
114355
114356
114357
114358
114359
114360
114361
114362
114363
114364
114365
114366
114367
114368
114369
114370
114371
114372
114373
114374
114375
114376
114377
114378
114379
114380
114381
114382
114383
114384
114385
114386
114387
114388
114389
114390
114391
114392
114393
114394
114395
114396
114397
114398
114399
114400
114401
114402
114403
114404
114405
114406
114407
114408
114409
114410
114411
114412
114413
114414
114415
114416
114417
114418
114419
114420
114421
114422
114423
114424
114425
114426
114427
114428
114429
114430
114431
114432
114433
114434
114435
114436
114437
114438
114439
114440
114441
114442
114443
114444
114445
114446
114447
114448
114449
114450
114451
114452
114453
114454
114455
114456
114457
114458
114459
114460
114461
114462
114463
114464
114465
114466
114467
114468
114469
114470
114471
114472
114473
114474
114475
114476
114477
114478
114479
114480
114481
114482
114483
114484
114485
114486
114487
114488
114489
114490
114491
114492
114493
114494
114495
114496
114497
114498
114499
114500
114501
114502
114503
114504
114505
114506
114507
114508
114509
114510
114511
114512
114513
114514
114515
114516
114517
114518
114519
114520
114521
114522
114523
114524
114525
114526
114527
114528
114529
114530
114531
114532
114533
114534
114535
114536
114537
114538
114539
114540
114541
114542
114543
114544
114545
114546
114548
114550
114551
114552
114553
114554
114555
114556
114557
114558
114559
114560
114561
114562
114563
114564
114565
114566
114567
114568
114569
114570
114571
114572
114573
114574
114575
114576
114577
114578
114579
114580
114581
114582
114583
114584
114585
114586
114587
114588
114589
114590
114591
114592
114593
114594
114595
114596
114597
114598
114599
114600
114601
114602
114603
114604
114605
114606
114607
114608
114609
114610
114611
114612
114613
114614
114615
114616
114617
114618
114619
114620
114621
114622
114623
114624
114625
114626
114627
114628
114629
114630
114631
114632
114633
114634
114635
114636
114637
114638
114639
114640
114641
114642
114643
114644
114645
114646
114647
114648
114649
114650
114651
114652
114653
114654
114655
114656
114657
114658
114659
114660
114661
114662
114663
114664
114665
114666
114667
114668
114669
114670
114671
114672
114673
114674
114675
114676
114677
114678
114679
114680
114681
114682
114683
114684
114685
114686
114687
114688
114689
114690
114691
114692
114693
114694
114695
114696
114697
114698
114699
114700
114701
114702
114703
114704
114705
114706
114707
114708
114709
114710
114711
114712
114713
114714
114715
114716
114717
114718
114719
114720
114721
114722
114723
114724
114725
114726
114727
114728
114729
114730
114731
114732
114733
114734
114735
114736
114737
114738
114739
114740
114741
114742
114743
114744
114745
114746
114747
114748
114749
114750
114751
114752
114753
114754
114755
114756
114757
114758
114759
114760
114761
114762
114763
114764
114765
114766
114767
114768
114769
114770
114771
114772
114773
114774
114775
114776
114777
114778
114779
114780
114781
114782
114783
114784
114785
114786
114787
114788
114789
114790
114791
114792
114793
114794
114795
114796
114797
114798
114799
114800
114801
114802
114803
114804
114805
114806
114807
114808
114809
114810
114811
114812
114813
114814
114815
114816
114817
114818
114819
114820
114821
114822
114823
114824
114825
114826
114827
114828
114829
114830
114831
114832
114833
114834
114835
114836
114837
114838
114839
114840
114841
114842
114843
114844
114845
114846
114847
114848
114849
114850
114851
114852
114853
114854
114855
114856
114857
114858
114859
114860
114861
114862
114863
114864
114865
114866
114867
114868
114869
114870
114871
114872
114873
114874
114875
114876
114877
114878
114879
114880
114881
114882
114883
114884
114885
114886
114887
114888
114889
114890
114891
114892
114893
114894
114895
114896
114897
114898
114899
114900
114901
114902
114903
114904
114905
114906
114907
114908
114909
114910
114911
114912
114913
114914
114915
114916
114917
114918
114919
114920
114921
114922
114923
114924
114925
114926
114927
114928
114929
114930
114931
114932
114933
114934
114935
114936
114937
114938
114939
114940
114941
114942
114943
114944
114945
114946
114947
114948
114949
114950
114951
114952
114953
114954
114955
114956
114957
114958
114959
114960
114961
114962
114963
114964
114965
114966
114967
114968
114969
114970
114971
114972
114973
114974
114975
114976
114977
114978
114979
114980
114981
114982
114983
114984
114985
114986
114987
114988
114989
114990
114991
114992
114993
114994
114995
114996
114997
114998
114999
115000
115001
115002
115003
115004
115005
115006
115007
115581
115582
115583
115584
115585
115586
115587
115588
115589
115590
115591
115592
115593
115594
115595
115596
115597
115598
115599
115600
115601
115602
115603
115604
115605
115606
115607
115608
115609
115610
115611
115612
115613
115614
115615
115616
115617
115618
115619
115620
115621
115622
115623
115624
115625
115626
115627
115628
115629
115630
115631
115632
115633
115634
115635
115636
115637
115638
115639
115640
115641
115642
115643
115644
115645
115646
115647
115648
115649
115650
115651
115652
115653
115654
115655
115656
115657
115658
115659
115660
115661
115662
115663
115664
115665
115666
115667
115668
115669
115670
115671
115672
115673
115674
115675
115676
115677
115678
115679
115680
115681
115682
115683
115684
115685
115686
115687
115688
115689
115690
115691
115692
115693
115694
115695
115696
115697
115698
115699
115700
115701
115702
115703
115704
115705
115706
115707
115708
115709
115710
115711
115712
115713
115714
115715
115716
115717
115718
115719
115720
115721
115722
115723
115724
115725
115726
115727
115728
115729
115730
115731
115732
115733
115734
115735
115736
115737
115738
115739
115740
115741
115742
115743
115744
115745
115746
115747
115748
115749
115750
115751
115752
115753
115754
115755
115756
115757
115758
115759
115760
115761
115762
115763
115764
115765
115766
115767
115768
115769
115770
115771
115772
115773
115774
115775
115776
115777
115778
115779
115780
115781
115782
115783
115784
115785
115786
115787
115788
115789
115790
115791
115792
115793
115794
115795
115796
115797
115798
115799
115800
115801
115802
115803
115804
115805
115806
115807
115808
115809
115810
115811
115812
115813
115814
115815
115816
115817
115818
115819
115820
115821
115822
115823
115824
115825
115826
115827
115828
115829
115830
115831
115832
115833
115834
115835
115836
115837
115838
115839
115840
115841
115842
115843
115844
115845
115846
115847
115848
115849
115850
115851
115852
115853
115854
115855
115856
115857
115858
115859
115860
115861
115862
115863
115864
115865
115866
115867
115868
115869
115870
115871
115872
115873
115874
115875
115876
115877
115878
115879
115880
115881
115882
115883
115884
115885
115886
115887
115888
115889
115890
115891
115892
115893
115894
115895
115896
115897
115898
115899
115900
115901
115902
115903
115904
115905
115906
115907
115908
115909
115910
115911
115912
115913
115914
115915
115916
115917
115918
115919
115920
115921
115922
115923
115924
115925
115926
115927
115928
115929
115930
115931
115932
115933
115934
115935
115936
115937
115938
115939
115940
115941
115942
115943
115944
115945
115946
115947
115948
115949
115950
115951
115952
115953
115954
115955
115956
115957
115958
115959
115960
115961
115962
115963
115964
115965
115966
115967
115968
115969
115970
115971
115972
115973
115974
115975
115976
115977
115978
115979
115980
115981
115982
115983
115984
115985
115986
115987
115988
115989
115990
115991
115992
115993
115994
115995
115996
115997
115998
115999
116000
116001
116002
116003
116004
116005
116006
116007
116008
116009
116010
116011
116012
116013
116014
116015
116016
116017
116018
116019
116020
116021
116022
116023
116024
116025
116026
116027
116028
116029
116030
116031
116032
116033
116034
116035
116036
116037
116038
116039
116040
116041
116042
116043
116044
116045
116046
116047
116048
116049
116050
116051
116052
116053
116054
116055
116056
116057
116058
116059
116060
116061
116062
116063
116064
116065
116066
116067
116068
116069
116070
116071
116072
116073
116074
116075
116076
116077
116078
116079
116080
116081
116082
116083
116084
116085
116086
116087
116088
116089
116090
116091
116092
116093
116094
116095
116096
116097
116098
116099
116100
116101
116102
116103
116104
116105
116106
116107
116108
116109
116110
116111
116112
116113
116114
116115
116116
116117
116118
116119
116120
116121
116122
116123
116124
116125
116126
116127
116128
116129
116130
116131
116132
116133
116134
116135
116136
116137
116138
116139
116140
116141
116142
116143
116144
116145
116146
116147
116148
116211
116212
116213
116214
116215
116216
116217
116218
116219
116220
116221
116222
116223
116224
116225
116226
116227
116228
116229
116230
116231
116232
116233
116234
116235
116236
116237
116238
116239
116240
116241
116242
116243
116244
116245
116246
116247
116248
116249
116250
116251
116252
116253
116254
116255
116256
116257
116258
116259
116260
116261
116262
116263
116264
116265
116266
116267
116268
116269
116270
116271
116272
116273
116274
116275
116276
116277
116278
116279
116280
116281
116282
116283
116284
116285
116286
116287
116288
116289
116290
116291
116292
116293
116294
116295
116296
116297
116298
116299
116300
116301
116302
116303
116304
116305
116306
116307
116308
116309
116310
116311
116312
116313
116314
116315
116316
116317
116318
116319
116320
116321
116322
116323
116324
116325
116326
116327
116328
116329
116330
116331
116332
116333
116334
116335
116336
116337
116338
116339
116340
116341
116342
116343
116344
116345
116346
116347
116348
116349
116350
116351
116352
116353
116354
116355
116356
116357
116358
116359
116360
116361
116362
116363
116364
116365
116366
116367
116368
116369
116370
116371
116372
116373
116374
116375
116376
116377
116378
116379
116380
116381
116382
116383
116384
116385
116386
116387
116388
116389
116390
116391
116392
116393
116394
116395
116396
116397
116398
116399
116400
116401
116402
116403
116404
116405
116406
116407
116408
116409
116410
116411
116412
116413
116414
116415
116416
116417
116418
116419
116420
116421
116422
116423
116424
116425
116426
116427
116428
116429
116430
116431
116432
116433
116434
116435
116436
116437
116438
116439
116441
116442
116443
116444
116445
116446
116447
116448
116449
116450
116451
116452
116453
116454
116455
116456
116457
116458
116459
116460
116461
116462
116463
116464
116465
116466
116467
116468
116469
116470
116471
116472
116473
116474
116475
116476
116477
116478
116479
116480
116481
116482
116483
116484
116485
116486
116487
116488
116489
116490
116491
116492
116493
116494
116495
116496
116497
116498
116499
116500
116501
116502
116503
116504
116505
116506
116507
116508
116509
116510
116511
116512
116513
116514
116515
116516
116517
116518
116519
116520
116521
116522
116523
116524
116525
116526
116527
116528
116529
116530
116531
116532
116533
116534
116535
116536
116537
116538
116539
116540
116541
116542
116543
116544
116545
116546
116547
116548
116549
116550
116551
116552
116553
116554
116555
116556
116557
116558
116559
116560
116561
116562
116563
116564
116565
116566
116567
116568
116569
116570
116571
116572
116573
116574
116575
116576
116577
116578
116579
116580
116581
116582
116583
116584
116585
116586
116587
116588
116589
116590
116591
116592
116593
116729
116730
116731
116732
116733
116734
116735
116736
116737
116738
116739
116740
116741
116742
116743
116744
116745
116746
116747
116748
116749
116750
116751
116752
116753
116754
116755
116756
116757
116758
116759
116760
116761
116762
116763
116764
116765
116766
116767
116768
116769
116770
116771
116772
116773
116774
116775
116776
116777
116778
116779
116780
116781
116782
116783
116784
116785
116786
116787
116788
116789
116790
116791
116792
116793
116794
116795
116796
116797
116806
116807
116808
116809
116810
116811
116812
116813
116814
116815
116816
116817
116818
116819
116820
116821
116822
116823
116824
116825
116826
116827
116828
116829
116830
116831
116832
116833
116834
116835
116836
116837
116838
116839
116840
116841
116842
116843
116844
116845
116846
116847
116848
116849
116850
116851
116852
116853
116854
116855
116856
116857
116858
116859
116860
116861
116862
116863
116864
116865
116866
116867
116868
116869
116870
116871
116872
116873
116874
116875
116876
116877
116878
116879
116880
116881
116882
116883
116884
116885
116886
116887
116888
116889
116890
116891
116892
116893
116894
116895
116896
116897
116898
116899
116900
116901
116902
116903
116904
116905
116906
116907
116908
116909
116910
116911
116912
116913
117042
117043
117044
117045
117046
117047
117048
117049
117050
117051
117052
117053
117054
117055
117056
117057
117058
117059
117060
117061
117062
117063
117064
117065
117066
117067
117068
117069
117070
117071
117072
117073
117074
117075
117076
117077
117078
117079
117080
117081
117082
117083
117084
117085
117086
117087
117088
117089
117090
117091
117092
117093
117094
117095
117096
117097
117098
117099
117100
117101
117102
117103
117104
117105
117106
117107
117108
117109
117110
117111
117112
117113
117114
117115
117116
117117
117118
117119
117120
117121
117122
117123
117124
117125
117126
117127
117128
117129
117130
117131
117132
117133
117134
117135
117136
117137
117138
117139
117140
117141
117142
117143
117144
117145
117146
117147
117148
117149
117150
117151
117152
117153
117154
117155
117156
117157
117158
117159
117160
117161
117162
117163
117164
117165
117166
117167
117168
117169
117170
117171
117172
117173
117174
117175
117176
117177
117178
117179
117180
117181
117182
117183
117184
117185
117186
117187
117188
117189
117190
117191
117192
117193
117194
117195
117196
117197
117198
117199
117200
117201
117202
117203
117204
117205
117206
117207
117208
117209
117210
117211
117212
117213
117227
117228
117229
117230
117231
117232
117233
117234
117235
117236
117237
117238
117239
117240
117241
117242
117243
117244
117245
117246
117247
117248
117249
117250
117251
117252
117253
117254
117255
117256
117257
117258
117259
117260
117261
117262
117263
117264
117265
117266
117267
117268
117269
117270
117271
117272
117273
117274
117275
117276
117277
117278
117279
117280
117281
117282
117283
117284
117285
117286
117287
117288
117289
117290
117291
117292
117293
117294
117295
117296
117297
117298
117299
117300
117301
117302
117303
117304
117305
117306
117307
117308
117309
117310
117311
117312
117313
117314
117315
117316
117317
117318
117354
117355
117356
117357
117358
117359
117360
117361
117362
117363
117364
117365
117366
117367
117368
117369
117370
117371
117372
117373
117374
117375
117376
117377
117378
117379
117380
117381
117382
117383
117384
117385
117386
117387
117388
117389
117390
117391
117392
117393
117394
117395
117396
117397
117398
117399
117400
117401
117402
117403
117404
117405
117406
117407
117408
117409
117410
117411
117412
117413
117414
117415
117416
117417
117418
117419
117420
117421
117422
117423
117424
117425
117426
117427
117428
117429
117430
117431
117432
117433
117434
117435
117436
117437
117438
117439
117440
117441
117442
117443
117444
117445
117446
117447
117448
117449
117450
117451
117452
117453
117454
117455
117456
117457
117458
117459
117460
117461
117462
117463
117464
117465
117466
117467
117468
117469
117470
117471
117472
117473
117474
117475
117476
117477
117478
117479
117480
117481
117482
117483
117484
117485
117486
117487
117488
117489
117490
117491
117492
117493
117494
117495
117496
117497
117498
117499
117500
117501
117502
117667
117668
117669
117670
117671
117672
117673
117674
117675
117676
117677
117678
117679
117680
117681
117682
117683
117684
117685
117686
117687
117688
117689
117690
117691
117692
117693
117694
117695
117696
117697
117698
117699
117700
117701
117702
117703
117704
117705
117706
117707
117708
117709
117710
117711
117712
117713
117714
117715
117716
117717
117718
117719
117720
117722
117723
117724
117725
117726
117727
117728
117729
117730
117731
117732
117733
117734
117735
117736
117737
117738
117739
117740
117741
117742
117743
117744
117745
117746
117747
117748
117749
117750
117751
117752
117753
117754
117755
117756
117757
117758
117759
117760
117761
117762
117763
117764
117765
117766
117767
117768
117769
117770
117771
117772
117773
117774
117775
117776
117777
117778
117779
117780
117781
117782
117783
117784
117785
117786
117787
117788
117789
117790
117791
117792
117793
117794
117795
117796
117797
117798
117799
117800
117801
117802
117803
117804
117805
117806
117807
117808
117809
117810
117811
117812
117813
117814
117815
117816
117817
117818
117819
117820
117821
117822
117823
117824
117825
117826
117827
117828
117829
117830
117831
117832
117833
117834
117835
117836
117837
117838
117839
117840
117841
117842
117843
117844
117845
117846
117847
117848
117849
117850
117851
117852
117853
117854
117855
117856
117857
117858
117859
117860
117861
117862
117863
117864
117865
117866
117867
117868
117869
117870
117871
117872
117873
117874
117875
117876
117877
117878
117879
117880
117881
117882
117883
117884
117885
117886
117887
117888
117889
117890
117891
117892
117893
117894
117895
117896
117897
117898
117899
117900
117901
117902
117903
117904
117905
117906
117907
117908
117909
117910
117911
117912
117913
117914
117915
117916
117917
117918
117919
117920
117921
117922
117923
117924
117925
117926
117927
117928
117929
117930
117931
117932
117933
117934
117935
117936
117937
117938
117939
117940
117941
117942
117943
117944
117945
117946
117947
117948
117949
117950
117951
117952
117953
117954
117955
117956
117957
117958
117959
117960
117961
117962
117963
117964
117965
117966
117967
117968
117969
117970
117971
117972
117973
117974
117975
117976
117977
117978
117979
117980
117981
117982
117983
117984
117985
117986
117987
117988
117989
117990
117991
117992
117993
117994
117995
117996
117997
117998
117999
118000
118001
118002
118003
118004
118005
118006
118007
118008
118009
118010
118011
118012
118013
118014
118015
118016
118017
118018
118019
118020
118021
118022
118023
118024
118025
118026
118027
118028
118029
118030
118031
118033
118034
118035
118036
118037
118038
118039
118040
118041
118042
118043
118044
118045
118046
118047
118048
118049
118050
118051
118052
118053
118054
118055
118056
118057
118058
118059
118060
118061
118062
118063
118064
118065
118066
118067
118068
118069
118070
118071
118072
118073
118074
118075
118076
118077
118078
118079
118080
118081
118082
118083
118084
118085
118086
118087
118088
118089
118090
118091
118092
118093
118094
118095
118096
118097
118098
118099
118100
118101
118102
118103
118104
118105
118106
118107
118108
118109
118110
118111
118112
118113
118114
118115
118116
118117
118118
118119
118120
118121
118122
118123
118124
118125
118126
118127
118128
118129
118130
118131
118132
118133
118134
118135
118136
118137
118138
118139
118140
118141
118142
118143
118144
118145
118146
118147
118148
118149
118150
118151
118152
118153
118154
118155
118156
118157
118158
118159
118160
118161
118162
118163
118164
118165
118166
118167
118168
118169
118170
118171
118172
118173
118174
118175
118176
118177
118178
118179
118180
118181
118182
118183
118184
118185
118186
118187
118188
118189
118190
118191
118192
118193
118194
118195
118196
118197
118198
118199
118200
118201
118202
118203
118204
118205
118206
118207
118208
118209
118210
118211
118212
118213
118214
118215
118216
118217
118218
118219
118220
118221
118222
118223
118224
118225
118226
118227
118228
118229
118230
118231
118232
118233
118234
118235
118236
118237
118238
118239
118240
118241
118242
118243
118244
118245
118246
118247
118248
118249
118250
118251
118252
118253
118254
118255
118256
118257
118258
118259
118260
118261
118262
118263
118264
118265
118266
118267
118268
118269
118270
118271
118272
118273
118274
118275
118276
118277
118278
118279
118280
118281
118282
118283
118284
118285
118286
118287
118288
118289
118290
118291
118292
118293
118294
118295
118296
118297
118298
118299
118300
118301
118302
118303
118304
118305
118306
118307
118308
118309
118310
118311
118312
118313
118314
118315
118316
118317
118318
118319
118320
118321
118322
118323
118324
118325
118326
118327
118328
118329
118330
118331
118332
118333
118334
118335
118336
118337
118338
118339
118340
118341
118342
118343
118344
118345
118346
118347
118348
118349
118350
118351
118352
118353
118354
118355
118356
118357
118358
118359
118360
118361
118362
118363
118364
118365
118366
118367
118368
118369
118370
118371
118372
118373
118374
118401
118402
118403
118404
118405
118406
118407
118408
118409
118410
118411
118412
118413
118414
118415
118416
118417
118418
118419
118420
118421
118422
118423
118424
118425
118426
118427
118428
118429
118430
118431
118432
118433
118434
118435
118436
118437
118438
118439
118440
118441
118442
118443
118444
118445
118446
118447
118448
118449
118450
118457
118458
118459
118460
118461
118462
118463
118464
118465
118466
118467
118468
118469
118470
118471
118472
118473
118474
118475
118476
118477
118478
118479
118480
118481
118482
118483
118484
118485
118486
118487
118488
118489
118490
118491
118492
118493
118494
118495
118496
118497
118498
118499
118500
118501
118502
118503
118504
118505
118506
118507
118508
118509
118510
118511
118512
118513
118514
118515
118516
118517
118518
118519
118520
118521
118522
118523
118524
118525
118526
118527
118528
118529
118530
118531
118532
118533
118534
118539
118540
118541
118542
118543
118544
118545
118546
118547
118548
118549
118550
118551
118552
118553
118554
118555
118556
118557
118558
118559
118560
118561
118562
118563
118564
118565
118566
118567
118568
118569
118570
118571
118572
118573
118574
118575
118576
118577
118578
118579
118580
118581
118582
118583
118584
118585
118586
118587
118588
118589
118590
118591
118592
118593
118594
118595
118596
118597
118598
118599
118600
118601
118602
118603
118604
118605
118606
118607
118608
118609
118610
118611
118612
118613
118614
118615
118616
118617
118618
118619
118620
118621
118622
118623
118624
118625
118626
118627
118628
118629
118630
118631
118632
118633
118634
118635
118636
118637
118638
118639
118640
118641
118642
118643
118644
118645
118646
118647
118648
118649
118650
118651
118652
118653
118654
118655
118656
118657
118658
118659
118660
118661
118662
118663
118664
118665
118666
118667
118668
118669
118670
118671
118672
118673
118674
118675
118676
118677
118678
118679
118680
118681
118682
118683
118684
118685
118686
118687
118688
118689
118690
118691
118692
118693
118694
118695
118696
118697
118698
118699
118700
118701
118729
118730
118731
118732
118733
118734
118735
118736
118737
118738
118739
118740
118741
118742
118743
118744
118745
118746
118747
118748
118749
118750
118751
118752
118753
118754
118755
118756
118757
118758
118759
118760
118761
118762
118763
118764
118765
118766
118767
118768
118769
118770
118771
118772
118773
118774
118775
118776
118777
118778
118779
118780
118781
118782
118783
118784
118785
118786
118787
118788
118789
118790
118791
118792
118793
118794
118795
118796
118797
118798
118799
118800
118801
118802
118803
118804
118805
118806
118807
118808
118809
118810
118811
118935
118936
118937
118938
118939
118940
118941
118942
118943
118944
118945
118946
118947
118948
118949
118950
118951
118952
118953
118954
118955
118956
118957
118958
118959
118960
118961
118962
118963
118964
118965
118966
118967
118968
118969
118970
118971
118972
118973
118974
118975
118976
118977
118978
118979
118980
118981
118982
118983
118984
118985
118986
118987
118988
118989
118990
118991
118992
118993
118994
118995
118996
118997
118998
118999
119000
119001
119002
119003
119004
119005
119006
119007
119008
119122
119123
119124
119125
119126
119127
119128
119129
119130
119131
119132
119133
119134
119135
119136
119137
119138
119139
119140
119141
119142
119143
119144
119145
119146
119147
119148
119149
119150
119151
119152
119153
119154
119155
119156
119157
119158
119159
119160
119161
119162
119163
119164
119165
119166
119167
119168
119169
119170
119171
119172
119173
119174
119175
119176
119177
119178
119179
119180
119181
119182
119183
119184
119185
119186
119187
119188
119189
119190
119191
119192
119193
119194
119195
119196
119197
119198
119199
119200
119201
119202
119203
119204
119205
119206
119207
119208
119209
119210
119211
119212
119213
119214
119215
119216
119217
119218
119219
119220
119221
119222
119223
119224
119225
119226
119227
119228
119229
119230
119231
119232
119233
119234
119235
119236
119237
119238
119239
119240
119241
119242
119243
119244
119245
119246
119247
119248
119249
119250
119251
119252
119253
119254
119255
119256
119257
119258
119259
119260
119261
119262
119263
119264
119265
119266
119267
119268
119269
119270
119271
119272
119273
119274
119275
119276
119277
119278
119279
119280
119281
119282
119283
119284
119285
119286
119287
119288
119289
119290
119291
119292
119293
119294
119295
119296
119297
119298
119299
119300
119301
119302
119303
119304
119305
119306
119307
119308
119309
119310
119311
119312
119313
119314
119315
119316
119317
119318
119319
119320
119321
119322
119323
119324
119325
119326
119327
119328
119329
119330
119331
119332
119333
119334
119335
119336
119337
119338
119339
119340
119341
119342
119343
119344
119345
119346
119347
119348
119349
119350
119351
119352
119353
119354
119355
119356
119357
119358
119359
119360
119361
119362
119363
119364
119365
119366
119367
119368
119369
119370
119371
119372
119373
119374
119375
119376
119377
119378
119379
119380
119381
119382
119383
119384
119385
119386
119387
119388
119389
119390
119391
119392
119393
119394
119395
119396
119397
119398
119399
119400
119401
119402
119403
119404
119405
119406
119407
119408
119409
119410
119411
119412
119413
119414
119458
119459
119460
119461
119462
119463
119464
119465
119466
119467
119468
119469
119470
119471
119472
119473
119474
119475
119476
119477
119478
119479
119480
119481
119482
119483
119484
119485
119486
119487
119488
119489
119490
119491
119492
119493
119494
119495
119496
119497
119498
119499
119500
119501
119502
119503
119504
119505
119506
119507
119508
119509
119510
119511
119512
119513
119514
119515
119516
119517
119518
119519
119520
119521
119522
119523
119524
119525
119526
119527
119528
119529
119530
119531
119532
119533
119534
119535
119536
119537
119538
119539
119540
119541
119542
119543
119544
119545
119546
119547
119548
119549
119550
119551
119552
119553
119554
119555
119556
119557
119558
119559
119560
119561
119562
119563
119564
119565
119566
119567
119568
119569
119570
119571
119572
119573
119574
119575
119576
119577
119578
119579
119580
119581
119582
119583
119584
119585
119586
119587
119588
119589
119590
119591
119592
119593
119594
119595
119596
119597
119598
119599
119600
119601
119602
119603
119604
119605
119606
119607
119608
119609
119610
119611
119612
119613
119614
119615
119616
119617
119618
119619
119620
119621
119622
119623
119624
119625
119626
119627
119628
119629
119630
119631
119632
119633
119634
119635
119636
119637
119638
119639
119640
119641
119642
119643
119644
119645
119646
119647
119648
119649
119650
119651
119652
119653
119654
119655
119656
119657
119658
119659
119660
119661
119715
119716
119717
119718
119719
119720
119721
119722
119723
119724
119725
119726
119727
119728
119729
119730
119731
119732
119733
119734
119735
119736
119737
119738
119739
119740
119741
119742
119743
119744
119745
119746
119747
119748
119749
119750
119751
119752
119753
119754
119755
119756
119757
119758
119759
119760
119761
119762
119763
119764
119765
119766
119767
119768
119769
119770
119771
119772
119773
119774
119775
119776
119777
119778
119779
119780
119781
119782
119783
119784
119785
119786
119787
119788
119789
119790
119791
119792
119793
119794
119795
119796
119797
119798
119799
119800
119801
119802
119803
119804
119805
119806
119807
119808
119809
119810
119811
119812
119813
119814
119815
119816
119817
119818
119819
119820
119821
119822
119823
119824
119825
119826
119827
119828
119829
119830
119831
119832
119833
119834
119835
119836
119837
119838
119839
119840
119841
119842
119843
119844
119845
119846
119847
119848
119849
119850
119851
119852
119853
119854
119855
119856
119857
119858
119859
119860
119861
119862
119863
119864
119865
119866
119867
119868
119869
119870
119871
119872
119873
119874
119875
119876
119877
119878
119879
119880
119881
119882
119883
119884
119885
119886
119887
119888
119889
119890
119891
119892
119893
119894
119895
119896
119897
119898
119899
119900
119901
119902
119903
119904
119905
119906
119907
119908
119909
119910
119911
119912
119913
119914
119915
119916
119917
119918
119919
119920
119921
119922
119923
119924
119925
119926
119927
119928
119929
119930
119931
119932
119933
119935
119936
119937
119938
119939
119940
119941
119942
119943
119944
119945
119946
119947
119948
119949
119950
119951
119952
119953
119954
119955
119956
119957
119958
119959
119960
119961
119962
119963
119964
119965
119966
119967
119968
119969
119970
119971
119972
119973
119974
119975
119976
119977
119978
119979
119980
119981
119982
119983
119984
119985
119986
119987
119988
119989
119990
119991
120005
120006
120007
120008
120009
120010
120011
120012
120013
120014
120015
120016
120017
120018
120019
120020
120021
120022
120023
120024
120025
120026
120027
120028
120029
120030
120031
120032
120033
120034
120035
120036
120037
120038
120039
120040
120041
120042
120043
120044
120045
120046
120047
120048
120049
120050
120051
120052
120053
120054
120055
120056
120057
120058
120059
120060
120061
120062
120063
120064
120065
120066
120067
120068
120069
120070
120071
120072
120073
120074
120075
120076
120077
120078
120079
120080
120081
120082
120083
120084
120085
120086
120087
120190
120191
120192
120193
120194
120195
120196
120197
120198
120199
120200
120201
120202
120203
120204
120205
120206
120207
120208
120209
120210
120211
120212
120213
120214
120215
120216
120217
120218
120219
120220
120221
120222
120223
120224
120225
120226
120227
120228
120229
120230
120231
120232
120233
120234
120235
120236
120237
120238
120239
120240
120241
120242
120243
120244
120245
120246
120247
120248
120249
120250
120251
120252
120253
120254
120255
120256
120257
120258
120259
120260
120261
120262
120263
120264
120265
120334
120335
120336
120337
120338
120339
120340
120341
120342
120343
120344
120345
120346
120347
120348
120349
120350
120351
120352
120353
120354
120355
120356
120357
120358
120359
120360
120361
120362
120363
120364
120365
120366
120367
120368
120369
120370
120371
120372
120373
120374
120375
120376
120377
120378
120379
120380
120381
120382
120383
120384
120385
120386
120387
120388
120389
120390
120391
120392
120393
120394
120395
120396
120397
120398
120399
120400
120401
120402
120403
120404
120405
120406
120407
120408
120409
120410
120411
120412
120413
120414
120415
120416
120417
120418
120419
120420
120421
120422
120423
120424
120425
120426
120427
120428
120429
120430
120431
120432
120433
120434
120435
120436
120437
120438
120439
120440
120441
120442
120443
120444
120445
120446
120447
120448
120449
120450
120451
120452
120453
120454
120455
120456
120457
120458
120459
120460
120461
120462
120463
120464
120465
120466
120467
120468
120469
120470
120471
120472
120473
120474
120475
120476
120477
120478
120479
120480
120481
120482
120483
120484
120485
120486
120487
120488
120489
120490
120491
120492
120493
120494
120495
120496
120497
120498
120499
120500
120501
120502
120503
120504
120505
120506
120507
120508
120509
120510
120511
120512
120513
120514
120515
120516
120517
120518
120519
120520
120521
120522
120523
120524
120525
120526
120527
120528
120529
120530
120531
120532
120533
120534
120535
120536
120537
120538
120539
120540
120541
120542
120543
120544
120545
120546
120547
120548
120549
120550
120551
120552
120553
120554
120555
120556
120557
120558
120559
120560
120561
120562
120563
120564
120565
120566
120567
120568
120569
120570
120571
120572
120573
120574
120575
120576
120577
120578
120579
120580
120581
120582
120583
120584
120585
120586
120587
120588
120589
120590
120591
120592
120593
120594
120595
120596
120597
120598
120599
120600
120601
120602
120603
120604
120605
120606
120607
120608
120609
120610
120611
120612
120613
120614
120615
120616
120617
120618
120619
120620
120621
120622
120623
120624
120625
120626
120627
120628
120629
120630
120631
120632
120633
120634
120635
120636
120637
120638
120639
120640
120641
120642
120643
120644
120645
120646
120647
120648
120649
120650
120651
120652
120653
120654
120655
120656
120657
120658
120659
120660
120661
120662
120663
120664
120665
120666
120667
120668
120669
120670
120671
120672
120673
120674
120675
120676
120677
120678
120679
120680
120681
120682
120683
120684
120685
120686
120687
120688
120689
120690
120691
120692
120693
120694
120695
120696
120697
120698
120699
120700
120701
120702
120704
120705
120706
120707
120708
120709
120710
120711
120712
120713
120714
120715
120716
120717
120718
120719
120720
120721
120722
120723
120724
120725
120727
120728
120729
120730
120731
120732
120733
120734
120735
120736
120737
120738
120739
120740
120741
120742
120743
120744
120745
120746
120747
120748
120749
120750
120751
120752
120753
120754
120755
120756
120757
120758
120759
120760
120761
120762
120763
120764
120765
120766
120767
120768
120769
120770
120771
120772
120773
120774
120775
120776
120777
120778
120779
120780
120781
120782
120783
120784
120785
120786
120787
120788
120789
120790
120791
120792
120793
120794
120795
120796
120797
120798
120799
120800
120801
120802
120803
120804
120805
120806
120807
120808
120809
120810
120811
120812
120813
120814
120815
120816
120817
120818
120819
120820
120821
120822
120823
120824
120825
120826
120827
120828
120829
120830
120831
120832
120833
120834
120835
120836
120837
120838
120839
120840
120841
120842
120843
120844
120845
120846
120847
120848
120849
120850
120851
120852
120853
120854
120855
120856
120857
120858
120859
120860
120861
120862
120863
120864
120865
120866
120867
120868
120869
120871
120872
120873
120874
120875
120876
120877
120878
120879
120880
120881
120882
120883
120884
120885
120886
120887
120888
120889
120890
120891
120892
120893
120894
120895
120896
120897
120898
120899
120900
120901
120902
120903
120904
120905
120906
120907
120908
120909
120910
120911
120912
120913
120914
120915
120916
120917
120918
120919
120920
120921
120922
120923
120924
120925
120926
120927
120928
120929
120930
120931
120932
120933
120934
120935
120936
120937
120938
120939
120940
120941
120942
120943
120944
120945
120946
120947
120948
120949
120950
120951
120952
120953
120954
120955
120956
120957
120958
120959
120960
120961
120962
120963
120964
120965
120966
120968
120969
120970
120971
120972
120973
120974
120975
120976
120977
120978
120979
120980
120981
120982
120983
120984
120985
120986
120987
120988
120989
120990
120991
120992
120993
120994
120995
120996
120997
120998
120999
121000
121001
121002
121003
121004
121005
121006
121007
121008
121009
121010
121011
121012
121013
121014
121015
121016
121017
121018
121019
121020
121021
121022
121023
121024
121025
121026
121027
121028
121029
121030
121031
121032
121033
121034
121035
121036
121037
121038
121039
121040
121041
121042
121043
121044
121045
121046
121047
121048
121049
121050
121051
121052
121053
121054
121055
121056
121057
121058
121059
121060
121061
121062
121063
121064
121065
121066
121067
121068
121069
121070
121071
121072
121073
121074
121075
121076
121077
121078
121079
121080
121081
121082
121083
121084
121085
121086
121087
121088
121089
121090
121091
121092
121093
121094
121095
121096
121097
121098
121099
121100
121101
121102
121103
121104
121105
121106
121107
121108
121109
121110
121111
121112
121113
121114
121115
121116
121117
121118
121119
121120
121121
121122
121123
121124
121125
121126
121127
121128
121129
121130
121131
121132
121133
121134
121135
121136
121137
121138
121139
121140
121141
121142
121143
121144
121145
121146
121147
121148
121149
121150
121151
121152
121153
121154
121155
121156
121157
121158
121159
121160
121161
121162
121163
121164
121165
121166
121167
121168
121169
121170
121171
121172
121173
121174
121175
121176
121177
121178
121179
121180
121181
121182
121183
121184
121185
121186
121187
121188
121189
121190
121191
121192
121193
121194
121195
121196
121197
121198
121199
121200
121201
121202
121203
121204
121205
121206
121207
121208
121209
121210
121211
121212
121213
121214
121220
121221
121222
121223
121224
121225
121226
121227
121228
121229
121230
121231
121232
121233
121234
121235
121236
121237
121238
121239
121240
121241
121242
121243
121244
121245
121246
121247
121248
121249
121250
121251
121252
121253
121254
121255
121256
121257
121258
121259
121260
121261
121262
121263
121264
121265
121266
121267
121268
121269
121270
121271
121272
121273
121274
121275
121276
121277
121278
121279
121280
121281
121282
121283
121284
121285
121286
121287
121288
121289
121290
121291
121292
121293
121294
121295
121296
121297
121298
121299
121300
121301
121302
121303
121304
121305
121306
121307
121308
121309
121310
121311
121312
121313
121314
121315
121316
121317
121318
121319
121320
121321
121322
121323
121324
121325
121326
121327
121328
121329
121330
121331
121332
121333
121334
121335
121336
121337
121338
121339
121340
121341
121342
121343
121344
121345
121346
121347
121348
121349
121350
121351
121352
121353
121354
121355
121356
121357
121358
121359
121360
121361
121362
121363
121364
121365
121366
121367
121368
121369
121370
121371
121372
121373
121374
121375
121376
121377
121378
121379
121380
121381
121382
121383
121384
121385
121386
121387
121388
121389
121390
121391
121392
121393
121394
121395
121396
121397
121398
121399
121400
121401
121402
121403
121404
121405
121406
121407
121408
121409
121410
121411
121412
121413
121414
121415
121416
121417
121418
121419
121420
121421
121422
121423
121424
121425
121426
121427
121428
121429
121430
121431
121432
121433
121434
121435
121436
121437
121438
121439
121440
121441
121442
121443
121444
121445
121446
121447
121448
121449
121450
121451
121452
121453
121454
121455
121456
121457
121458
121459
121460
121461
121462
121463
121464
121465
121466
121467
121468
121469
121470
121471
121472
121473
121474
121475
121476
121477
121478
121479
121480
121481
121482
121483
121484
121485
121486
121487
121488
121489
121490
121491
121492
121493
121494
121495
121496
121497
121498
121499
121500
121501
121502
121503
121504
121505
121506
121507
121508
121509
121510
121511
121512
121513
121514
121515
121516
121517
121518
121519
121520
121521
121522
121523
121524
121525
121526
121527
121528
121529
121530
121531
121532
121533
121534
121535
121536
121537
121538
121539
121540
121541
121542
121543
121544
121545
121546
121547
121548
121549
121550
121551
121552
121553
121554
121555
121556
121557
121558
121559
121560
121561
121562
121563
121564
121565
121566
121567
121568
121569
121570
121571
121572
121573
121574
121575
121576
121577
121578
121579
121580
121581
121582
121583
121584
121585
121586
121587
121588
121589
121590
121591
121592
121593
121594
121595
121596
121597
121598
121599
121600
121601
121602
121603
121604
121605
121606
121607
121608
121609
121610
121611
121612
121613
121614
121615
121616
121617
121618
121619
121620
121621
121622
121623
121624
121625
121626
121627
121628
121629
121630
121631
121632
121633
121634
121635
121636
121637
121638
121639
121640
121641
121642
121643
121644
121645
121646
121647
121648
121649
121650
121651
121652
121653
121654
121655
121656
121657
121658
121659
121660
121661
121662
121663
121664
121665
121666
121667
121668
121669
121670
121671
121672
121673
121674
121675
121676
121677
121678
121679
121680
121681
121682
121683
121684
121685
121686
121687
121688
121689
121690
121691
121692
121693
121694
121695
121696
121697
121698
121699
121700
121701
121702
121703
121704
121705
121706
121707
121708
121709
121710
121711
121712
121713
121714
121715
121716
121717
121718
121719
121720
121721
121722
121723
121724
121725
121726
121727
121728
121729
121730
121731
121732
121733
121734
121735
121736
121737
121738
121739
121740
121741
121742
121743
121744
121745
121746
121747
121748
121749
121750
121751
121752
121753
121754
121755
121756
121757
121758
121759
121760
121761
121762
121763
121764
121765
121766
121767
121768
121769
121770
121771
121772
121773
121774
121775
121776
121777
121778
121779
121780
121781
121782
121783
121784
121785
121786
121787
121788
121789
121790
121791
121792
121793
121794
121795
121796
121797
121798
121799
121800
121801
121802
121803
121804
121805
121806
121807
121808
121809
121810
121811
121812
121813
121814
121815
121816
121817
121818
121819
121820
121821
121822
121823
121824
121825
121826
121827
121828
121829
121830
121831
121832
121833
121834
121835
121836
121837
121838
121839
121840
121841
121842
121843
121844
121845
121846
121847
121848
121849
121850
121851
121852
121853
121854
121855
121856
121857
121858
121859
121860
121861
121862
121863
121864
121865
121866
121867
121868
121869
121870
121871
121872
121873
121874
121875
121876
121877
121878
121879
121880
121881
121882
121883
121884
121885
121886
121887
121888
121889
121890
121891
121892
121893
121894
121895
121896
121897
121898
121899
121900
121901
121902
121903
121904
121905
121906
121907
121908
121909
121910
121911
121912
121913
121914
121915
121916
121917
121918
121919
121920
121921
121922
121923
121924
121925
121926
121927
121928
121929
121930
121931
121932
121933
121934
121935
121936
121937
121938
121939
121940
121941
121942
121943
121944
121945
121946
121947
121948
121949
121950
121951
121952
121953
121954
121955
121956
121957
121958
121959
121960
121961
121962
121963
121964
121965
121966
121967
122015
122016
122017
122018
122019
122020
122021
122022
122023
122024
122025
122026
122027
122028
122029
122030
122031
122032
122033
122034
122035
122036
122037
122038
122039
122040
122041
122042
122043
122044
122045
122046
122047
122048
122049
122050
122051
122052
122053
122054
122055
122056
122057
122058
122059
122060
122061
122062
122063
122064
122065
122066
122067
122068
122069
122070
122071
122072
122073
122074
122075
122076
122077
122078
122079
122080
122081
122082
122083
122084
122085
122086
122087
122088
122089
122090
122091
122092
122093
122094
122095
122096
122097
122098
122099
122100
122101
122102
122103
122104
122105
122106
122107
122108
122109
122110
122111
122112
122113
122114
122115
122116
122117
122118
122119
122120
122121
122122
122123
122124
122125
122126
122127
122128
122129
122130
122131
122132
122133
122134
122135
122136
122137
122138
122139
122140
122141
122142
122143
122144
122145
122146
122147
122148
122149
122150
122151
122152
122153
122154
122155
122156
122157
122158
122159
122160
122161
122162
122163
122164
122165
122166
122167
122168
122169
122170
122171
122172
122173
122174
122175
122176
122177
122178
122179
122180
122181
122182
122183
122184
122185
122186
122187
122188
122189
122190
122191
122192
122193
122194
122195
122196
122197
122198
122199
122200
122201
122202
122203
122204
122205
122206
122207
122208
122209
122210
122211
122212
122213
122214
122215
122216
122217
122218
122219
122220
122221
122222
122223
122224
122225
122226
122227
122228
122229
122230
122231
122232
122233
122234
122235
122236
122237
122238
122239
122296
122297
122298
122299
122300
122301
122302
122303
122304
122305
122306
122307
122308
122309
122310
122311
122312
122313
122314
122315
122316
122317
122318
122319
122320
122321
122322
122323
122324
122325
122326
122327
122328
122329
122330
122331
122332
122333
122334
122335
122336
122337
122338
122339
122340
122341
122342
122343
122344
122345
122346
122347
122348
122349
122350
122351
122352
122353
122354
122355
122356
122357
122358
122359
122360
122361
122362
122363
122364
122365
122366
122367
122368
122369
122370
122371
122372
122373
122374
122375
122376
122377
122378
122379
122380
122381
122382
122383
122384
122385
122386
122387
122388
122389
122390
122391
122392
122393
122394
122395
122396
122397
122398
122399
122400
122401
122402
122403
122404
122405
122406
122407
122408
122409
122410
122411
122412
122413
122414
122415
122416
122417
122418
122419
122420
122421
122422
122423
122424
122425
122426
122427
122428
122429
122430
122431
122432
122433
122434
122435
122436
122437
122438
122439
122440
122441
122442
122443
122444
122445
122446
122447
122448
122449
122450
122451
122452
122453
122454
122455
122456
122457
122458
122459
122460
122461
122462
122463
122464
122465
122466
122467
122468
122469
122470
122471
122472
122473
122474
122475
122476
122477
122478
122479
122480
122481
122482
122483
122484
122485
122486
122487
122488
122489
122490
122491
122492
122493
122494
122495
122496
122497
122498
122499
122500
122501
122502
122503
122504
122505
122506
122507
122508
122509
122510
122511
122512
122513
122514
122515
122516
122517
122518
122519
122520
122521
122522
122523
122524
122525
122526
122527
122528
122529
122530
122531
122532
122533
122534
122535
122536
122537
122538
122539
122540
122541
122542
122543
122544
122545
122546
122547
122548
122549
122550
122551
122552
122553
122554
122555
122556
122557
122558
122559
122560
122561
122562
122563
122564
122565
122566
122567
122568
122569
122570
122571
122572
122573
122574
122575
122576
122577
122578
122579
122580
122581
122582
122583
122584
122585
122586
122587
122588
122589
122590
122591
122592
122593
122594
122595
122596
122597
122598
122599
122600
122601
122602
122603
122604
122605
122606
122607
122608
122609
122610
122611
122612
122613
122614
122615
122616
122617
122618
122619
122620
122621
122622
122623
122624
122625
122626
122627
122628
122629
122630
122631
122632
122633
122634
122635
122636
122637
122638
122639
122640
122641
122642
122643
122644
122645
122646
122647
122648
122649
122650
122651
122652
122653
122654
122655
122656
122657
122658
122659
122660
122661
122662
122663
122664
122665
122666
122667
122668
122669
122670
122671
122672
122673
122674
122675
122676
122677
122678
122679
122680
122681
122682
122683
122684
122685
122686
122687
122688
122689
122690
122691
122692
122693
122694
122695
122696
122697
122698
122699
122700
122701
122702
122703
122704
122705
122706
122707
122708
122709
122710
122711
122712
122713
122714
122715
122716
122717
122718
122719
122720
122721
122722
122723
122724
122725
122726
122727
122728
122729
122730
122731
122732
122733
122734
122735
122736
122737
122738
122739
122740
122741
122742
122743
122744
122745
122746
122747
122748
122749
122750
122751
122752
122753
122754
122755
122756
122757
122758
122759
122760
122761
122762
122763
122764
122765
122766
122767
122768
122769
122770
122771
122772
122773
122774
122775
122776
122777
122778
122779
122780
122781
122782
122783
122784
122785
122786
122787
122788
122789
122790
122791
122792
122793
122794
122795
122796
122797
122798
122799
122800
122801
122802
122803
122804
122805
122806
122807
122808
122809
122810
122811
122812
122813
122814
122815
122816
122817
122818
122819
122820
122821
122822
122823
122824
122825
122826
122827
122828
122829
122830
122831
122832
122833
122834
122835
122836
122837
122838
122839
122840
122841
122842
122843
122844
122845
122846
122847
122848
122849
122850
122851
122852
122853
122854
122855
122856
122857
122858
122859
122860
122861
122862
122863
122864
122865
122866
122867
122868
122869
122870
122871
122872
122873
122874
122875
122876
122877
122878
122879
122880
122881
122882
122883
122884
122885
122886
122887
122888
122889
122890
122891
122892
122893
122894
122895
122896
122897
122898
122899
122900
122901
122902
122903
122904
122905
122906
122907
122908
122909
122910
122911
122912
122913
122914
122915
122916
122917
122918
122919
122920
122921
122922
122923
122924
122925
122926
122927
122928
122929
122930
122931
122932
122933
122934
122935
122936
122937
122938
122939
122940
122941
122942
122943
122944
122945
122946
122947
122948
122949
122950
122951
122952
122953
122954
122955
122956
122957
122958
122959
122960
122961
122962
122963
122964
122965
122966
122967
122968
122969
122970
122971
122972
122973
122974
122975
122976
122977
122978
122979
122980
122981
122982
122983
122984
122985
122986
122987
122988
122989
122990
122991
122992
122993
122994
122995
122996
122997
122998
122999
123000
123001
123002
123003
123004
123005
123006
123007
123008
123009
123010
123011
123012
123013
123014
123015
123016
123017
123018
123019
123020
123021
123022
123023
123024
123025
123026
123027
123028
123029
123030
123031
123032
123033
123034
123035
123036
123037
123038
123039
123040
123041
123042
123043
123044
123045
123046
123047
123048
123049
123050
123051
123052
123053
123054
123055
123056
123057
123058
123059
123060
123061
123062
123063
123064
123065
123066
123067
123068
123069
123070
123071
123072
123073
123074
123075
123076
123077
123078
123079
123080
123081
123082
123083
123084
123085
123086
123087
123088
123089
123090
123091
123092
123093
123094
123095
123096
123097
123098
123099
123100
123101
123102
123103
123104
123105
123106
123107
123108
123109
123110
123111
123112
123113
123114
123115
123116
123117
123118
123119
123120
123121
123122
123123
123124
123125
123126
123127
123128
123129
123130
123131
123132
123133
123134
123135
123136
123137
123138
123139
123140
123141
123142
123143
123144
123145
123146
123147
123148
123149
123150
123151
123152
123153
123154
123155
123156
123157
123158
123159
123160
123161
123162
123163
123164
123165
123166
123167
123168
123169
123170
123171
123172
123173
123174
123175
123176
123177
123178
123179
123180
123181
123182
123183
123184
123185
123186
123187
123188
123189
123190
123191
123192
123193
123194
123195
123196
123197
123198
123199
123200
123201
123202
123203
123204
123205
123206
123207
123208
123209
123210
123211
123212
123213
123214
123215
123216
123217
123218
123219
123220
123221
123222
123223
123224
123225
123226
123227
123228
123229
123230
123231
123232
123233
123234
123235
123236
123237
123238
123239
123240
123241
123242
123243
123244
123245
123246
123247
123248
123249
123250
123251
123252
123253
123254
123255
123256
123257
123258
123259
123260
123261
123262
123263
123264
123265
123266
123267
123268
123269
123270
123271
123272
123273
123274
123275
123276
123277
123278
123279
123280
123281
123282
123283
123284
123285
123286
123287
123288
123289
123290
123291
123292
123293
123294
123295
123296
123297
123298
123299
123300
123301
123302
123303
123304
123305
123306
123307
123308
123309
123310
123311
123312
123313
123314
123315
123316
123317
123318
123319
123320
123321
123322
123323
123324
123325
123326
123327
123328
123329
123330
123331
123332
123333
123334
123335
123336
123337
123338
123339
123340
123341
123342
123343
123344
123345
123346
123347
123348
123349
123350
123351
123352
123353
123354
123355
123356
123357
123487
123488
123489
123490
123491
123492
123493
123494
123495
123496
123497
123498
123499
123500
123501
123502
123503
123504
123505
123506
123507
123508
123509
123510
123511
123512
123513
123514
123515
123516
123517
123518
123519
123520
123521
123522
123523
123524
123525
123526
123527
123528
123529
123530
123531
123532
123533
123534
123535
123536
123537
123538
123539
123540
123541
123542
123543
123544
123545
123546
123547
123548
123549
123550
123551
123552
123553
123554
123555
123556
123557
123558
123559
123560
123561
123562
123563
123564
123565
123566
123567
123568
123569
123570
123571
123572
123573
123574
123575
123576
123577
123578
123579
123580
123581
123582
123583
123584
123585
123586
123587
123588
123589
123590
123591
123592
123593
123594
123595
123596
123597
123598
123599
123600
123601
123602
123603
123604
123605
123606
123607
123608
123609
123610
123611
123612
123613
123614
123615
123616
123617
123618
123619
123620
123621
123622
123623
123624
123625
123626
123627
123628
123629
123630
123631
123632
123633
123634
123635
123636
123637
123638
123639
123640
123641
123642
123643
123644
123645
123646
123647
123648
123649
123650
123651
123652
123653
123654
123655
123656
123657
123658
123659
123660
123661
123662
123663
123664
123665
123666
123667
123668
123669
123670
123671
123672
123673
123674
123675
123676
123677
123678
123679
123680
128896
128897
128898
128899
128900
128901
128902
128903
128904
128905
128906
128907
128908
128909
128928
128929
128930
128931
128932
128933
128934
128935
128936
128937
128938
128939
128940
128941
128942
128943
128944
128945
128946
128947
128948
128949
128950
128951
128952
128953
128954
128955
128956
128957
128958
128959
128960
128961
128962
128963
128964
128965
128966
128967
128968
128969
128970
128971
128972
128973
128974
128975
128976
128977
128978
128979
128980
128981
128982
128983
128984
128985
128986
128987
128988
128989
128990
128991
128992
128993
128994
128995
128996
128997
128998
128999
129000
129051
129052
129053
129054
129055
129056
129057
129058
129059
129060
129061
129062
129063
129064
129065
129066
129067
129068
129069
129070
129071
129072
129073
129074
129075
129076
129077
129078
129079
129096
129097
129098
129099
129100
129101
129102
129103
129104
129105
129106
129107
129108
129109
129110
129111
129112
129113
129114
129115
129116
129117
129118
129119
129120
129121
129122
129123
129124
129125
129126
129127
129145
129146
129147
129148
129149
129150
129151
129152
129153
129154
129155
129156
129157
129158
129159
129160
129161
129162
129163
129164
129165
129166
129167
129168
129169
129170
129171
129172
129173
129174
129175
129176
129177
129178
129179
129180
129181
129182
129183
129184
129185
129186
129187
129188
129189
129190
129191
129192
129193
129194
129195
129196
129197
129198
129199
129200
129201
129202
129203
129204
129205
129206
129207
129208
129209
129210
129211
129212
129213
129214
129215
129216
129217
129218
129219
129220
129221
129222
129223
129224
129225
129236
129237
129238
129239
129240
129241
129242
129243
129244
129245
129246
129247
129248
129249
129250
129251
129252
129253
129254
129255
129256
129257
129258
129259
129260
129261
129262
129263
129264
129265
129266
129267
129268
129269
129270
129271
129272
129273
129274
129275
129276
129277
129278
129279
129280
129281
129282
129283
129284
129285
129286
129287
129288
129289
129290
129291
129292
129293
129294
129295
129414
129415
129416
129417
129418
129419
129420
129421
129422
129423
129424
129425
129426
129427
129428
129429
129430
129431
129432
129433
129434
129435
129436
131003
131004
131005
131006
131007
131008
131009
131010
131011
131012
131013
131014
131015
131016
131017
131018
131019
131020
131021
131444
131445
131446
131447
131448
131449
131450
131451
131452
131453
131454
131455
131456
131457
131458
131459
131460
131461
131462
131463
131464
131465
131466
131467
131468
131469
131470
131471
131472
131473
131474
131475
131476
131477
131478
131479
131480
131481
131482
131483
131484
131485
131486
131487
131488
131489
131490
131491
131492
131493
131494
131495
131496
131497
131498
131499
131500
131501
131502
131503
131504
131505
131506
131507
131508
131509
131510
131555
131556
131557
131558
131559
131560
131561
131562
131563
131564
131565
131566
131567
131568
131569
131570
131571
131572
131573
131574
131575
131576
131577
131578
131579
131580
131581
131582
131583
131584
131585
131586
131587
131588
131589
131590
131591
131592
131593
131594
131595
131596
131597
131598
131599
131600
131601
131602
131603
131604
131605
131606
131607
131608
131609
131610
131611
131612
131613
131614
131615
131616
131617
131618
131619
131620
131621
131622
131623
131624
131625
131626
131627
131628
131629
131630
131631
131632
131633
131634
131635
131636
131637
131638
131639
131640
131641
131642
131643
131644
131645
131646
131647
131648
131649
131650
131651
131652
131653
131654
131655
131656
131657
131658
131659
131660
131661
131662
131663
131664
131665
131666
131667
131668
131669
131670
131671
131672
131673
131674
131675
131676
131677
131678
131679
131680
131681
131682
131683
131684
131685
131686
131687
131688
131689
131690
131691
131692
131693
131694
131695
131696
131697
131698
131699
131700
131701
131702
131703
131704
131705
131706
131707
131708
131709
131710
131711
131712
131713
131714
131715
131716
131717
131718
131719
131720
131721
131722
131723
131724
131725
131726
131727
131728
131729
131730
131731
131732
131733
131734
131735
131736
131737
131738
131739
131740
131741
131742
131743
131744
131745
131746
131747
131748
131749
131750
131751
131752
131753
131754
131755
131756
131757
131758
131759
131760
131761
131762
131763
131764
131765
131766
131767
131768
131769
131770
131771
131772
131773
131774
131775
131776
131777
131778
131780
131781
131782
131783
131784
131785
131786
131787
131788
131789
131790
131791
131792
131793
131794
131795
131796
131797
131798
131799
131800
131801
131802
131803
131804
131805
131806
131807
131808
131809
131810
131811
131812
131813
131814
131815
131816
131817
131818
131819
131820
131821
131822
131823
131824
131825
131826
131827
131828
131829
131830
131831
131832
131833
131834
131835
131836
131837
131838
131839
131840
131841
131842
131843
131844
131845
131846
131847
131848
131849
131850
131851
131852
131853
131854
131855
131856
131857
131858
131859
131860
131861
131862
131863
131864
131865
131866
131867
131868
131869
131870
131871
131872
131873
131874
131875
131876
131877
131878
131879
131880
131881
131882
131883
131884
131885
131886
131887
131888
131889
131890
131891
131892
131893
131894
131895
131896
131897
131898
131899
131900
131901
131902
131903
131904
131905
131906
131907
131908
131909
131910
131911
131912
131913
131914
131915
131916
131917
131918
131919
131920
131921
131922
131923
131924
131925
131926
131927
131928
131929
131930
131931
131932
131933
131934
131935
131936
131937
131938
131939
131940
131941
131942
131943
131944
131945
131946
131947
131948
131949
131950
131951
131952
131953
131954
131955
131956
131957
131958
131959
131960
131961
131962
131963
131964
131965
131966
131967
131968
131969
131970
131971
131972
131973
131974
131975
131976
131977
131978
131979
131980
131981
131982
131983
131984
131985
131986
131987
131988
131989
131990
131991
131992
131993
131994
131995
131996
131997
131998
131999
132000
132001
132002
132003
132004
132005
132006
132007
132008
132009
132010
132011
132012
132013
132014
132015
132016
132017
132018
132019
132020
132021
132022
132023
132024
132025
132026
132027
132028
132029
132030
132031
132032
132033
132034
132035
132036
132037
132038
132039
132040
132041
132042
132043
132044
132045
132046
132047
132048
132049
132050
132051
132052
132053
132054
132055
132056
132057
132058
132059
132060
132061
132062
132074
132075
132076
132077
132078
132079
132080
132081
132082
132083
132084
132085
132086
132087
132088
132089
132090
132091
132092
132093
132094
132095
132096
132097
132098
132099
132100
132101
132102
132103
132104
132105
132106
132107
132108
132109
132110
132111
132112
132113
132114
132115
132116
132117
132118
132119
132120
132121
132122
132123
132124
132125
132126
132127
132128
132129
132130
132131
132132
132133
132134
132135
132136
132137
132138
132139
132140
132141
132142
132143
132144
132145
132146
132147
132148
132149
132150
132151
132152
132153
132154
132155
132156
132157
132158
132159
132160
132161
132162
132163
132164
132165
132166
132167
132168
132169
132170
132171
132172
132173
132174
132175
132176
132177
132178
132179
132180
132181
132182
132183
132184
132185
132186
132187
132188
132189
132190
132191
132218
132219
132220
132221
132222
132223
132224
132225
132226
132227
132228
132229
132230
132231
132232
132233
132234
132235
132236
132237
132238
132239
132240
132241
132242
132243
132244
132245
132246
132247
132248
132249
132250
132251
132252
132253
132254
132255
132256
132257
132258
132259
132260
132261
132262
132263
132264
132265
132266
132267
132268
132269
132270
132271
132272
132273
132274
132275
132276
132277
132278
132279
132280
132281
132282
132283
132284
132285
132286
132287
132288
132289
132290
132291
132292
132293
132294
132295
132296
132297
132298
132299
132300
132301
132302
132303
132304
132305
132306
132307
132308
132309
132310
132311
132312
132313
132314
132315
132316
132317
132318
132319
132320
132321
132322
132323
132324
132325
132326
132327
132328
132329
132330
132331
132332
132333
132334
132335
132336
132337
132338
132339
132340
132341
132342
132343
132344
132345
132346
132347
132348
132349
132350
132351
132352
132353
132354
132355
132356
132357
132358
132359
132360
132361
132362
132363
132364
132365
132366
132367
132368
132369
132370
132371
132372
132373
132374
132375
132376
132377
132378
132379
132380
132381
132382
132383
132384
132385
132386
132387
132388
132389
132390
132391
132392
132393
132394
132395
132396
132397
132398
132399
132400
132401
132402
132403
132404
132405
132406
132407
132805
132806
132807
132808
132809
132810
132811
132812
132813
132814
132815
132854
132855
132856
132857
132858
132859
132860
132861
132862
132863
132864
132865
132866
132867
132868
132869
132870
132871
132872
132873
132874
132875
132876
132877
132933
132934
132935
132936
132937
132938
132939
132940
132941
132942
132943
132944
132945
132946
132947
132948
132949
132950
132951
132952
132953
132954
132955
132956
132957
132958
132959
132960
150001
153001
300001
300002
300003
300009
300010
300011
300012
300013
300014
300015
300016
300017
300018
300019
300020
300021
300022
300023
300024
300025
300026
300027
300028
300029
300030
300031
300032
300033
300034
300035
300036
300037
300038
300039
300040
300041
300042
300043
300044
300045
300046
300047
300048
300049
300050
300051
300052
300053
300054
300055
300056
300057
300058
300059
300060
300061
300062
300063
300064
300065
300066
300067
300068
300069
300070
300071
300072
300073
300074
300075
300076
300077
300078
300079
300080
300081
300082
300083
300084
300085
300086
300087
300088
300089
300090
300091
300092
300093
300094
300095
300096
300097
300098
300099
300100
300101
300102
300103
300104
300105
300106
300107
300108
300109
300110
300111
300112
300113
300114
300115
300116
300117
300118
300119
300120
300121
300122
300123
300124
300125
300126
300127
300128
300129
300130
300131
300132
300133
300134
300135
300136
300137
300138
300139
300140
300141
300142
300143
300144
300145
300146
300147
300148
300149
300150
300151
300152
300153
300154
300155
300156
300157
300158
300159
300160
300161
300162
300163
300164
300165
300166
300167
300168
300169
300170
300171
300172
300173
300174
300175
300176
300177
300178
300179
300180
300181
300182
300183
300184
300185
300186
300187
300188
300189
300190
300191
300192
300193
300194
300195
300196
300197
300198
300199
300200
300201
300202
300203
300204
300205
300206
300207
300208
300209
300210
300211
300212
300213
300214
300215
300216
300217
300218
300219
300220
300221
300222
300223
300224
300225
300226
300227
300228
300229
300230
300231
300232
300233
300234
300235
300236
300237
300238
300239
300240
300241
300242
300243
300244
300245
300246
300247
300248
300249
300250
300251
300252
300253
300254
300255
300256
300257
300258
300259
300260
300261
300262
300263
300264
300265
300266
300267
300268
300269
300270
300271
300272
300273
300274
300275
300276
300277
300278
300279
300280
300281
300282
300283
300284
300285
300286
300287
300288
300289
300290
300291
300292
300293
300294
300295
300296
300297
300298
300299
300300
300301
300302
300303
300304
300305
300306
300307
300308
300309
300310
300311
300312
300313
300314
300315
300316
300317
300318
300319
300320
300321
300322
300323
300324
300325
300326
300327
300328
300329
300330
300331
300332
300333
300334
300335
300336
300337
300338
300339
300340
300341
300342
300343
300344
300345
300346
300347
300348
300349
300350
300351
300352
300353
300354
300355
300356
300357
300358
300359
300360
300361
300362
300363
300364
300365
300366
300367
300368
300369
300370
300371
300372
300373
300374
300375
300468
300469
300470
300471
300472
300473
300474
300475
300476
300477
300478
300479
300480
300481
300482
300483
300484
300485
300486
300487
300488
300489
300490
300491
300492
300493
300494
300495
300496
300497
300498
300499
300500
300501
300502
300503
300504
300505
300506
300507
300508
300509
300510
300511
300512
300513
300514
300515
300516
300517
300518
300519
300520
300521
300522
300523
300524
300525
300526
300527
300528
300529
300530
300531
300532
300533
300534
300535
300536
300537
300538
300539
300540
300541
300542
300543
300544
300545
300546
300547
300548
300549
300550
300551
300552
300553
300554
300555
300556
300557
300558
300559
300560
300561
300562
300563
300564
300565
300566
300567
300568
300569
300570
300571
300572
300573
300574
300575
300576
300577
300578
300579
300580
300581
300582
300583
300584
300585
300586
300587
300588
300589
300590
300591
300592
300593
300594
300595
300596
300597
300598
300599
300600
300601
300602
300603
300604
300605
300606
300607
300608
300609
300610
300611
300612
300613
300614
300615
300616
300617
300618
300619
300620
300621
300622
300623
300624
300625
300626
300627
300628
300629
300630
300631
300632
300633
300634
300635
300636
300637
300638
300639
300640
300641
300642
300643
300644
300645
300646
300647
300648
300649
300650
300651
300652
300653
300654
300655
300656
300657
300658
300659
300660
300661
300662
300663
300664
300665
300666
300667
300668
300669
300670
300671
300672
300673
300674
300675
300676
300677
300678
300679
300680
300681
300682
300683
300684
300685
300686
300687
300688
300689
300690
300691
300692
300693
300694
300695
300696
300697
300698
300699
300700
300701
300702
300703
300704
300705
300706
300707
300708
300709
300710
300711
300712
300713
300714
300715
300716
300717
300718
300719
300720
300721
300722
300723
300724
300725
300726
300727
300812
300813
300814
300815
300816
300817
300818
300819
300820
300821
300822
300823
300824
300825
300826
300827
300828
300829
300830
300831
300832
300833
300834
300835
300836
300837
300838
300839
300840
300841
300842
300843
300844
300845
300847
300848
300849
300851
300852
300853
300854
300855
300856
300857
300858
300859
300860
300861
300862
300863
300864
300865
300866
300867
300868
300869
300870
300871
300872
300873
300874
300875
300876
300877
300878
300879
300880
300881
300882
300883
300884
300885
300886
300887
300888
300889
300890
300891
300892
300893
300894
300895
300896
300897
300898
300899
300900
300901
300902
300903
300904
300905
300906
300907
300908
300909
300910
300911
300912
300913
300914
300915
300916
300917
300918
300919
300920
300921
300922
300923
300924
300925
300926
300927
300928
300929
300930
300931
300932
300933
300934
300935
300936
300937
300938
300939
300940
300941
300942
300943
300944
300945
300946
300947
300948
300949
300950
301052
301053
301054
301055
301056
301057
301058
301059
301060
301061
301062
301063
301064
301065
301066
301067
301068
301069
301070
301071
301072
301073
301074
301075
301076
301077
301078
301079
301080
301081
301082
301083
301084
301085
301086
301087
301088
301089
301090
301091
301092
301093
301094
301095
301096
301097
301098
301099
301100
301183
301184
301185
301186
301187
301188
301189
301190
301191
301192
301193
301194
301195
301196
301197
301198
301199
301200
301201
301202
301203
301204
301205
301206
301207
301208
301209
301210
301211
301212
301213
301214
301215
301216
301217
301218
301219
301220
301221
301222
301223
301224
301225
301226
301227
301228
301229
301230
301231
301232
301233
301234
301235
301236
301237
301238
301239
301240
301241
301242
301243
301244
301245
301246
301247
301248
301249
301250
301251
301252
301253
301254
301255
301256
301257
301258
301259
301278
301279
301280
301281
301282
301283
301284
301285
301286
301287
301288
301289
301290
301291
301292
301293
301294
301295
301296
301297
301298
301299
301300
301301
301302
301303
301304
301305
301306
301307
301308
301309
301310
301311
301312
301313
301314
301315
301316
301317
301318
301319
301320
301321
301322
301323
301324
301325
301326
301327
301328
301329
301330
301331
301332
301333
301334
301335
301336
301337
301338
301339
301340
301341
301342
301343
301344
301345
301346
301347
301348
301349
301350
301351
301352
301353
301354
301355
301356
301357
301358
301359
301360
301361
301362
301363
301364
301365
301366
301367
301368
301369
301370
301371
301372
301373
301374
301375
301376
301377
301378
301379
301380
301381
301382
301383
301384
301385
301386
301387
301388
301389
301390
301391
301392
301393
301394
301395
301396
301397
301398
301399
301400
301401
301402
301403
301404
301405
301406
301407
301408
301409
301410
301411
301412
301413
301414
301415
301416
301417
301418
301419
301420
301421
301422
301423
301424
301425
301426
301427
301428
301429
301430
301431
301432
301433
301434
301435
301436
301437
301438
301439
301440
301441
301442
301443
301444
301445
301446
301447
301448
301449
301450
301451
301452
301453
301454
301455
301456
301457
301458
301459
301460
301461
301462
301463
301464
301465
301466
301467
301468
301469
301470
301471
301472
301473
301474
301475
301476
301477
301478
301479
301480
301481
301482
301483
301484
301485
301486
301487
301488
301489
301490
301491
301492
301493
301494
301495
301496
301497
301498
301499
301500
301501
301502
301503
301504
301505
301506
301507
301508
301509
301510
301511
301512
301513
301514
301515
301516
301517
301518
301519
301520
301521
301522
301523
301524
301525
301526
301527
301528
301529
301530
301531
301532
301533
301534
301535
301536
301537
301538
301539
301540
301541
301542
301543
301544
301545
301546
301547
301548
301549
301550
301551
301552
301553
301554
301555
301556
301557
301558
301559
301560
301561
301562
301563
301564
302091
302092
302093
302094
302095
302096
302097
302098
302099
302100
302101
302102
302103
302104
302105
302106
302107
302108
302109
302110
302111
302112
302113
302114
302115
302116
302117
302118
302119
302120
302121
302122
302123
302124
302125
302126
302127
302128
302129
302130
302131
302132
302133
302134
302135
302136
302137
302138
302139
302140
302141
302142
302143
302144
302145
302146
302147
302148
302149
302150
302151
302152
302153
302154
302155
302156
302157
302158
302159
302160
302161
302162
302163
302164
302165
302166
302167
302168
302169
302170
302171
302172
302173
302174
302175
302176
302177
302178
302179
302180
302181
302182
302183
302184
302185
302186
302187
302188
302189
302190
302191
302192
302193
302194
302195
302196
302197
302198
302199
302200
302201
302202
302203
302204
302205
302206
302207
302208
302209
302210
302211
302212
302213
302214
302215
302216
302217
302218
302219
302220
302221
302222
302223
302224
302225
302226
302227
302228
302229
302230
302231
302232
302233
302234
302235
302236
302237
302238
302239
302240
302241
302242
302243
302244
302245
302246
302247
302248
302249
302250
302251
302252
302253
302254
302255
302256
302257
302258
302259
302260
302261
302262
302263
302264
302265
302266
302267
302268
302269
302270
302271
302272
302273
302274
302275
302276
302277
302278
302279
302280
302281
302282
302283
302284
302285
302286
302287
302288
302289
302290
302291
302292
302293
302294
302295
302296
302297
302298
302299
302300
302301
302302
302303
302304
302305
302306
302307
302308
302309
302310
302311
302312
302313
302314
302315
302316
302317
302318
302319
302320
302321
302322
302323
302324
302325
302326
302327
302328
302329
302330
302331
302332
302333
302334
302335
302336
302337
302338
302339
302340
302341
302342
302343
302344
302345
302346
302347
302348
302349
302350
302351
302352
302353
302354
302355
302356
302357
302358
302359
302360
302361
302362
302363
302364
302365
302366
302367
302368
302369
302370
302371
302372
302373
302374
302375
302376
302377
302378
302379
302380
302381
302382
302383
302384
302385
302386
302387
302388
302389
302390
302391
302392
302393
302394
302395
302396
302397
302398
302399
302400
302401
302402
302403
302404
302405
302406
302407
302408
302409
302410
302411
302412
302413
302414
302415
302416
302417
302418
302419
302420
302421
302422
302423
302424
302425
302426
302427
302428
302429
302430
302431
302432
302433
302434
302435
302436
302437
302438
302439
302440
302441
302442
302443
302444
302445
302446
302447
302448
302449
302450
302451
302452
302453
302454
302455
302456
302457
302458
302459
302460
302461
302462
302463
302464
302465
302638
302639
302640
302641
302642
302643
302644
302645
302646
302647
302648
302649
302650
302651
302652
302653
302654
302655
302656
302657
302658
302659
302660
302661
302662
302663
302664
302665
302666
302667
302668
302669
302670
302671
302672
302673
302674
302675
302676
302677
302678
302679
302680
302681
302682
302683
302684
302685
302686
302687
302688
302689
302690
302691
302692
302693
302694
302695
302696
302697
302698
302699
302700
302701
302702
302703
302704
302705
302706
302707
302708
302709
302710
302711
302712
302713
302714
302738
302739
302740
302741
302742
302743
302744
302745
302746
302747
302748
302749
302750
302751
302752
302753
302754
302755
302756
302757
302758
302759
302760
302761
302762
302763
302764
302765
302766
302767
302768
302769
302770
302771
302772
302773
302774
302775
302776
302777
302778
302779
302780
302781
302782
302783
302784
302785
302786
302787
302788
302789
302790
302791
302792
302793
302794
302795
302796
302797
302798
302799
302800
302801
302802
302803
302804
302805
302806
302807
302808
302809
302810
302811
302812
302813
302814
302815
302816
302817
302818
302819
302820
302821
302822
302823
302824
302825
302826
302827
302828
302829
302830
302831
302832
302833
302834
302835
302836
302837
302838
302839
302840
302841
302842
302843
302844
302845
302846
302847
302848
302849
302850
302851
302852
302853
302854
302855
302856
302857
302858
302859
302860
302861
302862
302863
302864
302865
302866
302867
302868
302869
302870
302871
302872
302873
302874
302875
302876
302877
302878
302879
302880
302881
302882
302883
302884
302885
302886
302887
302888
302889
302890
302891
302892
302893
302894
302895
302896
302897
302898
302899
302900
302901
302902
302903
302904
302905
302906
302907
302908
302909
302910
302911
302912
302913
302914
302915
302916
302917
302918
302919
302920
302921
302922
302923
302924
302925
302926
302927
302928
302929
302930
302931
302932
302933
302934
302935
302936
302937
302938
302939
302940
302941
302942
302943
302944
302945
302946
302947
302948
302949
302950
302951
302952
302953
302954
302955
302956
302957
302958
302959
302960
302961
302962
302963
302964
302965
302966
302967
302995
302996
302997
302998
302999
303000
303001
303002
303003
303004
303005
303006
303007
303008
303009
303010
303011
303012
303013
303014
303015
303016
303017
303018
303019
303020
303021
303022
303023
303024
303025
303026
303027
303028
303029
303030
303031
303032
303033
303034
303035
303036
303037
303038
303039
303040
303041
303042
303043
303044
303045
303046
303047
303048
303049
303050
303051
303052
303053
303054
303055
303056
303057
303058
303059
303060
303061
303062
303063
303064
303065
303066
303067
303068
303069
303070
303071
303072
303073
303074
303075
303076
303077
303078
303079
303080
303081
303082
303083
303084
303085
303086
303087
303088
303089
303090
303091
303092
303093
303094
303095
303096
303097
303098
303099
303100
303101
303102
303103
303104
303105
303106
303107
303108
303109
303110
303111
303112
303113
303114
303115
303116
303117
303118
303119
303120
303121
303122
303123
303124
303125
303126
303127
303128
303129
303130
303131
303132
303133
303134
303135
303136
303137
303138
303139
303140
303141
303142
303143
303144
303145
303146
303147
303148
303149
303151
303152
303153
303154
303155
303156
303157
303158
303159
303160
303161
303162
303163
303164
303165
303166
303167
303168
303169
303170
303171
303172
303173
303174
303175
303176
303177
303178
303179
303180
303181
303182
303183
303184
303185
303186
303187
303188
303189
303190
303191
303192
303193
303194
303195
303196
303197
303198
303199
303200
303201
303202
303203
303204
303205
303207
303208
303209
303210
303211
303212
303213
303214
303215
303216
303217
303218
303219
303220
303221
303222
303223
303224
303225
303226
303227
303228
303229
303230
303231
303232
303233
303234
303235
303236
303237
303238
303239
303240
303241
303242
303243
303244
303245
303246
303247
303248
303249
303250
303251
303252
303253
303254
303255
303256
303257
303258
303259
303260
303261
303262
303263
303264
303265
303266
303267
303268
303269
303270
303271
303272
303273
303274
303275
303276
303277
303278
303279
303280
303281
303282
303283
303284
303285
303286
303287
303288
303289
303290
303291
303292
303293
303294
303295
303296
303297
303298
303299
303300
303301
303302
303303
303304
303305
303306
303307
303308
303309
303310
303311
303312
303313
303314
303315
303316
303317
303318
303319
303320
303321
303322
303323
303324
303325
303326
303327
303328
303329
303330
303331
303332
303333
303334
303335
303336
303337
303338
303339
303340
303341
303342
303343
303344
303345
303346
303347
303348
303349
303350
303351
303520
303521
303522
303523
303524
303525
303526
303527
303528
303529
303530
303531
303532
303533
303534
303535
303536
303537
303538
303539
303540
303541
303542
303543
303544
303545
303546
303547
303548
303549
303550
303551
303552
303553
303554
303555
303556
303557
303558
303559
303560
303561
303562
303563
303564
303565
303566
303567
303568
303569
303570
303571
303572
303573
303574
303575
303576
303577
303578
303579
303580
303581
303582
303583
303584
303585
303586
303587
303588
303589
303590
303591
303592
303593
303594
303595
303596
303597
303598
303599
303600
303601
303602
303603
303604
303605
303606
303607
303608
303609
303610
303611
303612
303613
303614
303615
303616
303617
303618
303619
303620
303621
303622
303623
303624
303625
303626
303627
303628
303629
303630
303631
303632
303633
303634
303635
303636
303637
303638
303639
303640
303641
303642
303643
303644
303645
303646
303647
303648
303649
303650
303651
303652
303653
303654
303655
303656
303657
303658
303659
303660
303661
303662
303663
303664
303665
303666
303667
303668
303669
303670
303671
303672
303673
303674
303675
303676
303677
303678
303679
303680
303681
303682
303683
303684
303685
303686
303687
303688
303689
303690
303691
303692
303693
303694
303695
303696
303697
303698
303699
303700
303701
303702
303703
303704
303705
303706
303707
303708
303709
303710
303711
303712
303713
303714
303715
303716
303717
303718
303719
303720
303721
303722
303723
303724
303725
303726
303727
303728
303729
303730
303731
303732
303733
303734
303735
303736
303737
303738
303739
303740
303741
303742
303743
303744
303745
303746
303747
303748
303749
303750
303751
303752
303753
303754
303755
303756
303757
303758
303759
303760
303761
303762
303763
303764
303765
303766
303767
303768
303769
303770
303771
303772
303773
303774
303775
303776
303777
303778
303779
303780
303781
303782
303783
303784
303785
303786
303787
303788
303789
303790
303791
303792
303793
303794
303795
303796
303797
303798
303799
303800
303801
303802
303803
303804
303805
303806
303807
303808
303809
303810
303811
303812
303813
303814
303815
303816
303817
303818
303819
303820
303821
303822
303823
303824
303825
303826
303827
303828
303829
303830
303831
303832
303833
303834
303835
303836
303837
303838
303839
303840
303841
303842
303843
303844
303845
303846
303847
303848
303849
303850
303851
303852
303853
303854
303855
303856
303857
303858
303859
303860
303861
303862
303863
303864
303865
303866
303867
303868
303869
303870
303871
303872
303873
303875
303876
303877
303878
303879
303880
303881
303882
303883
303884
303885
303886
303887
303888
303889
303890
303891
303892
303893
303894
303895
303896
303897
303898
303899
303900
303901
303902
303903
303904
303905
303906
303907
303908
303909
303910
303911
303912
303913
303914
303915
303916
303917
303918
303919
303920
303921
303922
303923
303924
303925
303926
303927
303928
303929
303930
303931
303932
303933
303934
303935
303936
303937
303938
303939
303940
303941
303942
303943
303944
303945
303946
303947
303948
303949
303950
303951
303952
303954
303955
303956
303957
303958
303959
303960
303961
303962
303963
303964
303965
303966
303967
303968
303969
303970
303971
303972
303973
303974
303975
303976
303977
303978
303979
303980
303981
303982
303983
303984
303985
303986
303987
303988
303989
303990
303991
303992
303993
303994
303995
303996
303997
303998
303999
304000
304001
304002
304003
304004
304005
304006
304007
304008
304009
304010
304011
304012
304013
304014
304015
304016
304017
304018
304019
304020
304021
304022
304023
304024
304025
304026
304027
304028
304029
304030
304031
304032
304033
304085
304086
304087
304088
304089
304090
304091
304092
304093
304094
304095
304096
304097
304098
304099
304100
304101
304102
304103
304104
304105
304106
304107
304108
304109
304110
304111
304112
304113
304114
304115
304116
304117
304118
304119
304120
304121
304122
304123
304124
304125
304126
304127
304128
304129
304130
304131
304132
304133
304134
304135
304136
304137
304138
304139
304140
304141
304142
304143
304144
304145
304146
304147
304148
304149
304150
304151
304152
304153
304154
304155
304156
304157
304158
304159
304160
304161
304162
304163
304164
304165
304166
304167
304168
304169
304170
304171
304172
304173
304302
304303
304304
304305
304306
304307
304308
304309
304310
304311
304312
304313
304314
304315
304316
304317
304318
304319
304320
304321
304322
304323
304324
304325
304326
304327
304328
304329
304330
304331
304332
304333
304334
304335
304336
304337
304338
304339
304340
304341
304342
304343
304344
304345
304346
304347
304348
304349
304350
304351
304352
304353
304354
304355
304356
304357
304358
304359
304360
304361
304362
304363
304364
304365
304366
304367
304368
304369
304370
304371
304372
304373
304374
304375
304376
304377
304378
304379
304380
304381
304382
304383
304384
304385
304386
304387
304388
304389
304390
304391
304392
304393
304394
304395
304396
304397
304398
304399
304400
304401
304402
304403
304404
304405
304406
304407
304408
304409
304410
304411
304412
304413
304414
304415
304416
304417
304418
304419
304420
304421
304422
304423
304424
304425
304426
304427
304428
304429
304430
304431
304432
304433
304434
304435
304436
304437
304438
304439
304440
304441
304442
304443
304444
304445
304446
304447
304448
304449
304450
304451
304452
304453
304454
304455
304456
304457
304458
304459
304460
304461
304462
304463
304464
304465
304466
304467
304468
304469
304470
304471
304472
304473
304474
304475
304476
304477
304478
304479
304480
304481
304482
304483
304484
304485
304486
304487
304488
304489
304490
304491
304492
304493
304494
304495
304496
304497
304498
304499
304500
304501
304502
304503
304504
304505
304506
304507
304508
304509
304510
304511
304512
304513
304514
304515
304516
304517
304518
304519
304520
304521
304522
304523
304524
304525
304526
304527
304528
304529
304530
304531
304532
304533
304534
304535
304536
304537
304538
304539
304540
304541
304542
304543
304544
304545
304546
304548
304549
304550
304551
304552
304553
304554
304555
304556
304557
304558
304559
304560
304561
304562
304563
304564
304565
304566
304567
304568
304569
304570
304571
304572
304573
304574
304575
304576
304577
304578
304579
304580
304581
304582
304583
304584
304585
304586
304587
304588
304589
304590
304591
304592
304593
304594
304595
304596
304597
304598
304599
304600
304601
304603
304604
304605
304606
304607
304608
304609
304610
304611
304612
304613
304614
304615
304616
304617
304618
304619
304620
304621
304622
304623
304624
304625
304626
304627
304628
304629
304630
304631
304632
304633
304634
304635
304636
304637
304638
304639
304640
304641
304642
304643
304644
304645
304646
304647
304648
304649
304650
304651
304652
304653
304654
304655
304656
304657
304658
304659
304660
304661
304662
304663
304664
304665
304666
304667
304668
304669
304670
304671
304672
304673
304674
304675
304676
304677
304678
304679
304680
304681
304682
304683
304684
304685
304686
304687
304688
304689
304690
304691
304692
304693
304694
304695
304696
304697
304698
304699
304700
304701
304702
304703
304704
304705
304706
304707
304708
304709
304710
304711
304712
304713
304714
304715
304716
304717
304718
304719
304720
304721
304722
304723
304725
304726
304727
304728
304729
304730
304731
304732
304733
304734
304735
304737
304738
304739
304740
304741
304742
304743
304744
304745
304746
304747
304748
304749
304750
304751
304753
304754
304755
304756
304757
304758
304759
304760
304761
304762
304763
304764
304765
304766
304767
304768
304769
304770
304771
304772
304773
304774
304775
304776
304777
304799
304800
304801
304802
304803
304804
304805
304806
304807
304808
304809
304810
304811
304812
304813
304814
304815
304816
304817
304818
304819
304820
304821
304822
304823
304824
304825
304826
304827
304828
304829
304830
304831
304832
304833
304834
304835
304836
304837
304838
304839
304840
304841
304842
304843
304844
304845
304846
304847
304848
304849
304850
304851
304852
304853
304854
304855
304856
304857
304858
304859
304860
304861
304862
304863
304864
304865
304866
304867
304868
304869
304870
304871
304872
304873
304874
304875
304876
304877
304878
304879
304880
304881
304882
304883
304884
304885
304886
304887
304888
304889
304890
304891
304892
304893
304894
304895
304896
304897
304898
304899
304900
304901
304902
304903
304904
304905
304906
304907
304908
304909
304910
304911
304912
304913
304914
304915
304916
304917
304918
304919
304920
304921
304922
304923
304924
304925
304926
304927
304928
304929
304930
304931
304932
304933
304934
304935
304936
304937
304938
304939
304940
304941
304942
304943
304944
304945
304946
304947
304948
304949
304950
304951
304952
304953
304954
304955
304956
304957
304958
304959
304960
304961
304962
304963
304964
304965
304966
304967
304968
304969
304970
304971
304972
304973
304974
304975
304976
304977
304978
304979
304980
304981
304982
304983
304984
304985
304986
304987
304988
304989
304990
304991
304992
304993
304994
304995
304996
304997
304998
304999
305000
305001
305002
305003
305004
305005
305006
305007
305008
305009
305010
305011
305012
305013
305014
305015
305016
305017
305018
305019
305020
305021
305022
305023
305024
305025
305026
305027
305028
305029
305030
305031
305032
305033
305034
305035
305036
305037
305038
305039
305040
305041
305042
305043
305044
305045
305046
305047
305048
305049
305050
305051
305052
305053
305054
305055
305056
305057
305058
305059
305060
305061
305062
305063
305064
305065
305066
305067
305068
305069
305070
305071
305072
305073
305074
305075
305076
305077
305078
305079
305080
305081
305082
305119
305120
305121
305122
305123
305124
305125
305126
305127
305128
305129
305130
305132
305133
305134
305135
305136
305137
305138
305139
305140
305141
305142
305143
305144
305145
305146
305147
305148
305149
305150
305151
305152
305153
305154
305155
305156
305157
305158
305159
305160
305161
305162
305163
305164
305165
305166
305167
305168
305169
305170
305171
305172
305173
305174
305175
305176
305177
305178
305179
305180
305181
305182
305183
305184
305185
305186
305187
305188
305189
305190
305191
305192
305193
305194
305195
305196
305197
305198
305199
305200
305201
305202
305203
305204
305205
305206
305207
305208
305209
305210
305211
305212
305213
305214
305215
305216
305217
305218
305219
305220
305221
305222
305223
305224
305225
305226
305227
305228
305229
305230
305231
305232
305233
305234
305235
305236
305237
305238
305239
305240
305241
305242
305243
305244
305245
305246
305247
305248
305249
305250
305251
305252
305253
305254
305255
305256
305257
305258
305259
305260
305261
305262
305263
305264
305265
305266
305267
305268
305269
305270
305271
305272
305273
305274
305275
305276
305277
305278
305279
305280
305281
305282
305283
305284
305285
305286
305287
305288
305289
305290
305291
305292
305293
305294
305295
305296
305297
305298
305299
305300
305301
305302
305303
305304
305305
305306
305307
305308
305309
305310
305311
305312
305313
305314
305315
305316
305318
305319
305320
305321
305322
305323
305324
305325
305326
305327
305328
305329
305330
305331
305332
305333
305334
305335
305336
305337
305338
305339
305340
305341
305342
305343
305344
305346
305347
305349
305350
305351
305352
305353
305354
305355
305356
305357
305358
305359
305360
305361
305362
305363
305364
305365
305366
305367
305368
305369
305370
305371
305372
305373
305374
305375
305376
305377
305378
305379
305380
305381
305382
305383
305384
305385
305386
305387
305388
305389
305390
305419
305420
305421
305422
305423
305424
305425
305426
305427
305428
305429
305430
305431
305432
305433
305434
305435
305436
305437
305438
305439
305440
305441
305442
305443
305444
305445
305446
305447
305448
305449
305450
305451
305452
305453
305454
305455
305456
305457
305458
305459
305460
305461
305462
305463
305464
305465
305466
305467
305468
305469
305470
305471
305472
305473
305474
305475
305476
305477
305478
305479
305480
305481
305482
305483
305484
305485
305486
305487
305488
305489
305490
305491
305492
305493
305494
305495
305496
305497
305498
305499
305500
305501
305502
305503
305504
305505
305506
305507
305508
305509
305510
305511
305512
305513
305514
305515
305516
305517
305518
305519
305520
305521
305522
305524
305525
305526
305527
305528
305529
305530
305531
305532
305533
305534
305535
305536
305537
305538
305539
305540
305541
305542
305543
305544
305545
305546
305547
305548
305549
305550
305551
305552
305553
305554
305555
305556
305557
305558
305560
305561
305562
305563
305564
305565
305566
305567
305568
305569
305570
305571
305572
305573
305574
305575
305576
305577
305578
305579
305580
305581
305582
305583
305584
305585
305586
305587
305588
305589
305590
305591
305592
305593
305594
305595
305596
305597
305598
305599
305600
305601
305602
305603
305604
305605
305606
305607
305608
305609
305610
305611
305612
305613
305614
305616
305617
305618
305619
305620
305621
305622
305623
305624
305625
305626
305627
305628
305629
305630
305631
305632
305633
305634
305635
305636
305637
305638
305639
305675
305676
305677
305678
305679
305680
305681
305682
305683
305684
305685
305686
305687
305688
305689
305690
305691
305692
305693
305694
305695
305696
305697
305698
305699
305700
305701
305702
305703
305704
305705
305706
305707
305708
305709
305710
305712
305713
305714
305715
305716
305717
305718
305719
305720
305721
305722
305723
305724
305725
305726
305727
305728
305729
305730
305731
305732
305733
305734
305735
305736
305737
305738
305739
305740
305741
305742
305743
305744
305745
305746
305747
305748
305749
305750
305751
305752
305753
305754
305755
305756
305757
305758
305759
305760
305761
305762
305763
305764
305765
305766
305767
305768
305769
305770
305771
305772
305773
305774
305775
305776
305777
305778
305779
305780
305781
305782
305783
305784
305785
305786
305787
305788
305789
305790
305791
305792
305793
305794
305795
305796
305797
305798
305799
305800
305801
305802
305803
305804
305805
305806
305807
305808
305809
305810
305811
305812
305813
305814
305815
305816
305817
305818
305819
305820
305821
305822
305823
305824
305825
305826
305827
305828
305829
305830
305831
305832
305833
305834
305835
305836
305837
305838
305839
305840
305841
305842
305843
305844
305845
305846
305847
305848
305849
305850
305851
305852
305853
305854
305855
305856
305857
305858
305859
305860
305861
305862
305863
305864
305865
305866
305867
305868
305869
305870
305871
305872
305873
305874
305875
305876
305877
305878
305879
305880
305881
305882
305883
305884
305885
305886
305887
305888
305889
305890
305891
305892
305893
305894
305895
305896
305897
305898
305899
305900
305901
305902
305903
305904
305905
305906
305907
305908
305909
305910
305911
305912
305913
305914
305915
305917
305918
305919
305920
305921
305922
305923
305924
305925
305926
305927
305928
305929
305930
305931
305932
305933
305934
305935
305936
305937
305938
305939
305940
305941
305942
305943
305944
305945
305946
305947
305948
305949
305950
305952
305953
305954
305955
305956
305957
305958
305959
305960
305961
305962
305963
305964
305965
305966
305967
305968
305969
305970
305972
305973
305974
305975
305976
305977
305978
305979
305980
305981
305982
305983
305984
305985
305986
305987
305988
305989
305990
305991
305992
305993
305994
305995
305996
305997
305998
305999
306000
306001
306002
306003
306004
306005
306006
306007
306008
306009
306010
306011
306012
306013
306014
306015
306016
306017
306018
306019
306021
306022
306023
306024
306025
306026
306027
306028
306029
306030
306031
306032
306033
306034
306035
306036
306037
306038
306040
306041
306042
306043
306044
306045
306046
306047
306048
306049
306050
306051
306052
306053
306054
306055
306056
306057
306058
306059
306060
306061
306062
306063
306064
306065
306066
306067
306068
306069
306070
306071
306072
306073
306074
306075
306076
306077
306078
306079
306081
306082
306083
306084
306085
306086
306087
306088
306089
306090
306091
306092
306093
306094
306095
306096
306097
306098
306099
306100
306101
306102
306103
306104
306105
306162
306163
306164
306165
306166
306167
306168
306169
306170
306171
306172
306173
306174
306175
306176
306177
306178
306179
306180
306181
306182
306183
306184
306185
306186
306187
306188
306189
306190
306191
306192
306193
306194
306195
306196
306197
306198
306199
306200
306201
306202
306203
306204
306205
306206
306207
306208
306209
306210
306211
306212
306213
306214
306215
306216
306217
306218
306219
306220
306221
306223
306224
306225
306226
306227
306228
306229
306231
306232
306233
306234
306235
306236
306237
306238
306239
306240
306241
306242
306243
306244
306245
306246
306247
306248
306249
306250
306251
306252
306253
306254
306255
306256
306257
306258
306259
306260
306261
306262
306263
306264
306265
306266
306267
306268
306269
306270
306271
306272
306273
306274
306276
306277
306278
306279
306280
306281
306282
306283
306284
306285
306286
306287
306288
306289
306290
306291
306292
306293
306294
306295
306296
306297
306298
306299
306300
306301
306302
306303
306304
306305
306306
306307
306308
306309
306310
306311
306312
306313
306314
306315
306316
306317
306318
306319
306320
306321
306322
306323
306324
306325
306326
306327
306328
306329
306330
306331
306332
306333
306334
306335
306336
306337
306338
306339
306340
306341
306342
306343
306344
306345
306346
306347
306360
306361
306362
306363
306364
306365
306366
306367
306368
306369
306370
306371
306372
306373
306374
306375
306376
306378
306379
306380
306381
306382
306383
306384
306385
306386
306387
306388
306389
306390
306391
306392
306393
306394
306395
306396
306397
306398
306399
306400
306401
306402
306403
306404
306405
306406
306407
306408
306409
306410
306411
306412
306413
306414
306415
306416
306417
306418
306419
306420
306421
306422
306423
306424
306425
306426
306427
306428
306429
306430
306431
306432
306433
306434
306435
306436
306437
306438
306439
306440
306441
306442
306443
306444
306445
306446
306447
306448
306449
306450
306451
306452
306453
306454
306455
306456
306457
306458
306459
306460
306461
306462
306463
306464
306465
306466
306467
306468
306469
306470
306471
306472
306473
306474
306475
306476
306477
306478
306479
306480
306481
306482
306483
306484
306485
306486
306487
306488
306489
306490
306491
306492
306493
306494
306495
306496
306497
306498
306499
306500
306501
306502
306503
306504
306505
306506
306507
306508
306509
306510
306511
306512
306513
306514
306515
306516
306517
306518
306519
306520
306521
306522
306523
306524
306525
306526
306527
306528
306529
306530
306531
306532
306533
306534
306535
306536
306537
306538
306539
306540
306541
306542
306543
306544
306545
306546
306547
306548
306549
306550
306551
306552
306553
306554
306555
306556
306557
306558
306559
306654
306655
306656
306657
306658
306659
306660
306661
306662
306663
306664
306665
306666
306667
306668
306669
306670
306671
306672
306673
306674
306675
306676
306677
306678
306679
306680
306681
306682
306683
306684
306685
306686
306687
306688
306689
306690
306691
306692
306693
306694
306695
306696
306697
306698
306699
306700
306701
306702
306703
306704
306705
306706
306707
306708
306709
306710
306711
306712
306713
306714
306715
306716
306717
306718
306719
306720
306721
306722
306723
306724
306725
306726
306727
306728
306729
306730
306731
306732
306733
306734
306735
306736
306737
306738
306739
306740
306741
306742
306743
306744
306745
306746
306747
306748
306749
306750
306751
306752
306753
306754
306755
306756
306757
306758
306759
306760
306761
306762
306763
306764
306765
306766
306767
306768
306769
306770
306771
306772
306773
306774
306775
306776
306777
306778
306779
306780
306781
306782
306783
306784
306785
306786
306787
306788
306789
306790
306791
306792
306793
306794
306795
306796
306797
306798
306799
306800
306801
306802
306803
306804
306805
306806
306807
306808
306809
306810
306811
306812
306813
306814
306815
306816
306969
306970
306971
306972
306973
306974
306975
306976
306977
306978
306979
306980
306981
306982
306983
306984
306985
306986
306987
306988
306989
306990
306991
306992
306993
306994
306995
306996
306997
306998
306999
307000
307001
307002
307003
307004
307005
307006
307007
307008
307009
307010
307011
307012
307013
307014
307015
307016
307017
307018
307019
307020
307021
307022
307023
307024
307025
307026
307027
307028
307029
307030
307031
307032
307033
307034
307035
307036
307037
307038
307039
307040
307041
307042
307043
307044
307045
307046
307047
307048
307049
307050
307051
307052
307053
307054
307055
307056
307057
307058
307059
307060
307061
307062
307063
307064
307065
307066
307067
307068
307069
307070
307071
307072
307073
307074
307075
307076
307077
307078
307079
307080
307081
307082
307083
307084
307085
307086
307087
307088
307089
307090
307091
307092
307093
307094
307095
307096
307097
307098
307099
307100
307101
307102
307103
307104
307105
307106
307107
307108
307109
307110
307111
307112
307113
307114
307115
307116
307117
307118
307119
307120
307121
307122
307123
307124
307125
307126
307127
307128
307129
307130
307131
307132
307133
307134
307135
307136
307137
307138
307139
307140
307141
307142
307143
307144
307145
307146
307147
307148
307149
307150
307151
307152
307153
307154
307155
307156
307157
307158
307159
307160
307161
307162
307163
307164
307165
307166
307167
307168
307169
307170
307171
307172
307173
307174
307175
307176
307177
307178
307179
307180
307181
307182
307183
307184
307185
307186
307187
307188
307189
307190
307191
307192
307193
307194
307195
307196
307197
307198
307199
307200
307201
307384
307385
307386
307387
307388
307389
307390
307391
307392
307393
307394
307395
307396
307397
307398
307399
307400
307401
307402
307403
307404
307405
307406
307407
307408
307409
307410
307411
307412
307413
307414
307415
307416
307417
307418
307419
307420
307421
307422
307423
307424
307425
307426
307427
307428
307429
307430
307431
307432
307433
307434
307435
307436
307437
307438
307439
307440
307441
307442
307443
307444
307445
307446
307447
307448
307449
307450
307451
307452
307453
307454
307455
307456
307457
307458
307459
307460
307461
307462
307463
307464
307465
307466
307467
307468
307469
307470
307471
307472
307473
307474
307475
307476
307477
307478
307479
307480
307481
307482
307483
307484
307485
307486
307487
307488
307489
307490
307491
307492
307493
307494
307495
307496
307497
307498
307499
307500
307501
307502
307503
307504
307505
307506
307507
307508
307509
307510
307511
307512
307513
307514
307515
307516
307517
307518
307519
307520
307521
307522
307523
307524
307525
307526
307527
307528
307529
307530
307532
307533
307534
307535
307536
307537
307538
307539
307540
307541
307542
307543
307544
307545
307546
307547
307548
307549
307550
307551
307552
307553
307554
307555
307556
307557
307558
307559
307560
307561
307562
307563
307564
307565
307566
307567
307568
307569
307570
307571
307572
307573
307574
307575
307576
307577
307578
307579
307580
307581
307582
307583
307584
307585
307586
307587
307588
307589
307590
307591
307592
307593
307594
307595
307596
307597
307598
307599
307600
307601
307602
307603
307604
307605
307606
307607
307608
307609
307610
307611
307612
307613
307614
307615
307616
307618
307619
307620
307621
307622
307623
307624
307625
307626
307627
307628
307629
307630
307631
307632
307633
307634
307635
307636
307637
307638
307639
307640
307641
307642
307643
307644
307645
307646
307647
307648
307649
307650
307651
307652
307653
307654
307655
307656
307657
307658
307659
307660
307661
307662
307663
307664
307665
307666
307667
307668
307669
307670
307671
307672
307673
307674
307675
307676
307677
307678
307679
307680
307681
307682
307683
307684
307685
307686
307687
307688
307689
307690
307691
307692
307693
307694
307695
307696
307697
307698
307699
307700
307701
307702
307703
307704
307705
307706
307707
307708
307709
307710
307711
307712
307713
307714
307715
307716
307717
307718
307719
307720
307721
307722
307723
307724
307725
307726
307727
307728
307729
307730
307731
307732
307733
307734
307735
307736
307737
307738
307739
307740
307741
307742
307743
307744
307745
307746
307747
307748
307749
307750
307751
307752
307753
307754
307755
307756
307757
307758
307759
307760
307761
307762
307763
307764
307765
307766
307767
307768
307769
307770
307771
307772
307773
307774
307775
307776
307777
307778
307783
307784
307785
307786
307787
307788
307789
307790
307791
307792
307793
307794
307795
307796
307797
307798
307799
307800
307801
307802
307803
307804
307805
307806
307807
307808
307809
307810
307851
307852
307853
307854
307855
307856
307857
307858
307859
307860
307861
307862
307863
307864
307865
307866
307868
307869
307870
307871
307872
307873
307874
307875
307876
307877
307878
307879
307880
307881
307882
307883
307884
307885
307886
307887
307888
307889
307890
307891
307892
307893
307894
307895
307896
307897
307898
307899
307900
307901
307902
307903
307904
307905
307906
307907
307908
307909
307910
307911
307912
307913
307914
307915
307916
307917
307918
307919
307920
307921
307922
307923
307924
307925
307926
307927
307929
307930
307931
307932
307933
307934
307935
307936
307937
307938
307939
307940
307941
307942
307943
307944
307945
307946
307947
307948
307949
307950
307951
307952
307953
307954
307955
307956
307957
307958
307959
307960
307961
307962
307963
307964
307965
307966
307967
307968
307969
307970
307971
307972
307973
307974
307975
307976
307977
307978
307979
307980
307981
307982
307983
307984
307985
307986
307987
307988
307989
307990
307991
307992
307993
307994
307995
307996
307997
307998
307999
308000
308001
308002
308003
308004
308005
308006
308007
308008
308009
308010
308011
308012
308013
308014
308015
308016
308017
308018
308019
308020
308021
308022
308023
308024
308025
308026
308027
308028
308029
308030
308031
308032
308033
308034
308035
308036
308037
308038
308039
308040
308041
308042
308043
308044
308045
308046
308047
308048
308049
308050
308051
308052
308053
308054
308055
308056
308057
308058
308059
308060
308061
308062
308063
308065
308066
308067
308068
308069
308070
308071
308072
308073
308074
308075
308076
308077
308078
308079
308080
308081
308082
308083
308084
308085
308086
308087
308088
308089
308090
308091
308092
308093
308094
308095
308096
308097
308098
308099
308100
308101
308102
308103
308104
308105
308106
308107
308108
308109
308110
308111
308112
308113
308114
308115
308116
308117
308118
308119
308120
308121
308122
308123
308124
308125
308126
308127
308128
308129
308130
308131
308132
308133
308134
308135
308136
308137
308138
308139
308140
308141
308142
308143
308144
308145
308146
308147
308148
308149
308150
308151
308152
308153
308154
308155
308156
308157
308158
308159
308160
308161
308162
308163
308164
308165
308166
308167
308168
308169
308170
308171
308172
308173
308174
308175
308176
308177
308178
308179
308180
308181
308182
308183
308184
308185
308186
308187
308188
308189
308190
308191
308192
308193
308194
308195
308196
308197
308198
308199
308200
308201
308202
308203
308204
308205
308206
308207
308208
308209
308210
308211
308212
308213
308214
308215
308216
308217
308218
308219
308221
308222
308223
308224
308225
308226
308227
308228
308229
308230
308231
308232
308414
308415
308416
308417
308418
308419
308420
308421
308422
308423
308424
308425
308426
308427
308428
308429
308430
308431
308432
308433
308434
308435
308436
308437
308438
308439
308440
308441
308442
308443
308444
308445
308446
308447
308448
308449
308450
308451
308452
308453
308454
308455
308456
308457
308458
308459
308460
308461
308462
308463
308464
308465
308466
308467
308468
308469
308470
308471
308472
308473
308474
308475
308476
308477
308478
308479
308480
308481
308482
308483
308484
308485
308785
308786
308787
308788
308789
308790
308791
308792
308793
308794
308795
308796
308797
308798
308799
308800
308801
308802
308803
308804
308805
308806
308807
308808
308809
308810
308811
308812
308813
308814
308815
308816
308817
308818
308819
308820
308821
308822
308824
308825
308826
308827
308828
308829
308830
308831
308832
308833
308834
308835
308836
308837
308838
308839
308840
308841
308842
308843
308844
308845
308846
308847
308848
308849
308850
308851
308852
308853
308854
308855
308856
308857
308858
308859
308860
308861
308862
308863
308864
308865
308866
308867
308868
308869
308870
308871
308872
308873
308874
308875
308876
308877
308878
308879
308880
308881
308882
308883
308884
308885
308886
308887
308888
308889
308890
308891
308892
308893
308894
308895
308896
308898
308899
308900
308901
308902
308903
308904
308905
308906
308907
308908
308909
308910
308911
308912
308913
308914
308915
308916
308917
308918
308919
308920
308921
308922
308923
308924
308925
308926
308928
308929
308930
308931
308942
308943
308944
308945
308946
308947
308948
308949
308950
308951
308952
308953
308954
308955
308956
308957
308958
308959
308960
308961
308962
308963
308964
308965
308966
308967
308968
308969
308970
308971
308972
308973
308974
308975
308976
308977
308978
308979
308980
308981
308982
308983
308984
308985
308986
308987
308988
308989
308990
308991
308992
308993
308994
308995
308996
308997
308998
308999
309000
309001
309002
309003
309004
309005
309006
309007
309008
309009
309010
309011
309012
309013
309014
309015
309016
309017
309019
309020
309021
309022
309023
309024
309025
309026
309027
309028
309029
309030
309031
309032
309033
309034
309035
309036
309037
309038
309039
309040
309041
309042
309043
309044
309045
309046
309047
309048
309049
309050
309051
309052
309053
309054
309055
309056
309057
309058
309059
309060
309061
309063
309064
309065
309066
309067
309068
309069
309070
309071
309072
309073
309074
309075
309076
309077
309078
309079
309080
309081
309082
309083
309084
309085
309086
309087
309088
309089
309090
309091
309092
309093
309094
309095
309096
309097
309098
309099
309100
309101
309102
309103
309104
309105
309106
309107
309108
309109
309110
309111
309112
309113
309114
309115
309116
309117
309118
309119
309120
309121
309122
309123
309124
309125
309126
309127
309128
309129
309130
309131
309132
309133
309134
309135
309136
309137
309138
309139
309140
309141
309142
309143
309144
309145
309146
309147
309148
309149
309150
309151
309152
309153
309154
309155
309156
309157
309158
309159
309160
309161
309162
309163
309164
309165
309166
309167
309168
309169
309170
309171
309172
309173
309174
309175
309176
309177
309178
309179
309180
309181
309182
309183
309184
309185
309186
309187
309188
309189
309190
309191
309192
309193
309194
309195
309196
309197
309198
309199
309200
309201
309202
309203
309204
309205
309206
309207
309208
309209
309210
309211
309212
309213
309214
309215
309216
309217
309218
309219
309220
309221
309222
309223
309224
309225
309226
309227
309228
309229
309230
309231
309232
309233
309234
309235
309236
309237
309238
309347
309348
309349
309350
309351
309352
309353
309354
309355
309356
309357
309358
309359
309360
309361
309362
309363
309364
309365
309366
309367
309368
309369
309370
309371
309372
309373
309374
309375
309376
309377
309378
309379
309380
309381
309382
309383
309384
309385
309386
309387
309388
309389
309390
309391
309392
309393
309394
309395
309396
309397
309398
309399
309400
309401
309402
309403
309404
309405
309406
309407
309408
309409
309410
309411
309412
309413
309414
309415
309416
309417
309418
309419
309420
309421
309422
309423
309424
309425
309426
309427
309428
309429
309430
309431
309432
309433
309434
309435
309436
309437
309438
309439
309440
309441
309442
309443
309444
309445
309446
309447
309448
309449
309450
309451
309452
309453
309454
309455
309456
309457
309458
309459
309460
309461
309462
309463
309464
309465
309466
309467
309468
309469
309470
309471
309472
309473
309474
309475
309476
309477
309478
309479
309480
309481
309482
309483
309484
309485
309486
309487
309488
309489
309490
309491
309492
309493
309494
309495
309496
309497
309498
309499
309500
309501
309502
309503
309504
309505
309506
309507
309508
309509
309510
309511
309512
309513
309514
309515
309516
309517
309518
309519
309520
309521
309522
309523
309524
309525
309526
309527
309528
309529
309530
309531
309532
309533
309534
309535
309536
309537
309538
309539
309540
309541
309542
309543
309544
309545
309546
309547
309548
309549
309550
309551
309552
309553
309554
309555
309556
309557
309558
309559
309560
309562
309563
309564
309565
309566
309567
309568
309569
309570
309571
309572
309573
309574
309575
309576
309577
309578
309579
309580
309581
309582
309583
309584
309585
309586
309587
309588
309589
309590
309591
309592
309593
309594
309595
309596
309597
309598
309599
309600
309601
309602
309603
309604
309605
309606
309607
309608
309609
309610
309611
309612
309613
309614
309615
309616
309617
309618
309619
309620
309621
309622
309623
309624
309625
309626
309627
309628
309629
309630
309631
309632
309633
309634
309635
309636
309637
309638
309639
309640
309641
309642
309643
309644
309645
309646
309647
309648
309649
309650
309651
309652
309653
309654
309655
309656
309657
309658
309659
309660
309661
309662
309663
309664
309665
309666
309667
309668
309669
309670
309671
309672
309673
309674
309675
309676
309677
309678
309679
309680
309681
309682
309683
309684
309685
309686
309687
309688
309689
309690
309691
309692
309693
309695
309696
309697
309698
309699
309700
309701
309702
309703
309704
309705
309706
309707
309708
309709
309710
309711
309712
309713
309714
309715
309716
309717
309718
309719
309721
309722
309723
309724
309725
309726
309727
309728
309855
309856
309857
309858
309859
309860
309861
309862
309863
309864
309865
309866
309867
309868
309869
309870
309871
309872
309873
309874
309875
309876
309877
309878
309879
309880
309881
309882
309883
309884
309885
309886
309887
309888
309889
309890
309891
309892
309893
309894
309895
309896
309897
309898
309899
309900
309901
309902
309903
309904
309905
309906
309907
309908
309909
309910
309911
309912
309913
309914
309915
309916
309917
309918
309919
309920
309921
309922
309923
309924
309925
309926
309927
309928
309929
309930
309931
309932
309933
309934
309935
309936
309937
309938
309939
309940
309941
309942
309943
309944
309945
309946
309947
309948
309949
309950
309951
309952
309953
309954
309955
309956
309957
309958
309959
309960
309961
309962
309963
309964
309965
309966
309967
309968
309969
309970
309971
309972
309973
309974
309975
309976
309977
309978
309979
309980
309981
309982
309983
309984
309985
309986
309987
309988
309989
309990
309991
309992
310171
310172
310173
310174
310175
310176
310177
310178
310179
310180
310181
310182
310183
310184
310185
310186
310187
310188
310189
310190
310191
310192
310193
310194
310195
310196
310197
310198
310199
310200
310201
310202
310203
310204
310205
310206
310207
310208
310209
310210
310211
310212
310213
310214
310215
310216
310217
310218
310219
310220
310221
310222
310223
310224
310225
310226
310227
310228
310229
310230
310231
310232
310233
310234
310235
310236
310237
310238
310239
310240
310241
310242
310243
310244
310245
310246
310247
310248
310249
310250
310251
310252
310253
310254
310255
310256
310257
310258
310259
310260
310261
310262
310263
310264
310265
310266
310267
310268
310269
310270
310271
310272
310273
310274
310275
310276
310277
310278
310279
310280
310281
310282
310283
310284
310285
310286
310287
310288
310289
310290
310291
310292
310293
310294
310295
310296
310297
310298
310299
310300
310301
310302
310303
310304
310305
310306
310307
310308
310309
310310
310311
310312
310313
310314
310315
310316
310317
310318
310319
310320
310321
310322
310323
310324
310325
310326
310327
310328
310329
310330
310331
310332
310333
310334
310335
310336
310337
310338
310339
310363
310364
310365
310366
310367
310368
310369
310370
310371
310372
310373
310374
310375
310376
310377
310378
310379
310380
310381
310382
310383
310384
310385
310386
310387
310388
310389
310390
310391
310392
310393
310394
310395
310396
310397
310398
310399
310400
310401
310402
310403
310404
310405
310406
310407
310408
310409
310410
310411
310412
310413
310414
310415
310416
310417
310418
310419
310420
310421
310422
310423
310424
310425
310426
310427
310428
310429
310430
310431
310432
310433
310434
310435
310436
310437
310438
310439
310440
310441
310442
310443
310444
310445
310446
310447
310448
310449
310450
310451
310452
310453
310454
310455
310456
310470
310471
310472
310473
310474
310475
310476
310477
310478
310479
310480
310481
310482
310483
310484
310485
310486
310487
310488
310489
310490
310491
310492
310493
310494
310495
310496
310497
310498
310499
310500
310501
310502
310503
310504
310505
310506
310507
310508
310509
310510
310511
310512
310513
310514
310515
310516
310517
310518
310519
310520
310521
310522
310523
310524
310525
310526
310527
310528
310529
310530
310531
310532
310533
310534
310535
310536
310537
310538
310539
310540
310541
310542
310543
310544
310545
310546
310547
310548
310549
310550
310551
310552
310553
310554
310555
310556
310557
310558
310559
310560
310561
310562
310563
310564
310565
310566
310567
310568
310569
310570
310571
310572
310573
310574
310575
310576
310577
310578
310579
310580
310581
310582
310583
310584
310585
310586
310587
310588
310589
310590
310591
310592
310593
310594
310595
310596
310597
310598
310599
310600
310601
310602
310603
310604
310605
310606
310607
310608
310609
310610
310611
310612
310613
310614
310615
310616
310617
310618
310619
310620
310621
310622
310623
310624
310625
310626
310627
310628
310629
310630
310631
310632
310633
310634
310635
310636
310637
310638
310639
310640
310641
310642
310643
310644
310645
310646
310647
310648
310649
310650
310651
310652
310653
310654
310655
310656
310657
310658
310659
310660
310661
310662
310663
310664
310665
310666
310667
310668
310669
310670
310671
310672
310673
310674
310675
310676
310677
310678
310679
310680
310681
310682
310683
310684
310685
310686
310687
310688
310689
310690
310691
310692
310693
310694
310695
310696
310697
310698
310699
310700
310701
310702
310703
310704
310705
310706
310707
310708
310709
310710
310711
310712
310713
310714
310715
310716
310717
310718
310719
310720
310721
310722
310723
310724
310725
310726
310727
310728
310729
310730
310731
310732
310733
310734
310735
310736
310737
310738
310739
310740
310741
310742
310743
310744
310745
310746
310747
310748
310749
310750
310751
310752
310753
310754
310755
310756
310757
310758
310759
310760
310761
310762
310763
310764
310765
310766
310767
310768
310769
310770
310771
310772
310773
310774
310775
310776
310777
310778
310779
310780
310781
310782
310783
310784
310785
310786
310796
310797
310798
310799
310800
310801
310802
310803
310804
310805
310806
310807
310808
310809
310810
310811
310812
310813
310814
310815
310816
310817
310818
310819
310820
310821
310822
310823
310824
310825
310826
310827
310828
310829
310830
310831
310832
310833
310834
310835
310836
310837
310838
310839
310840
310841
310842
310843
310844
310845
310846
310847
310848
310849
310850
310851
310852
310853
310854
310855
310856
310857
310858
310859
310860
310861
310862
310863
310864
310865
310866
310867
310868
310869
310870
310871
310872
310873
310874
310875
310876
310877
310878
310879
310880
310881
310882
310883
310884
310885
310886
310887
310888
310889
310890
310891
310892
310893
310894
310895
310896
310897
310898
310899
310900
310901
310902
310903
310904
310905
310906
310907
310908
310909
310910
310911
310912
310913
310914
310915
310916
310917
310918
310919
310920
310921
310922
310923
310924
310925
310926
310927
310928
310929
310930
310931
310932
310933
310934
310935
310936
310937
310938
310939
310940
310941
310942
310943
310944
310945
310946
310947
310948
310949
310950
310951
310952
310953
310954
310955
311184
311185
311186
311187
311188
311189
311190
311191
311192
311193
311194
311195
311196
311197
311198
311199
311200
311201
311202
311203
311204
311205
311206
311207
311208
311209
311210
311211
311212
311213
311214
311215
311216
311217
311218
311219
311220
311221
311222
311223
311224
311225
311226
311227
311228
311229
311230
311231
311232
311233
311234
311235
311236
311237
311238
311239
311240
311241
311242
311243
311244
311245
311246
311247
311248
311249
311250
311251
311252
311253
311254
311255
311269
311270
311271
311272
311273
311274
311275
311276
311277
311278
311279
311280
311281
311282
311283
311284
311285
311286
311288
311289
311290
311291
311292
311293
311294
311295
311296
311297
311298
311299
311300
311301
311302
311303
311304
311305
311306
311307
311308
311309
311310
311311
311312
311313
311314
311315
311316
311317
311318
311319
311320
311321
311322
311323
311324
311325
311326
311327
311328
311329
311330
311332
311333
311334
311335
311336
311337
311338
311339
311340
311341
311342
311343
311344
311345
311346
311347
311348
311349
311350
311351
311352
311353
311354
311355
311356
311357
311358
311359
311360
311361
311362
311363
311364
311365
311366
311367
311368
311369
311370
311371
311372
311373
311374
311375
311376
311377
311378
311379
311380
311381
311382
311383
311384
311385
311386
311387
311388
311389
311390
311391
311392
311393
311394
311395
311396
311397
311398
311399
311400
311401
311402
311403
311404
311405
311406
311407
311408
311409
311410
311411
311412
311413
311414
311415
311416
311417
311418
311419
311420
311421
311422
311423
311424
311425
311426
311427
311428
311429
311430
311431
311432
311433
311761
311762
311763
311764
311765
311766
311767
311768
311769
311770
311771
311772
311773
311774
311775
311776
311777
311778
311779
311780
311781
311782
311783
311784
311785
311786
311787
311788
311789
311790
311791
311792
311793
311794
311795
311796
311797
311798
311799
311800
311801
311802
311803
311804
311805
311806
311807
311808
311809
311810
311811
311812
311813
311814
311815
311816
311817
311818
311819
311820
311821
311822
311823
311824
311825
311826
311827
311828
311829
311830
311831
311832
311833
311834
311835
311836
311837
311838
311839
311840
311841
311842
311843
311844
311845
311846
311847
311848
311849
311850
311851
311852
311853
311854
311855
311856
311857
311858
311859
311860
311861
311862
311863
311864
311865
311866
311867
311868
311869
311870
311871
311872
311873
311874
311875
311876
311877
311878
311879
311880
311881
311882
311883
311884
311885
311886
311887
311888
311889
311890
311891
311892
311893
311894
311895
311896
311897
311898
311899
311900
311901
311902
311903
311904
311905
311906
311907
311908
311909
311910
311911
311912
311913
311914
311915
311916
311917
311918
311919
311920
311921
311922
311923
311924
311925
311926
311927
311928
311929
311930
311931
311932
311933
311934
311935
311936
311937
311938
311939
311940
311941
311942
311943
311944
311945
311946
311947
311948
311949
311950
311951
311952
311953
311954
311955
311956
311957
311958
311959
311960
311961
311962
311963
311964
311965
311966
311967
311968
311969
311970
311971
311972
311973
311974
311975
311976
311977
311988
311989
311990
311991
311992
311993
311994
311995
311996
311997
311998
311999
312000
312001
312002
312003
312004
312005
312006
312007
312008
312009
312010
312011
312012
312013
312014
312015
312016
312017
312018
312019
312020
312021
312022
312023
312024
312025
312026
312027
312028
312029
312030
312031
312032
312033
312034
312035
312036
312037
312038
312039
312040
312041
312042
312043
312044
312045
312046
312047
312048
312049
312050
312051
312052
312053
312054
312055
312056
312057
312058
312059
312060
312061
312062
312063
312064
312065
312066
312067
312068
312069
312070
312071
312072
312073
312074
312075
312076
312077
312078
312079
312080
312081
312082
312083
312084
312085
312086
312087
312088
312089
312090
312091
312092
312093
312094
312095
312096
312097
312098
312099
312100
312101
312102
312103
312104
312105
312106
312107
312108
312109
312110
312111
312112
312113
312134
312135
312136
312137
312138
312139
312140
312141
312142
312143
312144
312145
312146
312147
312148
312149
312150
312151
312152
312153
312154
312155
312156
312157
312158
312159
312160
312161
312162
312163
312164
312165
312166
312167
312168
312169
312170
312171
312172
312173
312174
312175
312176
312177
312178
312179
312180
312181
312182
312183
312184
312185
312186
312187
312188
312189
312190
312191
312192
312193
312194
312195
312196
312197
312198
312199
312201
312202
312203
312204
312205
312206
312207
312208
312209
312210
312211
312212
312213
312214
312215
312216
312217
312218
312219
312220
312221
312222
312223
312224
312225
312226
312227
312228
312229
312230
312231
312232
312233
312234
312235
312236
312237
312238
312239
312240
312241
312242
312243
312244
312245
312246
312247
312248
312249
312250
312251
312252
312253
312254
312255
312256
312257
312258
312259
312260
312261
312262
312263
312264
312265
312266
312267
312268
312269
312270
312271
312272
312273
312274
312275
312276
312277
312278
312279
312280
312281
312282
312283
312284
312285
312286
312287
312288
312289
312290
312291
312292
312293
312294
312295
312296
312297
312298
312552
312553
312554
312555
312556
312557
312558
312559
312560
312561
312562
312563
312564
312565
312566
312567
312568
312569
312570
312571
312572
312573
312574
312575
312576
312577
312578
312579
312580
312581
312582
312583
312584
312585
312586
312587
312588
312589
312590
312591
312592
312593
312594
312595
312596
312597
312598
312599
312600
312601
312602
312603
312604
312605
312606
312607
312608
312609
312610
312611
312612
312613
312614
312615
312616
312617
312618
312619
312620
312621
312623
312624
312625
312626
312627
312628
312629
312630
312631
312632
312633
312634
312636
312637
312638
312639
312640
312641
312642
312643
312644
312645
312646
312647
312648
312649
312650
312651
312652
312653
312654
312655
312656
312657
312658
312659
312660
312661
312662
312663
312664
312665
312666
312667
312668
312669
312670
312671
312672
312673
312674
312675
312676
312677
312678
312679
312680
312681
312682
312683
312684
312685
312686
312687
312688
312689
312690
312691
312692
312693
312694
312695
312696
312697
312698
312699
312700
312701
312702
312703
312704
312705
312706
312707
312708
312709
312710
312711
312712
312713
312714
312715
312716
312717
312718
312719
312720
312721
312722
312723
312724
312725
312727
312728
312729
312730
312731
312732
312733
312734
312735
312736
312737
312738
312739
312740
312741
312742
312743
312744
312746
312747
312762
312763
312764
312765
312766
312767
312768
312769
312770
312771
312772
312773
312774
312775
312776
312777
312778
312779
312780
312781
312782
312783
312784
312785
312786
312787
312788
312789
312790
312791
312792
312793
312794
312795
312796
312797
312798
312799
312800
312801
312802
312803
312804
312805
312806
312807
312808
312809
312810
312811
312812
312813
312814
312815
312816
312817
312818
312819
312820
312821
312822
312823
312824
312825
312826
312827
312828
312829
312830
312831
312832
312833
312834
312835
312836
312837
312838
312839
312840
312841
312842
312843
312844
312845
312846
312847
312848
312849
312850
312851
312852
312853
312854
312855
312856
312857
312858
312859
312860
312861
312862
312863
312864
312865
312866
312867
312868
312869
312870
312871
312872
312873
312874
312875
312876
312877
312878
312879
312880
312881
312882
312883
312884
312885
312886
312887
312888
312889
312890
312891
312892
312893
312894
312895
312896
312897
312898
312899
312900
312901
312902
312903
312904
312905
312906
312907
312908
312909
312910
312911
312912
312913
312914
312915
312916
312917
312918
312919
312920
312921
312922
312923
312924
312925
312926
312927
312928
312929
312930
312931
312932
312933
312934
312935
312936
312937
312938
312939
312940
312941
312942
312943
312944
312945
312946
312947
312948
312949
312950
312951
312952
312953
312954
312955
312956
312957
312958
312959
312960
312961
312962
312963
312964
312965
312966
312967
312968
312969
312970
312971
312972
312973
312974
312975
312976
312977
312978
312979
312980
312981
312982
312983
312984
312985
312986
312987
312988
312989
312990
312991
312992
312993
312994
312995
312996
312997
312998
312999
313000
313001
313002
313003
313004
313005
313006
313007
313008
313009
313010
313011
313012
313013
313014
313015
313016
313017
313018
313019
313020
313021
313022
313023
313024
313025
313026
313027
313028
313029
313030
313031
313032
313033
313034
313035
313036
313037
313038
313039
313050
313051
313052
313053
313054
313055
313056
313057
313058
313059
313060
313061
313062
313063
313064
313065
313066
313067
313068
313069
313070
313071
313072
313073
313074
313075
313076
313077
313078
313079
313080
313081
313082
313083
313084
313085
313086
313087
313088
313089
313090
313091
313092
313093
313094
313095
313096
313097
313098
313099
313100
313101
313102
313103
313104
313105
313106
313107
313108
313109
313110
313111
313112
313113
313114
313115
313116
313117
313118
313119
313120
313121
313122
313123
313124
313125
313126
313127
313128
313129
313130
313131
313132
313133
313134
313135
313136
313137
313138
313139
313140
313141
313142
313143
313144
313145
313146
313147
313148
313149
313150
313151
313152
313153
313154
313155
313157
313158
313159
313160
313161
313162
313163
313164
313165
313166
313167
313168
313169
313170
313171
313172
313173
313174
313176
313177
313178
313179
313180
313181
313182
313183
313184
313185
313186
313187
313188
313189
313190
313191
313192
313193
313194
313195
313196
313197
313198
313199
313200
313201
313202
313203
313204
313205
313206
313207
313208
313209
313210
313211
313212
313213
313214
313215
313216
313217
313218
313219
313220
313221
313222
313223
313224
313225
313226
313227
313228
313229
313230
313231
313232
313233
313234
313235
313236
313237
313238
313239
313240
313241
313242
313243
313244
313245
313246
313247
313248
313249
313250
313251
313252
313253
313254
313255
313256
313257
313258
313259
313260
313261
313262
313263
313264
313265
313266
313267
313268
313269
313270
313271
313272
313273
313274
313275
313276
313277
313278
313279
313280
313281
313282
313283
313284
313285
313286
313287
313288
313289
313290
313291
313292
313293
313294
313295
313296
313297
313298
313299
313300
313301
313302
313303
313304
313305
313306
313307
313308
313309
313310
313311
313312
313313
313314
313315
313316
313317
313318
313319
313320
313321
313322
313323
313324
313325
313326
313327
313328
313329
313330
313331
313332
313333
313334
313335
313336
313337
313338
313339
313340
313341
313342
313344
313345
313346
313347
313348
313349
313350
313351
313352
313353
313354
313355
313356
313357
313358
313359
313360
313361
313362
313363
313364
313365
313366
313367
313368
313369
313370
313371
313372
313373
313374
313375
313376
313377
313378
313379
313380
313381
313382
313383
313384
313385
313386
313387
313388
313389
313390
313391
313392
313393
313394
313395
313396
313397
313398
313399
313400
313401
313402
313403
313404
313405
313406
313407
313408
313409
313410
313411
313412
313413
313414
313415
313416
313417
313418
313419
313420
313421
313422
313423
313424
313425
313426
313427
313428
313429
313430
313431
313432
313433
313434
313435
313436
313437
313438
313439
313440
313441
313442
313443
313444
313445
313446
313447
313448
313450
313451
313452
313453
313454
313455
313456
313457
313458
313459
313460
313461
313462
313463
313464
313465
313466
313467
313468
313469
313470
313471
313472
313473
313474
313475
313476
313477
313478
313479
313480
313481
313482
313483
313484
313485
313486
313487
313488
313489
313490
313491
313492
313493
313494
313495
313496
313497
313498
313499
313500
313501
313502
313503
313504
313505
313506
313507
313508
313510
313511
313512
313513
313514
313515
313516
313517
313518
313519
313520
313521
313522
313523
313524
313525
313526
313527
313528
313529
313530
313531
313532
313533
313534
313535
313536
313537
313538
313539
313540
313541
313542
313543
313544
313545
313546
313547
313548
313549
313550
313551
313552
313553
313554
313555
313556
313557
313558
313559
313560
313561
313562
313563
313564
313565
313566
313567
313568
313569
313570
313571
313572
313573
313574
313575
313576
313577
313578
313579
313580
313581
313582
313583
313584
313585
313586
313587
313588
313589
313590
313591
313592
313593
313594
313595
313596
313597
313598
313599
313600
313601
313602
313603
313604
313605
313606
313607
313608
313609
313610
313611
313612
313613
313614
313615
313616
313617
313618
313619
313620
313621
313622
313623
313624
313625
313626
313627
313628
313629
313630
313631
313640
313641
313642
313643
313644
313645
313646
313647
313648
313649
313650
313651
313652
313653
313654
313655
313656
313657
313658
313659
313660
313661
313662
313663
313664
313665
313666
313667
313668
313669
313670
313671
313672
313673
313674
313675
313676
313677
313678
313679
313680
313681
313682
313683
313684
313685
313686
313687
313688
313689
313690
313691
313692
313693
313694
313695
313696
313697
313698
313699
313700
313701
313702
313703
313704
313705
313706
313707
313708
313709
313710
313711
313712
313713
313714
313715
313716
313717
313718
313719
313720
313721
313722
313723
313724
313725
313726
313727
313728
313729
313730
313731
313732
313733
313734
313735
313736
313737
313738
313739
313740
313741
313742
313743
313744
313745
313746
313747
313748
313749
313750
313751
313752
313753
313754
313755
313756
313757
313758
313759
313760
313761
313762
313763
313764
313765
313766
313767
313768
313769
313770
313771
313772
313773
313774
313775
313783
313784
313785
313786
313787
313788
313789
313790
313791
313792
313793
313794
313795
313796
313797
313798
313799
313800
313801
313802
313803
313804
313805
313806
313807
313808
313809
313810
313811
313812
313813
313814
313815
313816
313817
313818
313819
313820
313821
313822
313823
313824
313825
313826
313827
313828
313829
313830
313831
313832
313833
313834
313835
313836
313837
313838
313839
313840
313841
313842
313843
313844
313845
313846
313847
313848
313849
313850
313851
313852
313853
313854
313855
313856
313857
313858
313859
313860
313861
313862
313863
313864
313865
313866
313867
313868
313869
313870
313871
313872
313873
313874
313875
313876
313877
313878
313879
313880
313881
313882
313883
313884
313885
313886
313887
313888
313889
313890
313891
313892
313893
313894
313895
313896
313897
313898
313899
313900
313901
313902
313903
313904
313905
313906
313907
313908
313909
313910
313911
313912
313913
313914
313915
313916
313917
313918
313919
313931
313932
313933
313934
313935
313936
313937
313938
313939
313940
313941
313942
313943
313944
313945
313946
313947
313948
313949
313950
313951
313952
313953
313954
313955
313956
313957
313958
313959
313960
313961
313962
313963
313964
313965
313966
313967
313968
313969
313970
313971
313972
313973
313974
313975
313976
313977
313978
313979
313980
313981
313982
313984
313985
313986
313987
313988
313989
313990
313991
313992
313993
313994
313995
313996
313997
313998
313999
314000
314001
314002
314003
314004
314005
314006
314007
314008
314009
314010
314011
314012
314013
314014
314015
314016
314017
314018
314019
314020
314021
314022
314023
314024
314025
314026
314027
314028
314029
314030
314031
314032
314033
314034
314035
314036
314037
314038
314039
314040
314041
314042
314043
314044
314045
314046
314047
314048
314049
314050
314051
314052
314053
314054
314055
314056
314057
314058
314059
314060
314061
314062
314063
314064
314065
314066
314067
314068
314069
314070
314071
314072
314073
314074
314075
314076
314077
314078
314079
314080
314081
314082
314083
314084
314085
314086
314087
314088
314089
314090
314091
314092
314093
314094
314095
314096
314097
314098
314099
314100
314101
314102
314103
314104
314105
314106
314107
314108
314109
314110
314111
314112
314113
314114
314115
314116
314117
314118
314119
314120
314121
314122
314123
314124
314125
314126
314127
314128
314129
314130
314131
314132
314133
314134
314135
314136
314137
314138
314139
314140
314141
314142
314143
314144
314145
314146
314147
314148
314149
314150
314151
314152
314153
314154
314155
314156
314157
314158
314159
314160
314161
314162
314163
314164
314165
314166
314167
314168
314169
314170
314171
314172
314173
314174
314175
314176
314177
314178
314179
314180
314181
314182
314183
314184
314185
314186
314187
314188
314189
314190
314191
314192
314193
314194
314195
314196
314197
314198
314199
314200
314201
314202
314203
314204
314205
314206
314207
314208
314209
314210
314211
314212
314213
314214
314215
314216
314217
314218
314219
314220
314221
314222
314223
314224
314225
314226
314227
314228
314229
314230
314231
314232
314233
314234
314235
314236
314237
314238
314239
314240
314241
314242
314243
314244
314245
314246
314247
314248
314249
314250
314251
314252
314253
314254
314255
314256
314257
314258
314259
314260
314261
314262
314263
314264
314265
314266
314267
314268
314269
314270
314271
314272
314273
314274
314275
314276
314277
314278
314279
314280
314281
314282
314283
314285
314286
314287
314288
314289
314290
314291
314292
314293
314294
314295
314296
314297
314298
314299
314300
314301
314302
314303
314304
314305
314306
314307
314308
314309
314310
314311
314312
314313
314314
314315
314316
314317
314318
314319
314320
314321
314322
314323
314324
314325
314326
314327
314328
314329
314330
314331
314332
314333
314334
314335
314336
314337
314338
314339
314340
314341
314342
314343
314344
314345
314346
314347
314585
314586
314587
314588
314589
314590
314591
314592
314593
314594
314595
314596
314597
314598
314599
314600
314601
314602
314603
314604
314605
314606
314607
314608
314609
314610
314611
314612
314613
314614
314615
314616
314617
314618
314619
314620
314694
314695
314696
314697
314698
314699
314700
314701
314702
314703
314704
314705
314706
314707
314708
314709
314710
314711
314712
314713
314714
314715
314716
314717
314718
314719
314720
314721
314722
314723
314724
314725
314726
314727
314728
314729
314730
314731
314732
314734
314735
314736
314737
314738
314739
314740
314741
314742
314743
314744
314745
314746
314747
314748
314749
314750
314751
314752
314753
314754
314755
314756
314757
314758
314759
314760
314761
314762
314763
314764
314765
314766
314767
314768
314769
314770
314771
314772
314773
314775
314776
314777
314778
314779
314780
314781
314782
314783
314784
314785
314786
314787
314788
314789
314790
314791
314792
314793
314794
314795
314796
314797
314798
314799
314800
314801
314802
314803
314804
314805
314806
314807
314808
314809
314810
314811
314812
314813
314814
314815
314816
314817
314818
314819
314820
314822
314823
314824
314825
314826
314827
314828
314829
314830
314831
314832
314833
314834
314835
314836
314837
314838
314839
314840
314841
314842
314843
314844
314845
314846
314847
314848
314849
314850
314851
314852
314853
314854
314855
314856
314857
314858
314859
314860
314861
314862
314863
314864
314865
314866
314867
314868
314869
314870
314871
314872
314873
314874
314875
314876
314877
314878
314879
314880
314881
314882
314883
314884
314885
314886
314887
314888
314889
314890
314891
314892
314893
314894
314895
314896
314897
314898
314899
314900
314901
314902
314903
314904
314905
314906
314907
314908
314909
314910
314911
314912
314913
314914
314915
314916
314917
314918
314919
314920
314921
314922
314923
314924
314925
314926
314927
314928
314929
314930
314931
314932
314934
314935
314936
314937
314938
314939
314940
314941
314942
314943
314944
314945
314946
314947
314948
314949
314950
314951
314952
314953
314954
314955
314956
314957
314958
314959
314960
314961
314962
314963
314964
314965
314966
314967
314968
314969
314970
314971
314972
314973
314974
314975
314976
314977
314978
314979
314980
314981
314982
314983
314984
314985
314986
314987
314988
314989
314990
314991
314992
314993
314994
314995
314996
314997
314998
314999
315000
315001
315002
315003
315049
315050
315051
315052
315053
315054
315055
315058
315059
315060
315061
315062
315063
315064
315065
315066
315067
315068
315069
315070
315071
315072
315073
315074
315075
315076
315077
315078
315079
315080
315081
315082
315083
315084
315085
315086
315087
315088
315089
315090
315091
315092
315093
315094
315095
315096
315097
315098
315099
315100
315101
315102
315103
315104
315105
315106
315107
315108
315109
315110
315111
315112
315113
315114
315115
315116
315117
315118
315119
315120
315121
315122
315123
315124
315125
315126
315127
315128
315129
315130
315131
315132
315133
315134
315135
315136
315137
315138
315139
315140
315141
315142
315143
315144
315145
315146
315147
315148
315149
315150
315151
315152
315153
315154
315155
315156
315157
315158
315159
315160
315161
315162
315163
315164
315165
315166
315167
315168
315169
315170
315171
315172
315173
315174
315175
315176
315177
315178
315179
315180
315181
315182
315183
315184
315185
315186
315187
315188
315189
315190
315191
315192
315193
315194
315195
315196
315197
315198
315199
315200
315201
315202
315203
315204
315205
315206
315207
315208
315209
315210
315211
315212
315213
315214
315215
315216
315217
315218
315219
315220
315221
315222
315223
315224
315225
315226
315227
315228
315229
315230
315231
315232
315233
315234
315235
315236
315237
315238
315239
315240
315241
315242
315243
315244
315245
315246
315247
315248
315249
315250
315251
315252
315253
315254
315255
315256
315257
315258
315259
315260
315261
315262
315263
315264
315265
315266
315267
315268
315294
315295
315296
315297
315298
315299
315300
315301
315302
315303
315304
315305
315306
315307
315308
315309
315310
315311
315312
315313
315314
315315
315316
315317
315318
315319
315320
315321
315322
315323
315324
315325
315326
315327
315328
315329
315330
315331
315332
315333
315334
315335
315336
315337
315338
315339
315340
315341
315342
315343
315344
315345
315346
315347
315348
315349
315350
315351
315352
315353
315354
315355
315356
315357
315358
315359
315360
315361
315362
315363
315364
315365
315366
315367
315368
315369
315370
315371
315372
315373
315374
315375
315376
315377
315378
315379
315380
315381
315382
315383
315384
315385
315386
315387
315388
315389
315390
315391
315392
315393
315394
315395
315396
315397
315398
315399
315400
315401
315402
315403
315404
315405
315406
315407
315408
315409
315410
315411
315412
315413
315414
315415
315416
315417
315418
315419
315420
315421
315422
315423
315424
315425
315426
315427
315428
315429
315430
315431
315432
315433
315434
315435
315458
315459
315460
315461
315462
315463
315464
315465
315466
315467
315468
315469
315470
315471
315472
315473
315474
315475
315476
315477
315478
315479
315480
315481
315482
315483
315484
315486
315487
315488
315489
315490
315491
315492
315493
315494
315495
315496
315497
315498
315499
315500
315501
315502
315503
315504
315505
315506
315507
315508
315509
315510
315511
315512
315513
315514
315515
315516
315517
315518
315519
315520
315521
315522
315523
315524
315525
315526
315527
315528
315529
315530
315531
315532
315533
315534
315535
315536
315537
315538
315539
315540
315541
315542
315543
315544
315545
315546
315547
315548
315549
315550
315551
315552
315553
315554
315555
315556
315557
315558
315559
315560
315561
315562
315563
315564
315565
315601
315602
315603
315604
315605
315606
315607
315608
315609
315610
315611
315612
315613
315614
315615
315616
315617
315618
315619
315620
315621
315622
315623
315624
315625
315626
315627
315628
315629
315630
315631
315632
315633
315634
315635
315636
315637
315638
315639
315640
315641
315642
315643
315644
315645
315646
315647
315648
315649
315650
315651
315652
315653
315654
315655
315656
315657
315658
315659
315660
315661
315662
315663
315664
315665
315666
315667
315668
315669
315670
315671
315672
315673
315674
315675
315676
315677
315678
315679
315680
315681
315682
315683
315684
315685
315686
315687
315688
315689
315690
315691
315692
315693
315694
315695
315696
315697
315698
315699
315700
315701
315702
315703
315704
315705
315706
315707
315708
315709
315710
315711
315712
315713
315714
315715
315716
315717
315718
315719
315720
315721
315722
315723
315724
315725
315726
315727
315728
315729
315730
315731
315732
315733
315734
315735
315736
315737
315738
315739
315740
315741
315742
315743
315744
315745
315746
315747
315748
315749
315750
315751
315752
315753
315754
315755
315756
315757
315758
315759
315760
315761
315762
315763
315764
315765
315766
315767
315768
315769
315770
315771
315772
315773
315774
315775
315776
315777
315778
315779
315780
315781
315782
315783
315784
315785
315786
315787
315788
315789
315790
315791
315792
315793
315794
315795
315796
315797
315798
315799
315800
315801
315802
315803
315804
315805
315806
315807
315808
315809
315810
315811
315812
315813
315814
315815
315816
315817
315818
315819
315820
315821
315822
315823
315824
315825
315826
315827
315828
315829
315830
315831
315832
315833
315834
315835
315836
315837
315838
315839
315840
315841
315842
315843
315844
315845
315846
315847
315848
315849
315850
315851
315852
315853
315854
315855
315856
315857
315858
315859
315860
315861
315862
315863
315864
315865
315866
315867
315868
315869
315870
315871
315872
315873
315874
315875
315876
315877
315878
315879
315880
315881
315882
315883
315884
315885
315886
315887
315888
315889
315890
315891
315892
315893
315894
315895
315896
315897
315898
315899
315900
315901
315902
315903
315904
315905
315906
315907
315908
315909
315910
315911
315912
315913
315914
315915
315916
315917
315918
315919
315920
315921
315922
315923
315924
315925
315926
315927
315928
315929
315930
315931
315932
315933
315934
315936
315937
315938
315939
315940
315941
315942
315943
315944
315945
315946
315947
315948
315949
315950
315951
315952
315953
315954
315955
315956
315957
315958
315959
315960
315961
315962
315963
315964
315965
315966
315967
315968
315969
315970
315971
315972
315973
315974
315975
315976
315977
315978
315979
315980
315981
315982
315983
315984
315985
315986
315987
315988
315989
315990
315991
316004
316005
316006
316007
316008
316009
316010
316012
316013
316014
316015
316016
316017
316018
316019
316020
316021
316022
316023
316024
316025
316026
316027
316028
316029
316030
316031
316032
316033
316034
316035
316036
316037
316038
316039
316040
316041
316042
316043
316044
316045
316046
316047
316048
316049
316050
316051
316052
316053
316054
316055
316056
316057
316058
316059
316060
316061
316062
316063
316064
316065
316066
316067
316068
316069
316070
316071
316072
316073
316074
316075
316076
316077
316078
316079
316080
316081
316082
316083
316084
316085
316086
316087
316088
316089
316090
316091
316092
316093
316094
316095
316096
316097
316098
316099
316100
316101
316102
316103
316104
316105
316106
316107
316108
316109
316110
316111
316112
316113
316114
316115
316116
316117
316118
316119
316120
316121
316122
316123
316124
316125
316126
316127
316128
316129
316130
316131
316132
316133
316134
316135
316136
316137
316138
316139
316140
316141
316143
316144
316145
316146
316147
316148
316149
316150
316151
316152
316153
316154
316155
316156
316158
316159
316160
316161
316162
316163
316164
316165
316166
316167
316168
316169
316170
316171
316172
316173
316174
316175
316176
316177
316178
316179
316180
316181
316182
316183
316184
316185
316186
316187
316188
316189
316190
316191
316192
316193
316194
316195
316196
316197
316198
316199
316200
316201
316202
316203
316204
316205
316206
316207
316208
316209
316211
316212
316213
316214
316215
316216
316217
316218
316219
316220
316221
316222
316223
316224
316225
316226
316227
316228
316229
316230
316231
316232
316233
316234
316235
316236
316237
316238
316239
316240
316241
316242
316243
316244
316245
316246
316247
316248
316249
316250
316251
316252
316253
316254
316255
316256
316257
316258
316259
316260
316261
316262
316263
316264
316265
316266
316267
316268
316269
316270
316271
316272
316273
316274
316275
316276
316277
316278
316279
316280
316281
316282
316283
316284
316285
316286
316287
316288
316289
316290
316291
316292
316293
316294
316295
316296
316297
316298
316299
316300
316301
316302
316303
316304
316305
316306
316307
316308
316309
316310
316311
316312
316313
316314
316315
316316
316317
316318
316319
316320
316321
316322
316323
316324
316325
316326
316327
316328
316329
316330
316331
316332
316333
316334
316335
316336
316337
316338
316339
316340
316341
316342
316343
316344
316345
316346
316347
316348
316349
316350
316351
316352
316353
316354
316355
316356
316357
316358
316359
316360
316361
316362
316363
316364
316365
316366
316367
316368
316369
316370
316371
316372
316373
316374
316375
316376
316377
316378
316379
316380
316381
316382
316383
316384
316385
316386
316387
316388
316389
316390
316391
316392
316393
316394
316395
316396
316397
316398
316399
316400
316401
316402
316403
316404
316405
316406
316407
316408
316409
316410
316411
316412
316413
316414
316415
316416
316417
316418
316419
316420
316421
316422
316423
316424
316425
316426
316427
316428
316429
316430
316431
316432
316433
316434
316435
316436
316437
316438
316439
316440
316441
316442
316443
316444
316445
316446
316447
316448
316449
316450
316451
316452
316453
316454
316455
316456
316457
316459
316460
316461
316462
316463
316465
316466
316467
316468
316469
316470
316471
316472
316473
316474
316475
316476
316477
316478
316479
316480
316481
316482
316483
316484
316485
316486
316487
316488
316489
316490
316491
316492
316493
316494
316495
316496
316497
316498
316499
316500
316501
316502
316503
316504
316505
316507
316508
316509
316510
316511
316512
316513
316514
316515
316516
316517
316518
316519
316520
316521
316522
316523
316524
316525
316526
316527
316528
316529
316530
316531
316532
316533
316534
316535
316536
316537
316538
316539
316540
316541
316542
316543
316544
316545
316546
316547
316548
316549
316550
316551
316552
316553
316554
316555
316556
316557
316558
316559
316560
316561
316562
316563
316564
316565
316566
316567
316568
316569
316570
316571
316572
316573
316574
316575
316576
316577
316578
316579
316580
316581
316582
316583
316584
316585
316586
316587
316588
316589
316590
316591
316592
316593
316594
316595
316596
316597
316598
316599
316600
316601
316602
316603
316604
316605
316606
316607
316608
316609
316610
316611
316612
316613
316614
316615
316616
316617
316618
316619
316620
316622
316623
316625
316626
316627
316628
316629
316630
316631
316632
316633
316634
316635
316636
316637
316638
316639
316640
316641
316642
316643
316644
316645
316646
316647
316648
316649
316650
316651
316652
316653
316654
316655
316656
316657
316658
316659
316660
316661
316662
316663
316664
316665
316666
316667
316668
316669
316670
316671
316672
316673
316711
316712
316713
316714
316715
316716
316717
316718
316719
316720
316721
316722
316723
316724
316725
316726
316727
316728
316729
316730
316731
316732
316733
316734
316735
316736
316737
316738
316739
316740
316741
316742
316743
316744
316745
316746
316747
316748
316749
316750
316751
316752
316753
316764
316765
316766
316767
316768
316769
316770
316771
316772
316773
316774
316775
316776
316777
316778
316779
316780
316781
316782
316783
316784
316785
316786
316787
316788
316789
316790
316791
316792
316793
316794
316795
316796
316797
316798
316800
316801
316802
316803
316804
316805
316806
316807
316808
316809
316810
316811
316812
316813
316814
316815
316816
316817
316818
316819
316820
316821
316822
316823
316824
316825
316826
316827
316828
316829
316830
316831
316832
316833
316834
316835
316836
316837
316838
316839
316840
316841
316842
316843
316844
316845
316846
316847
316848
316849
316850
316851
316852
316853
316854
316855
316856
316857
316858
316859
316860
316861
316862
316863
316864
316865
316866
316867
316868
316869
316870
316871
316872
316873
316874
316875
316876
316877
316878
316879
316880
316881
316882
316883
316884
316885
316886
316887
316888
316889
316890
316891
316892
316893
316894
316895
316896
316897
316898
316899
316900
316901
316902
316903
316904
316905
316906
316907
316908
316909
316910
316911
316912
316913
316914
316915
316916
317078
317079
317080
317081
317082
317083
317084
317085
317086
317087
317088
317089
317090
317091
317092
317093
317094
317095
317096
317097
317098
317099
317100
317101
317102
317103
317104
317105
317106
317107
317108
317109
317110
317111
317112
317113
317114
317115
317116
317117
317118
317119
317120
317121
317122
317123
317124
317125
317126
317127
317128
317129
317130
317131
317132
317133
317134
317135
317136
317137
317138
317139
317140
317141
317142
317143
317144
317145
317146
317147
317148
317149
317150
317151
317152
317153
317154
317155
317156
317157
317158
317159
317160
317161
317162
317163
317164
317165
317166
317167
317168
317169
317170
317171
317172
317173
317174
317175
317176
317177
317178
317179
317180
317181
317182
317183
317184
317185
317186
317187
317188
317189
317190
317191
317192
317193
317194
317195
317196
317197
317198
317199
317200
317201
317202
317203
317204
317205
317206
317207
317208
317209
317210
317211
317212
317213
317214
317215
317216
317217
317218
317219
317220
317221
317222
317223
317224
317225
317226
317227
317228
317229
317230
317231
317232
317233
317234
317235
317236
317237
317238
317239
317240
317241
317242
317243
317244
317245
317246
317247
317248
317249
317250
317251
317252
317253
317254
317255
317256
317257
317258
317259
317260
317261
317262
317263
317264
317265
317266
317267
317268
317269
317270
317271
317272
317273
317274
317275
317276
317277
317278
317279
317280
317281
317282
317283
317284
317285
317286
317287
317288
317289
317290
317291
317292
317293
317294
317295
317296
317297
317298
317299
317300
317301
317302
317303
317304
317305
317306
317307
317308
317309
317310
317311
317312
317313
317314
317315
317316
317317
317318
317319
317320
317321
317322
317323
317324
317325
317326
317327
317328
317329
317330
317331
317332
317333
317334
317335
317336
317337
317338
317339
326061
326062
326063
326064
326065
326066
326067
326068
326069
326070
326071
326072
326073
326074
326075
326076
326077
326078
326079
326080
326081
326082
326083
326084
326085
326086
326087
326088
326089
326090
326091
326092
326093
326094
326095
326096
326097
326098
326099
326100
326101
326102
326103
326104
326105
326106
326107
326108
326109
326110
326111
326112
326113
326114
326115
326116
326117
326118
326119
326120
326121
326122
326123
326124
326191
326192
326193
326194
326195
326196
326197
326198
326199
326200
326201
326202
326203
326204
326205
326206
326207
326208
326209
326210
326211
326212
326213
326214
326215
326216
326217
326218
326219
326220
326221
326222
326223
326224
326225
326226
326227
326228
326229
326230
326231
326232
326233
326234
326235
326236
326237
326238
326239
326240
326241
326242
326243
326245
326246
326247
326248
326249
326250
326251
326252
326253
326254
326255
326256
326257
326258
326259
326260
326261
326262
326263
326264
326265
326266
326267
326268
326269
326270
326271
326272
326273
326274
326275
326276
326277
326278
326279
326280
326281
326282
326283
326284
326285
326286
326287
326288
326289
326290
326291
326292
326293
326294
326295
326296
326297
326298
326299
326300
326301
326302
326303
326304
326305
326306
326307
326308
326309
326310
326311
326312
326313
326314
326315
326316
326317
326318
326319
326320
326321
326322
326323
326324
326325
326326
326327
326328
326329
326330
326331
326332
326333
326334
326335
326336
326337
326338
326339
326340
326341
326348
326349
326350
326351
326352
326353
326354
326355
326356
326357
326358
326359
326360
326361
326362
326363
326364
326365
326366
326367
326368
326369
326370
326371
326372
326373
326374
326375
326376
326377
326378
326379
326380
326381
326382
326383
326384
326385
326386
326387
326388
326389
326390
326391
326392
326393
326394
326395
326396
326397
326398
326399
326400
326401
326402
326403
326404
326405
326406
326407
326408
326409
326410
326411
326412
326413
326414
326415
326416
326417
326418
326419
326420
326421
326422
326423
326424
326426
326427
326428
326429
326430
326431
326432
326433
326434
326435
326436
326437
326438
326439
326440
326441
326442
326443
326444
326445
326446
326447
326448
326449
326450
326451
326452
326453
326454
326455
326456
326457
326458
326459
326460
326461
326462
326463
326464
326465
326466
326467
326468
326469
326470
326471
326472
326473
326474
326475
326476
326477
326478
326479
326480
326481
326482
326483
326484
326485
326504
326505
326506
326507
326508
326509
326510
326511
326512
326513
326514
326515
326516
326517
326518
326519
326520
326521
326522
326523
326524
326525
326526
326527
326528
326529
326530
326531
326532
326533
326534
326535
326536
326537
326538
326539
326540
326541
326542
326543
326544
326545
326546
326547
326548
326549
326550
326551
326552
326553
326554
326555
326556
326557
326558
326559
326560
326561
326562
326564
326565
326566
326567
326568
326569
326570
326571
326572
326574
326575
326576
326577
326578
326579
326581
326654
326655
326656
326657
326659
326660
326661
326662
326663
326664
326665
326666
326667
326668
326669
326670
326671
326672
326673
326674
326675
326676
326677
326678
326679
326680
326681
326682
326683
326684
326685
326686
326687
326688
326690
326691
326692
326693
326694
326695
326696
326697
326698
326699
326700
326701
326702
326703
326704
326705
326706
326707
326708
326709
326710
326711
326712
326713
326714
326715
326716
326717
326718
326719
326720
326721
326722
326723
326724
326725
326726
326727
326728
326729
326730
326731
326732
326733
326734
326735
326736
326737
326738
326739
326740
326741
326742
326743
326744
326745
326746
326747
326748
326749
326750
326751
326752
326753
326754
326755
326756
326757
326758
326759
326760
326761
326762
326763
326764
326765
326766
326767
326768
326769
326770
326771
326772
326773
326774
326775
326776
326777
326778
326779
326780
326781
326782
326783
326784
326785
326786
326787
326788
326789
326790
326791
326792
326793
326795
326796
326797
326798
326799
326800
326801
326802
326803
326804
326805
326806
326807
326808
326809
326810
326811
326812
326814
326815
326816
326818
326819
326820
326821
326822
326823
326824
326825
326826
326827
326828
326829
326830
326831
326832
326833
326834
326835
326836
326837
326838
326839
326840
326841
326842
326843
326844
326845
326846
326847
326848
326849
326850
326851
326852
326853
326854
326855
326856
326857
326858
326859
326860
326861
326862
326863
326864
326865
326866
326867
326868
326869
326870
326871
326872
326873
326874
326875
326876
326877
326878
326879
326880
326881
326882
326883
326884
326885
326887
326888
326889
326890
326891
326892
326893
326894
326895
326896
326898
326899
326900
326901
326902
326903
326904
326905
326906
326907
326908
326909
326910
326911
326912
326913
326914
326915
326916
326917
326918
326919
327056
327057
327058
327059
327060
327061
327062
327063
327064
327065
327066
327067
327068
327069
327070
327071
327072
327073
327074
327075
327076
327077
327078
327079
327080
327081
327082
327083
327084
327085
327086
327087
327088
327089
327090
327091
327092
327093
327094
327095
327096
327097
327098
327099
327100
327101
327102
327103
327104
327105
327106
327107
327108
327109
327110
327111
327112
327113
327114
327115
327116
327117
327118
327119
327120
327121
327122
327123
327124
327125
327126
327127
327128
327129
327130
327131
327132
327133
327134
327135
327136
327137
327138
327139
327140
327141
327142
327143
327144
327145
327146
327147
327148
327149
327150
327151
327152
327153
327154
327155
327156
327157
327180
327181
327182
327183
327184
327185
327186
327187
327188
327189
327190
327191
327192
327193
327194
327195
327196
327197
327198
327199
327200
327201
327202
327203
327204
327205
327207
327209
327210
327211
327212
327213
327215
327216
327217
327218
327219
327220
327221
327222
327223
327224
327225
327226
327227
327228
327229
327230
327231
327232
327233
327234
327235
327236
327237
327285
327286
327287
327288
327289
327290
327291
327292
327293
327294
327295
327296
327297
327298
327299
327300
327301
327302
327303
327304
327305
327306
327307
327308
327309
327310
327311
327312
327313
327314
327315
327316
327317
327318
327319
327320
327321
327322
327323
327324
327325
327326
327327
327328
327329
327330
327331
327332
327333
327334
327335
327336
327337
327338
327339
327340
327341
327342
327343
327344
327345
327346
327347
327348
327349
327350
327351
327352
327353
327354
327355
327356
327357
327358
327359
327360
327361
327362
327363
327364
327365
327366
327367
327368
327369
327370
327371
327372
327373
327374
327375
327376
327377
327378
327379
327380
327381
327382
327383
327384
327385
327386
327387
327388
327389
327390
327391
327392
327393
327394
327395
327396
327397
327398
327399
327400
327401
327402
329401
329402
329403
329404
329405
329406
329407
329408
329409
329410
329411
329412
329413
329414
329415
329416
329417
329418
329419
329420
329421
329422
329423
329424
329425
329426
329427
329428
329429
329430
329431
329432
329433
329434
329435
329436
329437
329438
329439
329440
329441
329442
329443
329444
329445
329446
329447
329448
329449
329450
329451
329452
329453
329454
329455
329456
329457
329458
329459
329460
329461
329462
329463
329464
329465
329466
329467
329468
329469
329470
329471
329472
329473
329474
329475
329476
329477
329478
329479
329480
329481
329482
329483
329484
329485
329486
329487
330245
330246
330247
330248
330249
330283
330284
330285
330286
330287
330288
330289
330290
330291
330292
330293
330294
330295
330296
330297
330298
330299
330300
330301
330302
330303
330304
330305
330306
330307
330308
330309
330310
330311
330312
330313
330314
330315
330316
330317
330318
330319
330320
330321
330322
330323
330324
330325
330326
330327
330328
330329
330330
330331
330332
330333
330334
330335
330336
330337
330338
330339
330340
330341
330342
330343
330344
330345
330346
330347
330348
330349
330350
330351
330352
330353
330354
330355
330356
330357
330358
330359
330360
330361
330362
330363
330365
330366
330367
330368
330369
330370
330371
330372
330373
330374
330375
330376
330377
330378
330379
330380
330381
330382
330383
330384
330385
330386
330387
330388
330389
330390
330391
330392
330393
330394
330395
330396
330397
330398
330399
330400
330401
330402
330403
330404
330405
330406
330407
330408
330409
330410
330411
330412
330413
330414
330415
330416
330417
330418
330419
330420
330421
330422
330423
330425
330426
330427
330428
330429
330430
330431
330432
330433
330434
330435
330436
330437
330438
330439
330440
330441
330442
330443
330444
330445
330446
330447
330448
330449
330450
330451
330452
330453
330454
330455
330456
330457
330458
330459
330460
330461
330462
330463
330464
330465
330490
330491
330492
330493
330494
330495
330496
330497
330498
330499
330500
330501
330502
330503
330504
330505
330506
330507
330508
330509
330510
330511
330512
330513
330514
330515
330516
330517
330518
330519
330520
330521
330522
330523
330524
330525
330526
330527
330528
330529
330530
330531
330532
330533
330534
330535
330536
330537
330538
330539
330540
330541
330542
330543
330544
330545
330546
330547
330548
330549
330550
330551
330552
330553
330554
330555
330556
330557
330558
330559
330560
330561
330562
330563
330564
330565
330566
330567
330568
330569
330570
330571
330572
330573
330574
330575
330576
330577
330578
330579
330580
330581
330582
330583
330584
330585
330586
330587
330588
330589
330590
330591
330592
330593
330594
330595
330596
330597
330598
330599
330600
330601
330602
330603
330604
330605
330606
330607
330608
330609
330610
330611
330612
330613
330614
330615
330616
330617
330618
330619
330620
330621
330622
330623
330624
330625
330626
330627
330628
330629
330630
330631
330632
330633
330634
330635
330649
330650
330651
330652
330653
330654
330655
330656
330657
330658
330659
330660
330661
330662
330663
330664
330665
330666
330667
330668
330669
330670
330671
330672
330673
330674
330675
330676
330677
330678
330679
330680
330681
330682
330683
330684
330685
330686
330687
330688
330689
330690
330691
330692
330693
330694
330695
330696
330697
330698
330699
330700
330701
330702
330703
330704
330705
330706
330707
330708
330709
330710
330711
330712
330713
330714
330715
330716
330717
330718
330719
330720
330721
330722
330723
330724
330725
330726
330727
330728
330729
330730
330731
330732
330733
330734
330735
330736
330737
330738
330739
330740
330741
330742
330743
330744
330745
330746
330747
330748
330749
330750
330751
330752
330753
330754
330755
330756
330757
330758
330759
330760
330761
330762
330763
330764
330765
330766
330767
330768
330769
330770
330771
330772
330773
330774
330775
330776
331582
331583
331584
331585
331586
331587
331588
331589
331590
331591
331592
331593
331594
331595
331596
331597
331598
331599
331600
331601
331602
331603
331604
331605
331606
331607
331608
331609
331610
331611
331612
331613
331614
331789
331790
331791
331792
331793
331794
331795
331796
331797
331798
331799
331800
331801
331802
331803
331804
331805
331806
331807
331808
331809
331810
331811
331812
331813
331814
331815
331816
331817
331818
331819
331820
331821
331822
331823
331824
331825
331826
331913
331914
331915
331916
331917
331918
331919
331920
331921
331922
331923
331924
331925
331926
331927
331928
331929
331930
331931
331932
331933
331934
331935
331936
331937
331938
331939
331940
331941
331942
331943
331944
331945
331946
331947
331948
331949
331950
331951
331952
331953
331954
331955
331956
331957
331958
331959
331960
331961
331962
331963
331964
331965
331966
331967
331968
331969
331970
331971
331972
331973
331974
331975
331976
331977
331978
331979
331980
331981
331982
331983
331984
331985
331986
331987
331988
331989
331990
331991
331992
331993
353001
355001
360002
500001
500002
500003
500004
500005
500006
500007
500008
500009
500010
500011
500012
500013
500014
500015
500016
500017
500018
500019
500020
500021
500022
500023
500024
500025
500026
500027
500028
500029
500030
500031
500032
500033
500034
500035
500036
500037
500038
500039
500040
500041
500042
500043
500044
500045
500046
500047
500048
500049
500050
500051
500052
500053
500054
500055
500056
500057
500058
500059
500060
500061
500062
500063
500064
500065
500066
500067
500068
500069
500070
500071
500072
500073
500074
500075
500076
500077
500078
500079
500080
500081
500082
500083
500084
500085
500086
500087
500088
500089
500090
500091
500092
500093
500094
500095
500096
500097
500098
500099
500100
500101
500102
500103
500104
500105
500106
500107
500108
500109
500110
500111
500112
500113
500114
500115
500116
500117
500118
500119
500120
500121
500122
500123
500124
500125
500126
500127
500128
500129
500130
500131
500132
500133
500134
500135
500136
500137
500138
500139
500140
500141
500142
500143
500144
500145
500146
500147
500148
500149
500150
500151
500152
500153
500154
500155
500156
500157
500158
500159
500160
500161
500162
500163
500164
500165
500166
500167
500168
500169
500170
500171
500172
500173
500174
500175
500176
500177
500178
500179
500180
500181
500182
500183
500184
500185
500186
500187
500188
500189
500190
500191
500192
500193
500194
500195
500196
500197
500198
500199
500200
500201
500202
500203
500204
500205
500206
500207
500208
500209
500210
500211
500212
500213
500214
500215
500216
500217
500218
500219
500220
500221
500222
500223
500224
500225
500226
500227
500228
500229
500230
500231
500232
500233
500234
500235
500236
500237
500238
500239
500240
500241
500242
500243
500244
500245
500246
500247
500248
500249
500250
500251
500252
500253
500254
500255
500256
500257
500258
500259
500260
500261
500262
500263
500264
500265
500266
500267
500268
500269
500270
500271
500272
500273
500274
500275
500276
500277
500278
500279
500280
500281
500282
500283
500284
500285
500286
500287
500288
500289
500290
500291
500292
500293
500294
500295
500296
500297
500298
500299
500300
500301
500302
500303
500304
500305
500306
500307
500308
500309
500310
500311
500312
500313
500314
500315
500316
500317
500318
500319
500320
500321
500322
500323
500324
500325
500326
500327
500328
500329
500330
500331
500332
500333
500334
500335
500336
500337
500338
500339
500340
500341
500342
500343
500344
500345
500346
500347
500348
500349
500350
500351
500352
500353
500354
500355
500356
500357
500358
500359
500360
500361
500362
500363
500364
500365
500366
500367
500368
500369
500370
500371
500372
500373
500374
500375
500376
500377
500378
500379
500380
500381
500382
500383
500384
500385
500386
500387
500388
500389
500390
500391
500468
500469
500470
500471
500472
500473
500474
500475
500476
500477
500478
500479
500480
500481
500482
500483
500484
500485
500486
500487
500488
500489
500490
500491
500492
500493
500494
500495
500496
500497
500498
500499
500500
500501
500502
500503
500504
500505
500506
500507
500508
500509
500510
500511
500512
500513
500514
500515
500516
500517
500518
500519
500520
500521
500522
500523
500524
500525
500526
500527
500528
500529
500530
500531
500532
500533
500534
500535
500537
500538
500539
500540
500543
500544
500545
500546
500547
500548
500549
500550
500551
500552
500553
500554
500555
500556
500557
500558
500559
500560
500561
500562
500563
500564
500565
500566
500567
500568
500569
500570
500571
500572
500573
500574
500575
500576
500577
500578
500579
500580
500581
500582
500583
500584
500585
500586
500587
500588
500589
500590
500591
500592
500593
500594
500595
500596
500597
500598
500599
500600
500601
500602
500603
500604
500605
500606
500607
500608
500609
500610
500611
500612
500613
500614
500615
500616
500617
500618
500619
500620
500621
500622
500623
500624
500625
500626
500627
500628
500629
500630
500631
500632
500633
500634
500635
500636
500637
500638
500639
500640
500641
500642
500643
500644
500645
500646
500647
500648
500649
500650
500651
500652
500653
500654
500655
500656
500657
500658
500659
500660
500661
500662
500663
500664
500665
500666
500667
500668
500669
500670
500671
500672
500673
500674
500675
500676
500677
500678
500679
500680
500681
500682
500683
500684
500685
500686
500687
500688
500689
500690
500691
500692
500693
500694
500695
500696
500697
500698
500699
500700
500701
500702
500703
500704
500705
500706
500707
500708
500709
500710
500711
500712
500713
500714
500715
500716
500717
500718
500719
500720
500721
500722
500723
500724
500725
500726
500727
500728
500729
500730
500731
500732
500733
500734
500735
500736
500737
500738
500739
500740
500741
500742
500743
500744
500745
500746
500747
500748
500749
500750
500751
500752
500753
500754
500755
500756
500757
500758
500759
500760
500761
500762
500763
500764
500765
500766
500767
500768
500769
500770
500771
500772
500773
500774
500775
500776
500777
500778
500779
500780
500781
500782
500783
500784
500785
500786
500787
500788
500789
500790
500791
500792
500793
500794
500795
500796
500797
500798
500799
500800
500801
500802
500803
500804
500805
500806
500807
500808
500809
500810
500811
500812
500813
500814
500815
500816
500817
500818
500819
500820
500821
500822
500823
500824
500825
500826
500827
500828
500829
500830
500831
500832
500833
500834
500835
500836
500837
500838
500839
500840
500841
500842
500843
500844
500845
500846
500847
500848
500849
500850
500851
500852
500853
500854
500855
500856
500857
500858
500859
500860
500861
500862
500863
500864
500865
500866
500867
500868
500869
500870
500871
500872
500873
500874
500875
500876
500877
500878
500879
500880
500881
500882
500883
500884
500885
500886
500887
500888
500889
500890
500891
500892
500893
500894
500895
500896
500897
500898
500899
500900
500901
500902
500903
500904
500905
500906
500907
500908
500909
500910
500911
500912
500913
500914
500915
500916
500917
500918
500919
500920
500921
500922
500923
500924
500925
500926
500927
500928
500929
500930
500931
500932
500933
500934
500935
500936
500937
500938
500939
500940
500941
500942
500943
500944
500945
500946
500947
500948
500949
500950
500951
500952
500953
500954
500955
500956
500957
500958
500959
500960
500961
500962
500963
500964
500965
500966
500967
500968
500969
500970
500971
500972
500973
500974
500975
500976
500977
500978
500979
500980
500981
500982
500983
500984
500985
500986
500987
500988
500989
500990
500991
500992
500993
500994
500995
500996
500997
500998
500999
501000
501001
501002
501003
501004
501005
501006
501007
501008
501009
501010
501011
501012
501013
501014
501015
501016
501017
501018
501019
501020
501021
501022
501023
501024
501025
501026
501027
501028
501029
501030
501031
501032
501033
501034
501035
501036
501037
501038
501039
501040
501041
501042
501043
501044
501045
501046
501047
501048
501049
501050
501051
501052
501053
501054
501055
501056
501057
501058
501059
501060
501061
501062
501063
501064
501065
501066
501067
501068
501069
501070
501071
501072
501073
501074
501075
501076
501077
501078
501079
501080
501081
501082
501083
501084
501085
501086
501087
501088
501089
501090
501091
501092
501093
501094
501095
501096
501097
501098
501099
501100
501101
501102
501103
501104
501105
501106
501206
501207
501208
501209
501210
501211
501212
501213
501214
501215
501216
501217
501218
501219
501220
501221
501222
501223
501224
501225
501226
501227
501228
501229
501230
501231
501232
501233
501234
501235
501236
501237
501238
501239
501240
501241
501242
501243
501244
501245
501246
501247
501248
501249
501250
501251
501252
501253
501254
501255
501256
501257
501258
501259
501260
501261
501262
501263
501264
501265
501266
501267
501268
501269
501270
501271
501272
501273
501274
501275
501276
501277
501278
501279
501280
501281
501282
501283
501284
501285
501286
501287
501288
501289
501290
501291
501292
501293
501294
501295
501296
501297
501298
501299
501300
501301
501302
501303
501304
501305
501306
501307
501308
501309
501310
501311
501312
501313
501314
501315
501316
501317
501318
501319
501320
501321
501322
501323
501324
501325
501326
501327
501328
501329
501330
501331
501332
501333
501334
501335
501336
501337
501338
501339
501340
501341
501342
501343
501344
501345
501346
501347
501348
501349
501350
501351
501352
501353
501354
501355
501356
501357
501358
501359
501360
501361
501362
501363
501364
501365
501366
501367
501368
501369
501370
501371
501372
501373
501374
501375
501376
501377
501378
501379
501380
501381
501382
501383
501384
501385
501386
501387
501388
501389
501390
501391
501392
501393
501394
501395
501396
501397
501398
501399
501400
501401
501402
501403
501404
501405
501406
501407
501408
501409
501410
501411
501412
501413
501414
501415
501416
501417
501418
501419
501420
501421
501422
501423
501424
501425
501426
501427
501428
501429
501430
501431
501432
501433
501434
501435
501436
501437
501438
501439
501440
501441
501442
501443
501444
501445
501446
501447
501448
501449
501450
501451
501452
501453
501454
501455
501456
501457
501458
501459
501460
501461
501462
501463
501464
501465
501466
501467
501468
501469
501470
501471
501472
501473
501474
501475
501476
501477
501478
501479
501480
501481
501482
501483
501484
501485
501486
501487
501488
501489
501490
501491
501492
501493
501494
501495
501496
501497
501498
501499
501500
501501
501502
501503
501559
501560
501561
501562
501563
501564
501565
501566
501567
501568
501569
501570
501571
501572
501573
501574
501575
501576
501577
501578
501579
501580
501581
501582
501583
501584
501585
501586
501587
501588
501589
501590
501591
501592
501593
501594
501595
501596
501597
501598
501599
501600
501601
501602
501603
501604
501605
501606
501607
501608
501609
501610
501611
501612
501613
501614
501615
501616
501617
501618
501619
501620
501621
501622
501623
501624
501625
501626
501627
501628
501629
501630
501631
501632
501633
501634
501635
501636
501637
501638
501639
501640
501641
501642
501643
501644
501645
501646
501647
501648
501649
501650
501651
501652
501653
501654
501655
501656
501657
501658
501659
501660
501661
501662
501663
501664
501665
501666
501667
501668
501669
501670
501671
501672
501673
501674
501675
501676
501677
501678
501679
501680
501681
501682
501683
501684
501685
501686
501687
501688
501689
501690
501691
501692
501693
501694
501695
501696
501697
501698
501699
501700
501701
501702
501703
501704
501705
501706
501707
501708
501709
501710
501711
501712
501713
501714
501715
501716
501717
501718
501719
501720
501721
501722
501723
501724
501725
501726
501727
501728
501729
501730
501731
501732
501733
501734
501735
501736
501737
501738
501739
501740
501741
501742
501743
501744
501745
501746
501747
501748
501749
501750
501751
501752
501753
501754
501755
501756
501757
501758
501759
501760
501761
501762
501763
501764
501765
501766
501767
501768
501769
501770
501771
501772
501773
501774
501775
501776
501777
501778
501779
501780
501781
501782
501783
501784
501785
501786
501787
501788
501789
501790
501791
501792
501793
501794
501795
501796
501797
501798
501799
501800
501801
501802
501803
501804
501805
501806
501807
501808
501809
501810
501811
501812
501813
501814
501815
501816
501817
501818
501819
501820
501821
501822
501823
501824
501825
501826
501827
501828
501829
501830
501831
501832
501833
501834
501835
501836
501837
501838
501839
501840
501841
501842
501843
501844
501845
501846
501847
501848
501849
501850
501851
501852
501853
501854
501855
501856
501857
501858
501859
501860
501861
501862
501863
501864
501865
501866
501867
501868
501869
501870
501871
501872
501873
501874
501875
501876
501877
501878
501879
501880
501881
501882
501883
501884
501885
501886
501887
501888
501889
501890
501891
501892
501893
501894
501895
501896
501897
501898
501899
501900
501901
501902
501903
501904
501905
501906
501907
501908
501909
501910
501911
501912
501913
501914
501915
501916
501917
501918
501919
501920
501921
501922
501923
501924
501925
501926
501927
501928
501929
501930
501931
501932
501933
501934
501935
501936
501937
501938
501939
501940
501941
501942
501943
501944
501945
501946
501947
501948
501949
501950
501951
501952
501953
501954
501955
501956
501957
501958
501959
501960
501961
501962
501963
501964
501965
501966
501967
501968
501969
501970
501971
501972
501973
501974
501975
501976
501977
501978
501979
501980
501981
501982
501983
501984
501985
501986
501987
501988
501989
501990
501991
501992
501993
501994
501995
501996
501997
501998
501999
502000
502001
502002
502003
502004
502005
502006
502007
502008
502009
502010
502011
502012
502013
502014
502015
502016
502017
502018
502019
502020
502021
502022
502023
502024
502025
502026
502027
502028
502029
502030
502031
502032
502033
502034
502035
502036
502037
502038
502039
502040
502041
502042
502043
502044
502045
502046
502047
502048
502049
502050
502051
502052
502053
502054
502055
502056
502057
502058
502059
502060
502061
502062
502063
502064
502065
502066
502067
502068
502069
502070
502071
502072
502073
502074
502075
502076
502077
502078
502079
502080
502081
502082
502083
502084
502085
502086
502087
502088
502089
502090
502091
502092
502093
502094
502095
502096
502097
502098
502099
502100
502101
502102
502103
502104
502105
502106
502107
502108
502109
502110
502111
502112
502113
502114
502115
502116
502117
502118
502119
502120
502121
502122
502123
502124
502125
502126
502127
502128
502129
502130
502131
502132
502133
502134
502135
502136
502137
502138
502139
502140
502141
502142
502143
502144
502145
502146
502147
502148
502149
502150
502151
502152
502153
502154
502155
502156
502157
502158
502159
502160
502161
502162
502163
502164
502165
502166
502167
502168
502169
502170
502171
502172
502173
502174
502175
502176
502177
502178
502179
502180
502181
502182
502183
502184
502185
502186
502187
502188
502189
502190
502191
502192
502193
502194
502195
502196
502197
502198
502199
502200
502201
502202
502203
502204
502205
502206
502207
502208
502209
502210
502211
502212
502213
502214
502215
502216
502217
502218
502219
502220
502221
502222
502223
502224
502225
502226
502227
502228
502229
502230
502231
502232
502233
502234
502235
502236
502237
502238
502239
502240
502241
502242
502243
502244
502245
502246
502247
502248
502249
502250
502251
502252
502253
502254
502255
502256
502257
502258
502259
502260
502261
502262
502263
502264
502265
502266
502267
502268
502269
502270
502271
502272
502273
502274
502275
502276
502277
502278
502279
502280
502281
502282
502283
502284
502285
502286
502287
502288
502289
502290
502291
502292
502293
502294
502295
502296
502297
502298
502299
502300
502301
502302
502303
502304
502305
502306
502307
502308
502309
502310
502311
502312
502313
502314
502315
502316
502317
502318
502319
502320
502321
502322
502323
502324
502325
502326
502327
502328
502329
502330
502331
502332
502333
502334
502335
502336
502337
502338
502339
502340
502341
502342
502343
502344
502345
502346
502347
502348
502349
502350
502351
502352
502353
502354
502355
502356
502357
502358
502359
502360
502361
502362
502363
502364
502365
502366
502367
502368
502369
502370
502371
502372
502373
502374
502375
502376
502377
502378
502379
502380
502381
502382
502383
502384
502759
502760
502761
502762
502763
502764
502765
502766
502767
502768
502769
502770
502771
502772
502773
502774
502775
502776
502777
502778
502779
502780
502781
502782
502783
502784
502785
502786
502787
502788
502789
502790
502791
502792
502793
502794
502795
502796
502797
502798
502799
502800
502801
502802
502803
502804
502805
502806
502807
502808
502810
502811
502812
502813
502814
502815
502816
502817
502818
502819
502820
502821
502822
502823
502824
502825
502826
502827
502828
502829
502830
502831
502832
502833
502834
502835
502836
502837
502838
502839
502840
502841
502842
502843
502844
502845
502846
502847
502848
502849
502850
502851
502852
502853
502854
502855
502856
502857
502858
502859
502860
502861
502862
502863
502864
502865
502866
502867
502868
502869
502870
502871
502872
502873
502874
502875
502876
502877
502878
502879
502880
502881
502882
502883
502884
502885
502886
502887
502888
502889
502890
502891
502892
502893
502894
502895
502896
502897
502898
502899
502900
502901
502902
502903
502904
502905
502906
502907
502908
503171
503172
503173
503174
503175
503176
503177
503178
503179
503180
503181
503182
503183
503184
503185
503186
503187
503188
503189
503190
503191
503192
503193
503194
503195
503196
503197
503198
503199
503200
503201
503202
503203
503204
503205
503206
503207
503208
503209
503210
503211
503212
503213
503214
503215
503216
503217
503218
503219
503220
503221
503222
503223
503224
503225
503226
503227
503228
503229
503230
503231
503232
503233
503234
503235
503236
503237
503238
503239
503240
503241
503242
503243
503244
503245
503246
503247
503248
503249
503250
503251
503252
503253
503254
503255
503256
503257
503258
503259
503260
503261
503262
503263
503264
503265
503266
503267
503268
503269
503270
503271
503272
503273
503330
503331
503332
503333
503334
503335
503336
503337
503338
503339
503340
503341
503342
503343
503344
503345
503346
503347
503348
503349
503350
503351
503352
503353
503354
503355
503356
503357
503358
503359
503360
503361
503362
503363
503364
503365
503366
503367
503368
503369
503370
503371
503372
503373
503374
503375
503376
503377
503378
503379
503380
503381
503382
503383
503384
503385
503387
503388
503389
503390
503391
503392
503393
503394
503395
503396
503397
503398
503399
503400
503401
503402
503403
503404
503405
503406
503407
503408
503409
503410
503411
503412
503413
503414
503415
503416
503417
503418
503419
503420
503421
503422
503423
503424
503425
503426
503427
503428
503429
503430
503431
503432
503433
503434
503435
503436
503437
503438
503439
503440
503441
503442
503443
503444
503445
503446
503447
503448
503449
503450
503451
503452
503453
503454
503455
503456
503457
503458
503459
503460
503461
503462
503463
503464
503465
503466
503467
503468
503469
503470
503471
503472
503473
503474
503475
503476
503477
503478
503479
503480
503481
503482
503483
503484
503485
503486
503487
503488
503489
503490
503491
503492
503493
503494
503495
503496
503497
503498
503499
503500
503501
503502
503503
503504
503505
503506
503507
503508
503509
503510
503511
503512
503513
503514
503515
503516
503517
503518
503519
503520
503521
503522
503523
503524
503525
503526
503527
503528
503529
503530
503531
503532
503533
503534
503535
503536
503537
503538
503539
503540
503541
503542
503543
503544
503545
503546
503547
503548
503549
503550
503551
503552
503554
503555
503556
503557
503558
503559
503560
503561
503562
503563
503564
503565
503566
503567
503568
503569
503570
503571
503572
503573
503574
503575
503576
503577
503578
503579
503580
503581
503582
503583
503584
503585
503586
503587
503588
503589
503590
503591
503592
503593
503594
503595
503596
503597
503598
503599
503600
503601
503602
503603
503604
503605
503606
503607
503608
503609
503610
503611
503612
503613
503614
503615
503616
503617
503618
503619
503620
503621
503622
503623
503624
503625
503626
503627
503628
503629
503630
503631
503632
503633
503634
503635
503636
503637
503638
503639
503640
503641
503642
503643
503644
503645
503646
503647
503648
503649
503650
503651
503652
503653
503654
503655
503656
503657
503658
503659
503660
503661
503662
503663
503664
503665
503666
503667
503668
503669
503670
503671
503672
503673
503674
503675
503676
503677
503678
503679
503680
503681
503682
503683
503684
503685
503686
503687
503688
503689
503690
503691
503692
503693
503694
503695
503696
503697
503698
503699
503700
503701
503702
503703
503704
503705
503706
503707
503708
503709
503710
503711
503712
503713
503714
503715
503716
503717
503718
503719
503720
503721
503722
503723
503806
503807
503808
503809
503810
503811
503812
503813
503814
503815
503816
503817
503818
503819
503820
503821
503822
503823
503824
503825
503826
503827
503828
503829
503830
503831
503832
503833
503834
503835
503836
503837
503838
503839
503840
503841
503842
503843
503844
503845
503846
503847
503848
503849
503850
503851
503852
503853
503854
503855
503856
503857
503858
503859
503860
503861
503862
503863
503864
503865
503866
503867
503868
503869
503870
503871
503872
503873
503874
503875
503876
503877
503878
503879
503880
503881
503882
503883
503884
503885
503886
503887
503888
503889
503890
503891
503892
503893
503894
503895
503896
503897
503898
503899
503900
503901
503902
503903
503904
503905
503906
503907
503908
503909
503910
503911
503912
503913
503914
503915
503916
503917
503918
503919
503920
503921
503922
503923
503924
503925
503926
503927
503928
503929
503930
503931
503932
503933
503934
503935
503936
503937
503938
503939
503940
503941
503942
503943
503944
503945
503946
503947
503948
503949
503950
503951
503952
503953
503954
503955
503956
503957
503958
503959
503960
503961
503962
503963
503964
503965
503966
503967
503968
503969
503970
503971
503972
503973
503974
503975
503976
503977
503978
503979
503980
503981
503982
503983
503984
503985
503986
503987
503988
503989
503990
503991
503992
503993
503994
503995
503996
503997
503998
503999
504000
504407
504408
504409
504410
504411
504412
504413
504414
504415
504416
504417
504418
504419
504420
504421
504422
504423
504424
504425
504426
504427
504428
504429
504430
504431
504432
504433
504434
504435
504436
504437
504438
504439
504440
504441
504442
504443
504444
504445
504446
504447
504448
504449
504450
504451
504452
504453
504454
504455
504456
504457
504458
504459
504460
504461
504462
504463
504464
504465
504466
504467
504468
504469
504470
504471
504472
504473
504474
504475
504476
504477
504478
504479
504480
504481
504482
504483
504484
504485
504486
504487
504488
504489
504490
504491
504492
504493
504494
504495
504496
504497
504498
504499
504500
504501
504502
504503
504504
504505
504506
504507
504508
504509
504510
504511
504512
504513
504514
504515
504516
504517
504518
504519
504520
504521
504522
504523
504524
504525
504526
504527
504528
504529
504530
504531
504532
504533
504534
504536
504537
504538
504539
504540
504541
504542
504543
504544
504545
504546
504547
504548
504549
504550
504551
504552
504553
504554
504555
504556
504557
504558
504559
504560
504561
504562
504563
504564
504565
504566
504567
504568
504569
504570
504571
504572
504573
504574
504575
504576
504577
504578
504579
504580
504581
504582
504583
504584
504585
504586
504587
504588
504589
504590
504591
504592
504593
504594
504595
504596
504597
504598
504599
504600
504601
504602
504603
504604
504605
504606
504607
504608
504609
504610
504611
504612
504613
504614
504615
504616
504617
504618
504619
504620
504621
504622
504623
504624
504625
504626
504627
504628
504629
504630
504631
504632
504633
504634
504635
504636
504637
504638
504639
504640
504641
504642
504643
504644
504645
504646
504647
504648
504649
504650
504651
504652
504653
504654
504655
504656
504657
504658
504659
504660
504661
504662
504663
504664
504665
504666
504667
504668
504669
504670
504671
504672
504673
504674
504675
504676
504677
504678
504679
504680
504681
504682
504683
504684
504685
504686
504687
504688
504689
504690
504691
504692
504693
504694
504695
504696
504697
504698
504699
504700
504701
504702
504703
504704
504705
504706
504707
504708
504709
504710
504711
504712
504713
504714
504715
504716
504717
504718
504719
504720
504721
504722
504723
504724
504725
504726
504727
504728
504729
504730
504731
504732
504733
504734
504735
504736
504737
504738
504739
504740
504741
504742
504743
504744
504745
504746
504747
504748
504749
504750
504751
504752
504753
504754
504755
504756
504757
504758
504759
504760
504761
504762
504763
504764
504765
504766
504767
504768
504769
504770
504771
504772
504773
504774
504775
504776
504777
504778
504779
504780
504781
504782
504783
504784
504785
504786
504787
504788
504789
504790
504791
504792
504793
504794
504795
504796
504797
504798
504799
504800
504801
504802
504803
504804
504805
504806
504807
504808
504809
504810
504811
504812
504813
504814
504815
504816
504817
504818
504819
504820
504821
504822
504823
504824
504825
504826
504827
504828
504829
504830
504831
504832
504833
504834
504835
504836
504837
504838
504839
504840
504841
504842
504843
504844
504845
504846
504847
504848
504849
504850
504851
504852
504853
504854
504855
504856
504857
504858
504859
504860
504861
504862
504863
504864
504865
504866
504867
504868
504869
504870
504871
504872
504873
504874
504875
504876
504877
504878
504879
504880
504881
504882
504883
504884
504885
504886
504887
504888
504889
504890
504891
504892
504893
504894
504895
504896
504897
504898
504899
504900
504901
504902
504903
504904
504905
504906
504907
504908
504909
504910
504911
504912
504913
504914
504915
504916
504917
504918
504919
504920
504921
504922
504923
504924
504925
504926
504927
504928
504929
504930
504931
504932
504933
504934
504935
504936
504937
504938
504939
504940
504941
504942
504943
504944
504945
504946
504947
504948
504949
504950
504951
504952
504953
504954
504955
504956
504957
504958
504959
504960
504961
504962
504963
504964
504965
504966
504967
504968
504969
504970
504971
504972
504973
504974
504975
504976
504977
504978
504979
504980
504981
504982
504983
504984
504985
504986
504987
504988
504989
504990
504991
504992
504993
504994
504995
504996
504997
504998
504999
505000
505001
505002
505003
505004
505005
505006
505007
505008
505009
505010
505011
505012
505013
505014
505015
505016
505017
505018
505019
505020
505021
505022
505023
505024
505025
505026
505027
505028
505029
505030
505031
505032
505033
505034
505035
505036
505037
505038
505039
505040
505041
505042
505043
505044
505045
505046
505047
505048
505049
505050
505051
505052
505053
505054
505055
505056
505057
505058
505059
505060
505061
505062
505063
505064
505065
505066
505067
505068
505069
505070
505071
505072
505073
505074
505075
505076
505077
505078
505079
505080
505081
505082
505083
505084
505085
505086
505087
505088
505089
505090
505091
505092
505093
505094
505095
505096
505097
505098
505099
505100
505101
505102
505103
505104
505105
505106
505107
505108
505109
505110
505111
505112
505113
505114
505115
505116
505117
505118
505119
505120
505121
505122
505123
505124
505125
505126
505127
505128
505129
505130
505131
505132
505133
505134
505135
505136
505137
505138
505139
505140
505141
505142
505143
505144
505145
505146
505147
505148
505149
505150
505151
505152
505153
505154
505155
505156
505157
505158
505159
505160
505161
505162
505163
505164
505165
505166
505167
505168
505169
505170
505171
505172
505173
505174
505175
505176
505177
505178
505179
505180
505181
505182
505183
505184
505185
505186
505187
505188
505189
505190
505191
505192
505193
505194
505195
505196
505197
505198
505199
505200
505201
505202
505203
505204
505205
505206
505207
505208
505209
505210
505211
505212
505213
505214
505215
505216
505217
505218
505219
505220
505221
505222
505223
505224
505225
505226
505227
505228
505229
505230
505231
505232
505233
505234
505235
505236
505237
505238
505239
505240
505241
505242
505243
505244
505245
505246
505247
505248
505249
505250
505251
505252
505253
505254
505255
505256
505257
505258
505259
505260
505261
505262
505263
505264
505265
505266
505267
505268
505269
505270
505271
505272
505273
505274
505275
505276
505442
505443
505444
505445
505446
505447
505448
505449
505450
505451
505452
505453
505454
505455
505456
505457
505458
505459
505460
505461
505462
505463
505464
505465
505466
505467
505468
505469
505470
505471
505472
505473
505474
505475
505476
505477
505478
505479
505480
505481
505482
505483
505484
505485
505486
505487
505488
505489
505490
505491
505492
505493
505494
505495
505496
505497
505498
505499
505500
505501
505502
505503
505504
505505
505506
505507
505508
505509
505510
505511
505512
505513
505514
505515
505516
505517
505518
505519
505520
505521
505522
505523
505524
505525
505526
505527
505528
505529
505530
505531
505532
505533
505534
505535
505536
505537
505538
505539
505540
505541
505542
505543
505544
505545
505546
505547
505548
505549
505550
505551
505552
505553
505554
505555
505556
505557
505558
505559
505560
505561
505562
505563
505564
505565
505566
505567
505568
505569
505570
505571
505572
505573
505574
505575
505576
505577
505578
505579
505580
505581
505582
505583
505584
505585
505586
505587
505588
505589
505590
505591
505592
505593
505594
505595
505596
505597
505598
505599
505600
505601
505602
505603
505604
505605
505606
505607
505608
505609
505610
505611
505612
505613
505614
505615
505616
505617
505618
505619
505620
505621
505622
505623
505624
505625
505626
505627
505628
505629
505630
505631
505632
505633
505634
505635
505636
505637
505638
505639
505640
505641
505642
505643
505644
505645
505646
505647
505648
505649
505650
505651
505652
505653
505654
505655
505656
505657
505658
505659
505660
505661
505662
505663
505664
505665
505666
505667
505668
505669
505670
505671
505672
505673
505674
505675
505676
505677
505678
505679
505680
505681
505682
505683
505684
505685
505686
505687
505688
505689
505690
505691
505692
505693
505694
505695
505696
505697
505698
505699
505700
505701
505772
505773
505774
505775
505776
505777
505778
505779
505780
505781
505782
505783
505784
505785
505786
505787
505788
505789
505790
505791
505792
505793
505794
505795
505796
505797
505798
505799
505800
505801
505802
505803
505804
505805
505806
505807
505808
505809
505810
505811
505812
505813
505814
505815
505816
505817
505818
505819
505820
505821
505822
505823
505824
505825
505826
505827
505828
505829
505830
505831
505832
505833
505834
505835
505836
505837
505838
505839
505840
505841
505842
505843
505844
505845
505846
505847
505848
505849
505850
505851
505852
505853
505854
505855
505856
505857
505858
505859
505860
505861
505862
505863
505864
505865
505866
505867
505868
505869
505870
505871
505872
505873
505874
505875
505876
505877
505878
505879
505880
505881
505882
505883
505884
505885
505886
505887
505888
505889
505890
505891
505892
505893
505894
505895
505896
505897
505898
505899
505900
505901
505902
505903
505904
505905
505906
505907
505908
505909
505910
505911
505912
505913
505914
505915
505916
505917
505918
505919
505920
505921
505922
505923
505924
505925
505926
505927
505928
505929
505930
505931
505932
505933
505934
505935
505936
505937
505938
505939
505940
505941
505942
505943
505944
505945
505946
505947
505948
505949
505950
505951
505952
505953
505954
505955
505956
505957
505958
505959
505960
505961
505962
505963
505964
505965
505966
505967
505968
505969
505970
505971
505972
505973
505974
505975
505976
505977
505978
505979
505981
505982
505983
505984
505985
505986
505987
505988
505989
505990
505991
505992
505993
505994
505995
505996
505997
505998
505999
506000
506001
506002
506003
506004
506005
506006
506007
506008
506009
506010
506011
506012
506013
506014
506015
506016
506017
506018
506019
506020
506021
506022
506023
506024
506025
506026
506027
506028
506029
506030
506031
506032
506033
506034
506035
506036
506037
506038
506039
506040
506041
506042
506043
506044
506045
506046
506047
506048
506049
506050
506051
506052
506053
506054
506055
506056
506057
506058
506059
506060
506061
506062
506063
506064
506065
506066
506067
506068
506069
506070
506071
506072
506073
506074
506075
506076
506077
506078
506079
506080
506081
506082
506083
506084
506085
506086
506087
506088
506089
506090
506091
506092
506093
506094
506095
506096
506097
506098
506121
506122
506123
506124
506125
506126
506127
506128
506129
506130
506131
506132
506133
506134
506135
506136
506137
506138
506139
506140
506141
506142
506143
506144
506145
506146
506147
506148
506149
506150
506151
506152
506153
506154
506155
506156
506157
506158
506159
506160
506161
506162
506163
506164
506165
506166
506167
506168
506169
506171
506172
506173
506174
506175
506176
506177
506178
506179
506180
506181
506182
506183
506184
506185
506186
506187
506188
506189
506190
506191
506192
506193
506194
506195
506196
506197
506198
506199
506200
506201
506202
506203
506204
506205
506206
506207
506208
506209
506210
506211
506212
506213
506214
506215
506216
506217
506218
506219
506220
506221
506222
506223
506224
506225
506226
506227
506228
506229
506230
506231
506232
506233
506234
506235
506236
506237
506238
506239
506240
506241
506242
506243
506244
506245
506246
506247
506248
506249
506250
506251
506252
506253
506254
506255
506256
506257
506258
506259
506260
506261
506262
506263
506264
506265
506266
506267
506268
506269
506270
506271
506272
506273
506274
506275
506276
506277
506278
506279
506280
506281
506282
506283
506284
506285
506286
506287
506288
506289
506290
506291
506292
506293
506294
506295
506296
506297
506298
506299
506300
506301
506302
506303
506304
506305
506306
506307
506308
506309
506310
506311
506312
506313
506314
506315
506316
506317
506318
506319
506320
506321
506322
506323
506324
506325
506326
506327
506328
506329
506330
506331
506332
506333
506334
506335
506336
506337
506338
506339
506340
506341
506342
506343
506344
506345
506346
506347
506348
506349
506350
506351
506352
506353
506354
506355
506356
506357
506358
506359
506360
506361
506362
506363
506364
506365
506366
506367
506368
506369
506370
506371
506372
506373
506374
506375
506376
506377
506378
506379
506380
506381
506382
506383
506384
506385
506386
506387
506388
506389
506390
506391
506392
506393
506394
506395
506396
506397
506398
506399
506400
506401
506402
506403
506404
506405
506406
506407
506408
506409
506410
506411
506413
506414
506415
506416
506417
506418
506419
506420
506421
506422
506423
506424
506425
506426
506427
506428
506429
506430
506431
506432
506433
506434
506435
506436
506437
506438
506439
506440
506441
506442
506443
506444
506561
506562
506563
506564
506565
506566
506567
506568
506569
506570
506571
506572
506573
506574
506575
506576
506577
506578
506579
506580
506581
506582
506583
506584
506585
506586
506587
506588
506589
506590
506591
506592
506593
506594
506595
506596
506597
506598
506599
506600
506601
506602
506603
506604
506605
506606
506607
506608
506609
506610
506611
506612
506613
506614
506615
506616
506617
506618
506619
506620
506621
506622
506623
506624
506625
506626
506627
506628
506629
506630
506631
506632
506633
506634
506635
506636
506637
506638
506639
506640
506641
506642
506643
506644
506645
506646
506647
506648
506649
506650
506651
506652
506653
506654
506655
506656
506657
506658
506659
506660
506661
506662
506663
506664
506665
506666
506667
506668
506669
506670
506671
506672
506673
506674
506675
506676
506677
506678
506679
506680
506681
506682
506683
506684
506685
506686
506687
506688
506689
506690
506691
506692
506694
506695
506696
506697
506698
506699
506700
506701
506702
506703
506704
506705
506706
506707
506708
506709
506710
506711
506712
506713
506714
506715
506716
506717
506718
506719
506720
506721
506722
506723
506724
506725
506726
506727
506728
506729
506730
506731
506732
506733
506734
506735
506736
506737
506738
506739
506740
506741
506742
506743
506744
506745
506746
506747
506748
506749
506750
506751
506752
506753
506754
506755
506756
506757
506758
506759
506760
506761
506762
506763
506764
506765
506766
506767
506768
506769
506770
506771
506772
506773
506774
506775
506776
506777
506778
506779
506780
506781
506782
506783
506784
506785
506786
506787
506788
506789
506790
506791
506792
506793
506794
506795
506796
506797
506798
506799
506800
506801
506802
506803
506804
506805
506806
506807
506808
506809
506810
506811
506812
506813
506814
506815
506816
506817
506818
506819
506820
506821
506822
506823
506824
506825
506826
506827
506828
506829
506830
506831
506832
506833
506834
506835
506836
506837
506838
506839
506840
506841
506842
506843
506844
506846
506847
506848
506849
506850
506851
506852
506853
506855
506856
506857
506858
506859
506860
506861
506862
506863
506864
506865
506866
506867
506868
506869
506870
506871
506872
506873
506874
506875
506876
506877
506878
506879
506880
506881
506882
506883
506884
506885
506886
506887
506888
506889
506890
506891
506892
506893
506894
506895
506896
506897
506898
506899
506900
506901
506902
506903
506904
506905
506906
506907
506908
506909
506910
506911
506912
506913
506914
506915
506916
506917
506918
506919
506920
506921
506922
506923
506924
506925
506926
506927
506928
506929
506930
506931
506932
506933
506934
506935
506936
506937
506938
506939
506940
506941
506942
506943
506944
506945
506946
506947
506948
506949
506950
506951
506952
506953
506954
506955
506956
506957
506958
506959
506960
506961
506962
506963
506964
506965
506966
506967
506968
506969
506970
506971
506972
506973
506974
506975
506976
506977
506978
506979
506980
506981
506982
506983
506984
506985
506986
506987
506988
506989
506990
506991
506992
506993
506995
506996
506997
506998
506999
507000
507001
507002
507003
507004
507005
507006
507007
507008
507009
507010
507011
507012
507013
507014
507015
507016
507017
507018
507019
507020
507021
507022
507023
507024
507025
507026
507027
507028
507029
507030
507031
507032
507033
507034
507035
507036
507037
507038
507039
507040
507041
507042
507043
507044
507045
507046
507047
507048
507049
507050
507051
507052
507053
507054
507055
507056
507057
507058
507059
507060
507061
507062
507063
507064
507065
507066
507067
507068
507069
507070
507071
507072
507073
507074
507075
507076
507077
507078
507170
507171
507172
507173
507174
507175
507176
507177
507178
507179
507180
507181
507182
507183
507184
507185
507186
507187
507188
507189
507190
507191
507192
507193
507194
507195
507196
507197
507198
507199
507200
507201
507202
507203
507204
507205
507206
507207
507208
507209
507210
507211
507212
507213
507214
507215
507216
507217
507218
507219
507220
507221
507222
507223
507224
507225
507226
507227
507228
507229
507230
507231
507232
507233
507234
507235
507236
507237
507238
507239
507240
507241
507242
507243
507244
507245
507246
507247
507248
507249
507250
507251
507252
507253
507254
507255
507256
507257
507258
507259
507260
507261
507262
507263
507264
507265
507266
507267
507268
507269
507270
507271
507272
507273
507274
507275
507276
507277
507278
507279
507280
507281
507282
507283
507284
507285
507286
507287
507288
507289
507290
507291
507292
507293
507294
507295
507296
507297
507298
507299
507300
507301
507302
507303
507304
507305
507306
507307
507308
507309
507310
507311
507312
507313
507314
507315
507316
507317
507318
507319
507320
507321
507322
507323
507324
507325
507326
507327
507328
507329
507330
507331
507332
507333
507334
507335
507336
507337
507338
507339
507340
507341
507342
507343
507344
507345
507346
507347
507348
507349
507350
507351
507352
507353
507354
507355
507356
507357
507358
507359
507360
507361
507362
507363
507364
507365
507366
507367
507368
507369
507370
507371
507372
507373
507578
507579
507580
507581
507582
507583
507584
507585
507586
507587
507588
507589
507590
507591
507592
507593
507594
507595
507596
507597
507598
507599
507600
507601
507602
507603
507604
507605
507606
507607
507608
507609
507610
507611
507612
507613
507614
507615
507616
507617
507618
507619
507620
507621
507622
507623
507624
507625
507626
507627
507628
507629
507630
507631
507632
507633
507634
507635
507636
507637
507638
507639
507640
507641
507642
507643
507644
507645
507646
507647
507648
507649
507650
507651
507652
507653
507654
507655
507656
507657
507658
507659
507660
507661
507662
507663
507664
507665
507666
507667
507668
507669
507670
507671
507672
507673
507674
507675
507676
507677
507678
507679
507680
507681
507682
507683
507684
507685
507686
507687
507688
507689
507690
507691
507692
507693
507694
507695
507696
507697
507698
507699
507700
507701
507702
507703
507704
507705
507706
507707
507708
507709
507710
507711
507712
507713
507714
507715
507716
507717
507718
507719
507720
507721
507722
507723
507724
507725
507726
507727
507728
507729
507730
507731
507732
507733
507734
507735
507736
507737
507738
507739
507740
507741
507742
507743
507744
507745
507746
507747
507748
507749
507750
507751
507752
507753
507754
507755
507756
507757
507767
507768
507769
507770
507771
507772
507773
507774
507775
507776
507777
507778
507779
507780
507781
507782
507783
507784
507785
507786
507787
507788
507789
507790
507791
507792
507793
507794
507795
507796
507797
507798
507799
507800
507801
507802
507803
507804
507805
507806
507807
507808
507809
507810
507811
507812
507813
507814
507815
507816
507817
507818
507819
507820
507821
507822
507824
507825
507826
507827
507828
507829
507830
507831
507832
507833
507834
507835
507836
507837
507838
507839
507840
507841
507842
507843
507844
507845
507846
507847
507849
507850
507851
507852
507853
507854
507855
507856
507857
507858
507859
507860
507861
507862
507863
507864
507865
507866
507867
507868
507869
507870
507871
507872
507873
507874
507876
507877
507878
507879
507880
507881
507882
507883
507884
507885
507886
507887
507888
507889
507890
507891
507892
507893
507894
507895
507896
507897
507898
507899
507900
507901
507902
507903
507904
507905
507906
507907
507908
507909
507910
507911
507912
507913
507914
507915
507916
507917
507918
507919
507920
507921
507922
507923
507924
507925
507926
507927
507928
507929
507930
507931
507932
507933
507934
507935
507936
507937
507938
507939
507940
507941
507942
507943
507944
507945
507946
507947
507948
507949
507950
507951
507952
507953
507954
507955
507956
507957
507958
507959
507960
507961
507962
507963
507964
507965
507966
507967
507968
507969
507970
507971
507972
507973
507974
507975
507976
507977
507978
507979
507980
507981
507982
507983
507984
507985
507986
507987
507988
507989
507990
507991
507992
507993
507994
507995
507996
507997
507998
507999
508000
508001
508002
508003
508004
508005
508006
508007
508008
508009
508010
508011
508012
508013
508014
508015
508016
508017
508018
508019
508020
508021
508022
508023
508024
508025
508026
508027
508028
508029
508030
508031
508032
508033
508034
508035
508036
508037
508038
508039
508040
508041
508042
508043
508044
508045
508046
508047
508048
508049
508050
508051
508052
508053
508054
508055
508056
508057
508058
508059
508060
508061
508062
508063
508064
508065
508066
508067
508068
508069
508070
508071
508072
508073
508074
508075
508076
508077
508078
508079
508080
508081
508082
508083
508084
508085
508086
508087
508088
508089
508090
508091
508092
508093
508094
508095
508096
508097
508098
508099
508100
508101
508102
508103
508104
508105
508106
508107
508108
508109
508110
508111
508112
508114
508115
508116
508117
508118
508119
508120
508121
508122
508123
508124
508125
508126
508127
508128
508129
508130
508131
508132
508133
508134
508135
508136
508137
508138
508139
508140
508141
508142
508143
508144
508145
508146
508147
508148
508149
508150
508151
508152
508153
508154
508155
508156
508157
508158
508159
508160
508161
508162
508163
508164
508165
508166
508167
508168
508169
508170
508171
508172
508173
508174
508175
508176
508191
508192
508193
508194
508195
508196
508197
508198
508199
508200
508201
508202
508203
508204
508205
508206
508207
508208
508209
508210
508211
508212
508213
508214
508215
508216
508217
508218
508219
508220
508221
508222
508223
508224
508225
508226
508227
508228
508229
508230
508231
508232
508233
508234
508235
508236
508237
508238
508239
508240
508241
508242
508243
508244
508245
508246
508247
508248
508249
508250
508251
508252
508253
508254
508255
508256
508257
508258
508259
508260
508261
508262
508263
508264
508265
508266
508267
508268
508269
508270
508271
508272
508273
508274
508275
508276
508277
508278
508279
508280
508281
508282
508283
508284
508285
508286
508287
508288
508289
508290
508291
508292
508293
508294
508295
508296
508297
508298
508299
508300
508301
508302
508303
508304
508305
508306
508307
508308
508309
508310
508311
508312
508313
508314
508315
508316
508317
508318
508319
508320
508321
508322
508323
508324
508325
508326
508327
508328
508329
508330
508331
508332
508333
508334
508335
508336
508337
508338
508339
508340
508341
508342
508343
508344
508345
508346
508347
508348
508349
508350
508351
508352
508353
508354
508355
508356
508357
508358
508359
508360
508361
508362
508363
508364
508365
508366
508367
508368
508369
508370
508371
508372
508373
508374
508375
508376
508377
508378
508379
508380
508381
508382
508383
508384
508385
508386
508387
508388
508389
508390
508391
508392
508393
508394
508395
508396
508397
508398
508399
508400
508401
508402
508403
508404
508405
508406
508407
508408
508409
508410
508411
508412
508413
508414
508415
508416
508417
508418
508419
508420
508421
508422
508423
508424
508425
508426
508427
508428
508429
508430
508431
508432
508433
508434
508435
508436
508437
508438
508439
508440
508441
508442
508443
508444
508445
508446
508447
508448
508449
508450
508451
508452
508453
508454
508455
508456
508457
508458
508459
508460
508461
508462
508463
508464
508465
508466
508467
508468
508469
508470
508471
508472
508473
508474
508475
508476
508477
508478
508479
508480
508481
508482
508483
508484
508485
508486
508487
508488
508489
508490
508491
508492
508493
508494
508495
508496
508497
508498
508499
508500
508501
508502
508503
508504
508505
508506
508507
508508
508509
508510
508511
508512
508513
508514
508515
508516
508517
508518
508519
508520
508521
508522
508523
508524
508525
508526
508527
508528
508529
508530
508531
508532
508533
508534
508535
508536
508537
508538
508539
508540
508541
508542
508543
508544
508545
508546
508547
508548
508549
508550
508551
508552
508553
508554
508555
508556
508557
508558
508559
508560
508561
508562
508563
508564
508565
508566
508567
508568
508569
508570
508571
508572
508573
508574
508575
508576
508577
508578
508579
508580
508581
508582
508583
508584
508585
508586
508587
508588
508589
508590
508591
508592
508593
508594
508595
508596
508597
508598
508599
508600
508601
508602
508603
508604
508605
508606
508607
508608
508609
508610
508611
508612
508613
508614
508615
508616
508617
508618
508619
508620
508621
508622
508623
508624
508625
508626
508627
508628
508629
508630
508631
508632
508633
508634
508635
508636
508637
508638
508639
508640
508641
508642
508643
508644
508645
508646
508647
508648
508649
508650
508651
508652
508653
508654
508655
508656
508657
508658
508659
508660
508661
508662
508663
508664
508665
508666
508667
508668
508669
508670
508671
508672
508673
508674
508675
508676
508677
508678
508679
508680
508681
508682
508683
508684
508685
508686
508687
508688
508689
508690
508691
508692
508693
508694
508695
508696
508697
508698
508699
508700
508701
508702
508703
508704
508705
508706
508707
508708
508709
508710
508711
508712
508713
508714
508715
508716
508717
508718
508719
508720
508721
508722
508723
508724
508725
508726
508727
508728
508729
508730
508731
508732
508733
508734
508735
508736
508737
508738
508739
508740
508817
508818
508819
508820
508821
508822
508823
508824
508825
508826
508827
508828
508829
508830
508831
508832
508833
508834
508835
508836
508837
508838
508839
508840
508841
508842
508843
508844
508845
508846
508847
508848
508849
508850
508851
508852
508853
508854
508855
508856
508857
508858
508859
508860
508861
508862
508863
508864
508865
508866
508867
508868
508869
508870
508871
508872
508873
508874
508875
508876
508877
508878
508879
508880
508881
508882
508883
508884
508885
508886
508887
508888
508889
508890
508891
508892
508893
508894
508895
508896
508897
508898
508899
508900
508901
508902
508903
508904
508905
508906
508907
508908
508909
508910
508911
508912
508913
508914
508915
508916
508917
508918
508919
508920
508921
508922
508923
508924
508925
508926
508927
508928
508930
508931
508932
508933
508934
508935
508936
508937
508938
508939
508940
508941
508942
508943
508944
508945
508946
508947
508948
508949
508950
508951
508952
508953
508954
508955
508956
508957
508958
508959
508960
508961
508962
508963
508964
508965
508966
508967
508968
508969
508970
508971
508972
508973
508974
508975
508976
508977
508978
508979
508980
508981
508982
508983
508984
508985
508986
508987
508988
508989
508990
508991
508992
508993
508994
508995
508996
508997
508998
508999
509000
509001
509002
509003
509004
509005
509006
509007
509008
509009
509010
509011
509012
509013
509014
509015
509016
509017
509018
509019
509020
509021
509022
509023
509024
509025
509026
509027
509028
509029
509030
509031
509032
509033
509034
509035
509036
509037
509038
509039
509040
509041
509042
509043
509044
509045
509046
509047
509048
509049
509050
509051
509052
509053
509054
509055
509056
509057
509058
509059
509060
509061
509062
509063
509064
509065
509066
509067
509068
509069
509070
509071
509072
509073
509074
509075
509076
509077
509078
509079
509080
509081
509082
509083
509084
509085
509086
509087
509088
509089
509090
509091
509092
509093
509094
509095
509096
509097
509098
509099
509100
509101
509102
509103
509104
509105
509106
509107
509108
509109
509110
509111
509112
509113
509114
509115
509116
509117
509118
509119
509120
509121
509122
509123
509124
509125
509126
509127
509128
509129
509130
509131
509132
509133
509134
509135
509136
509137
509138
509139
509140
509141
509142
509143
509144
509145
509146
509147
509148
509149
509150
509151
509152
509153
509154
509155
509156
509157
509158
509159
509160
509161
509162
509163
509164
509165
509166
509167
509168
509169
509170
509171
509172
509173
509174
509175
509176
509177
509178
509179
509180
509181
509182
509183
509184
509185
509186
509187
509188
509189
509190
509191
509192
509193
509194
509195
509196
509197
509198
509199
509200
509201
509202
509203
509204
509205
509206
509207
509208
509209
509210
509211
509212
509213
509214
509215
509216
509217
509218
509219
509220
509221
509222
509223
509224
509225
509226
509227
509228
509229
509230
509231
509232
509233
509234
509235
509236
509237
509238
509239
509240
509241
509242
509243
509244
509245
509246
509247
509248
509249
509250
509251
509252
509253
509254
509255
509256
509257
509258
509259
509260
509261
509262
509263
509264
509265
509266
509267
509268
509269
509270
509271
509272
509273
509274
509275
509276
509277
509278
509279
509280
509281
509282
509283
509284
509285
509286
509287
509288
509289
509290
509291
509292
509293
509294
509295
509336
509337
509338
509339
509340
509341
509342
509343
509344
509345
509346
509347
509348
509349
509350
509351
509352
509353
509354
509355
509356
509358
509359
509360
509361
509362
509363
509364
509365
509366
509367
509368
509369
509370
509371
509372
509373
509374
509375
509376
509377
509378
509379
509380
509381
509382
509383
509384
509385
509386
509387
509388
509389
509390
509391
509392
509393
509394
509395
509396
509397
509398
509399
509400
509401
509402
509403
509404
509405
509406
509407
509408
509409
509410
509411
509412
509413
509414
509415
509416
509417
509418
509419
509420
509421
509422
509423
509424
509425
509426
509427
509428
509429
509430
509431
509432
509433
509434
509435
509436
509437
509438
509439
509440
509441
509442
509443
509444
509445
509446
509447
509448
509449
509450
509451
509452
509453
509454
509455
509456
509457
509458
509459
509460
509461
509462
509464
509465
509466
509467
509468
509469
509470
509471
509472
509473
509474
509475
509476
509477
509478
509479
509480
509481
509482
509483
509484
509485
509486
509487
509488
509489
509490
509491
509492
509493
509494
509495
509496
509497
509498
509499
509500
509501
509502
509503
509504
509505
509506
509507
509508
509509
509510
509511
509512
509513
509514
509515
509516
509517
509518
509519
509520
509521
509522
509523
509524
509525
509526
509527
509528
509529
509530
509531
509532
509533
509534
509535
509536
509537
509538
509539
509540
509541
509542
509543
509544
509545
509546
509547
509548
509549
509550
509551
509552
509553
509554
509555
509586
509587
509588
509589
509590
509591
509592
509593
509594
509595
509596
509597
509598
509599
509600
509601
509602
509603
509604
509605
509606
509607
509608
509609
509610
509611
509612
509613
509614
509615
509616
509617
509618
509619
509620
509621
509622
509623
509624
509625
509626
509627
509628
509629
509630
509631
509632
509633
509634
509635
509636
509637
509638
509639
509640
509641
509642
509643
509644
509645
509646
509647
509648
509649
509650
509651
509652
509653
509654
509655
509656
509657
509658
509659
509660
509661
509662
509663
509664
509665
509666
509667
509668
509669
509670
509671
509672
509673
509674
509675
509676
509677
509678
509679
509680
509681
509682
509683
509684
509685
509686
509687
509688
509689
509690
509691
509692
509693
509694
509695
509696
509697
509698
509699
509700
509701
509702
509703
509704
509705
509706
509707
509708
509709
509710
509711
509712
509713
509714
509715
509716
509717
509718
509719
509720
509721
509722
509723
509724
509725
509726
509727
509728
509729
509730
509731
509732
509733
509734
509735
509736
509737
509738
509739
509740
509741
509742
509743
509744
509745
509746
509747
509748
509749
509750
509751
509752
509753
509754
509755
509756
509757
509758
509759
509760
509761
509762
509763
509764
509765
509766
509767
509768
509769
509770
509771
509772
509773
509774
509775
509776
509777
509778
509779
509780
509781
509782
509783
509784
509785
509786
509787
509788
509789
509790
509791
509792
509793
509794
509795
509797
509798
509799
509800
509801
509802
509803
509804
509805
509806
509807
509808
509809
509810
509811
509812
509813
509814
509815
509816
509817
509818
509819
509820
509821
509822
509823
509824
509825
509826
509827
509828
509829
509830
509831
509832
509833
509834
509835
509876
509877
509878
509880
509881
509882
509883
509884
509885
509886
509887
509888
509889
509890
509891
509892
509893
509894
509895
509896
509897
509898
509899
509900
509901
509902
509903
509904
509905
509906
509907
509908
509909
509910
509911
509912
509913
509914
509915
509916
509917
509918
509919
509920
509921
509922
509923
509924
509925
509926
509927
509928
509929
509930
509931
509932
509933
509934
509935
509936
509937
509938
509939
509940
509941
509942
509943
509944
509945
509946
509947
509948
509949
509950
509951
509952
509953
509954
509955
509956
509957
509958
509959
509960
509961
509962
509963
509964
509965
509966
509967
509968
509969
509970
509971
509972
509973
509974
509975
509976
509977
509978
509979
509980
509981
509982
509983
509984
509985
509986
509987
509988
509989
509990
509991
509992
509993
509994
509995
509996
509997
509998
509999
510000
510001
510002
510004
510005
510006
510007
510008
510009
510010
510011
510012
510013
510014
510015
510016
510017
510018
510019
510020
510021
510022
510023
510024
510025
510026
510027
510028
510029
510030
510031
510032
510033
510034
510035
510036
510037
510038
510039
510040
510041
510042
510043
510044
510045
510046
510047
510048
510049
510050
510051
510052
510053
510054
510055
510056
510057
510058
510059
510060
510061
510062
510063
510064
510065
510066
510067
510068
510069
510070
510071
510072
510073
510074
510075
510076
510077
510078
510079
510080
510081
510082
510083
510084
510085
510086
510087
510088
510089
510090
510091
510092
510093
510094
510095
510096
510097
510098
510099
510100
510101
510102
510103
510104
510105
510106
510107
510108
510109
510110
510111
510112
510113
510114
510115
510116
510117
510118
510119
510120
510121
510122
510123
510124
510125
510126
510127
510128
510129
510130
510131
510132
510133
510134
510135
510136
510137
510138
510139
510140
510141
510142
510143
510144
510145
510146
510147
510148
510149
510150
510151
510152
510153
510154
510155
510156
510157
510158
510159
510160
510161
510162
510163
510164
510165
510166
510167
510168
510169
510170
510171
510172
510173
510174
510175
510176
510177
510178
510179
510180
510181
510182
510183
510184
510185
510186
510187
510188
510189
510190
510191
510192
510193
510194
510195
510196
510197
510198
510199
510200
510201
510202
510203
510204
510205
510206
510207
510208
510209
510210
510211
510212
510213
510214
510215
510216
510217
510218
510219
510220
510221
510222
510223
510224
510225
510226
510227
510228
510229
510230
510231
510232
510233
510234
510235
510236
510237
510238
510239
510240
510241
510242
510243
510244
510245
510246
510247
510248
510249
510250
510251
510252
510253
510254
510255
510256
510257
510258
510259
510260
510261
510262
510263
510264
510265
510266
510267
510268
510269
510270
510271
510272
510273
510274
510275
510276
510277
510278
510279
510280
510281
510282
510283
510284
510285
510286
510287
510288
510289
510290
510291
510292
510293
510294
510295
510296
510326
510327
510328
510329
510330
510331
510332
510333
510334
510335
510336
510337
510338
510339
510340
510341
510342
510343
510344
510345
510346
510347
510348
510349
510350
510351
510352
510353
510354
510355
510356
510357
510358
510359
510360
510361
510362
510363
510364
510365
510366
510367
510368
510369
510370
510371
510372
510373
510374
510375
510376
510377
510378
510379
510380
510381
510382
510383
510384
510385
510386
510387
510388
510389
510390
510391
510392
510393
510394
510395
510396
510397
510398
510399
510400
510401
510402
510403
510404
510405
510406
510407
510408
510409
510410
510411
510412
510413
510414
510415
510416
510417
510418
510419
510420
510421
510422
510423
510424
510425
510426
510427
510428
510429
510430
510431
510432
510433
510434
510435
510436
510437
510438
510439
510440
510441
510442
510443
510444
510445
510446
510447
510448
510449
510450
510451
510452
510453
510454
510455
510456
510457
510458
510459
510460
510461
510462
510463
510464
510465
510466
510467
510468
510469
510470
510471
510472
510473
510474
510475
510476
510477
510478
510479
510480
510481
510482
510483
510484
510485
510486
510487
510488
510489
510490
510491
510492
510493
510494
510495
510496
510497
510498
510499
510500
510501
510502
510503
510504
510505
510506
510507
510508
510509
510510
510511
510512
510513
510514
510515
510516
510517
510518
510519
510520
510521
510522
510523
510524
510525
510526
510527
510528
510529
510530
510531
510532
510533
510534
510535
510536
510537
510538
510539
510540
510541
510542
510543
510544
510545
510546
510547
510548
510549
510550
510551
510552
510553
510554
510555
510556
510557
510558
510560
510561
510562
510563
510564
510565
510566
510567
510568
510569
510570
510571
510572
510573
510574
510575
510576
510577
510578
510700
510701
510702
510703
510704
510705
510706
510707
510708
510709
510710
510711
510712
510713
510714
510715
510716
510717
510718
510719
510720
510721
510722
510723
510724
510725
510726
510727
510728
510729
510730
510731
510732
510733
510734
510735
510736
510737
510738
510739
510740
510741
510742
510743
510744
510745
510746
510747
510748
510749
510750
510751
510752
510753
510754
510755
510756
510757
510758
510759
510760
510761
510762
510763
510764
510765
510766
510767
510768
510769
510770
510771
510772
510773
510774
510775
510776
510777
510778
510779
510780
510781
510782
510783
510784
510785
510786
510787
510788
510789
510790
510791
510792
510793
510794
510795
510796
510797
510798
510799
510800
510801
510802
510803
510804
510805
510806
510807
510808
510809
510810
510811
510812
510813
510814
510815
510816
510817
510818
510819
510820
510821
510822
510823
510824
510825
510826
510827
510828
510829
510830
510831
510832
510833
510834
510835
510836
510837
510838
510839
510840
510841
510842
510843
510844
510845
510846
510847
510848
510849
510850
510851
510852
510853
510854
510855
510856
510857
510858
510859
510860
510861
510862
510863
510864
510865
510866
510867
510868
510869
510870
510871
510872
510873
510874
510875
510876
510877
510878
510879
510880
510881
510882
510883
510884
510885
510886
510887
510888
510889
510890
510891
510892
510893
510894
510895
510896
510897
510898
510899
510900
510901
510902
510903
510904
510905
510906
510907
510908
510909
510910
510911
510912
510913
510914
510915
510916
510917
510918
510919
510920
510921
510922
510923
510924
510925
510926
510927
510928
510929
510930
510931
510932
510933
510934
510935
510936
510937
510938
510939
510940
510941
510942
510943
510944
510945
510946
510947
510948
510949
510950
510951
510952
510953
510954
510955
510956
510957
510958
510959
510960
510961
510962
510963
510964
510965
510966
510967
510968
510969
510970
510971
510972
510973
510974
510975
510976
510977
510978
510979
510980
510981
510982
510983
510984
510985
510986
510987
510988
510989
510990
510991
510992
510993
510994
510995
510996
510997
510998
510999
511000
511001
511002
511003
511004
511005
511006
511007
511008
511009
511010
511011
511012
511013
511014
511015
511016
511017
511018
511019
511020
511021
511022
511023
511024
511025
511026
511027
511028
511029
511030
511031
511032
511033
511034
511035
511036
511037
511038
511039
511040
511041
511042
511043
511044
511045
511046
511047
511048
511049
511050
511051
511052
511053
511054
511055
511056
511057
511058
511059
511060
511061
511062
511063
511064
511065
511066
511067
511381
511382
511383
511384
511385
511386
511387
511388
511389
511390
511391
511392
511393
511394
511395
511396
511397
511398
511399
511400
511401
511402
511403
511404
511405
511406
511407
511408
511409
511410
511411
511412
511413
511414
511415
511416
511417
511418
511419
511420
511421
511422
511423
511424
511425
511426
511427
511428
511429
511430
511431
511432
511433
511434
511435
511436
511437
511438
511439
511440
511441
511442
511443
511444
511445
511446
511447
511448
511449
511450
511451
511452
511453
511454
511455
511456
511457
511458
511459
511460
511461
511462
511463
511464
511465
511466
511467
511468
511469
511470
511471
511472
511473
511474
511475
511476
511477
511478
511479
511480
511481
511482
511483
511484
511485
511486
511487
511488
511489
511490
511492
511493
511494
511495
511496
511497
511498
511499
511500
511501
511502
511503
511504
511505
511506
511507
511508
511509
511510
511511
511512
511513
511514
511515
511516
511517
511518
511519
511520
511521
511522
511523
511524
511525
511526
511527
511528
511529
511530
511531
511532
511533
511534
511535
511536
511537
511538
511539
511540
511541
511542
511543
511544
511545
511546
511547
511548
511549
511550
511551
511552
511553
511554
511555
511556
511557
511558
511559
511560
511561
511562
511563
511564
511565
511566
511567
511568
511569
511570
511571
511572
511573
511574
511575
511576
511577
511578
511579
511580
511581
511582
511583
511584
511585
511586
511587
511588
511589
511590
511591
511592
511593
511594
511595
511596
511597
511598
511599
511600
511601
511602
511603
511604
511605
511606
511607
511608
511609
511610
511611
511612
511613
511614
511615
511616
511617
511618
511619
511620
511621
511622
511623
511624
511625
511626
511627
511628
511629
511630
511631
511632
511633
511634
511635
511636
511637
511638
511639
511640
511641
511642
511643
511644
511645
511646
511647
511648
511649
511650
511651
511652
511653
511654
511655
511656
511657
511658
511659
511660
511661
511662
511663
511664
511665
511666
511667
511668
511669
511670
511671
511672
511673
511674
511675
511676
511677
511678
511679
511680
511681
511682
511683
511684
511685
511686
511687
511688
511689
511690
511691
511692
511693
511694
511695
511696
511697
511698
511699
511700
511701
511702
511703
511704
511705
511706
511707
511708
511709
511710
511711
511712
511713
511714
511715
511716
511717
511718
511719
511720
511721
511722
511723
511724
511725
511726
511727
511728
511729
511730
511731
511732
511733
511734
511735
511736
511737
511738
511739
511740
511741
511742
511743
511744
511745
511746
511747
511748
511749
511750
511751
511752
511753
511754
511755
511756
511757
511758
511759
511760
511761
511762
511763
511764
511765
511766
511767
511768
511769
511770
511771
511772
511773
511774
511775
511776
511777
511778
511779
511780
511781
511782
511783
511784
511785
511786
511787
511788
511789
511790
511791
511792
511793
511794
511795
511796
511797
511798
511799
511800
511801
511802
511803
511804
511805
511806
511807
511808
511809
511810
511811
511812
511813
511814
511815
511816
511817
511818
511819
511820
511821
511822
511823
511824
511825
511826
511827
511828
511829
511830
511831
511832
511833
511834
511835
511836
511837
511838
511839
511840
511841
511842
511843
511844
511845
511846
511847
511848
511849
511850
511851
511852
511853
511854
511855
511856
511857
511858
511859
511860
511861
511862
511863
511864
511865
511866
511867
511868
511869
511870
511871
511872
511873
511874
511875
511876
511877
511878
511879
511880
511881
511882
511883
511884
511885
511886
511887
511888
511889
511890
511891
511892
511893
511894
511895
511896
511897
511898
511899
511900
511901
511902
511903
511904
511905
511906
511907
511908
511909
511910
511911
511912
511913
511914
511915
511916
511917
511918
511919
511920
511921
511922
511923
511924
511925
511926
511927
511928
511929
511930
511931
511932
511933
511934
511935
511936
511937
511938
511939
511940
511941
511942
511943
511944
511945
511946
511947
511948
511949
511950
511951
511952
511953
511954
511955
511956
511957
511958
511959
511960
511961
511962
511963
511964
511965
511966
511967
511968
511969
511970
511971
511972
511973
511974
511975
511976
511977
511978
511979
511980
511981
511982
511983
511984
511985
511986
511987
511988
511989
511990
511991
511992
511993
511994
511995
511996
511997
511998
511999
512000
512001
512002
512003
512004
512005
512006
512007
512008
512009
512010
512011
512012
512013
512014
512015
512016
512017
512018
512019
512020
512021
512022
512023
512024
512025
512026
512027
512028
512029
512030
512031
512032
512033
512034
512035
512036
512037
512038
512039
512040
512041
512042
512043
512044
512045
512046
512047
512048
512049
512050
512051
512052
512053
512054
512055
512056
512057
512058
512059
512060
512061
512062
512063
512064
512065
512066
512067
512068
512069
512070
512071
512072
512073
512074
512075
512076
512077
512078
512079
512080
512081
512082
512083
512084
512085
512086
512087
512088
512089
512090
512091
512092
512093
512094
512095
512096
512097
512098
512099
512100
512101
512102
512103
512104
512105
512106
512107
512108
512109
512110
512111
512112
512113
512114
512115
512116
512117
512118
512119
512120
512121
512122
512123
512124
512125
512126
512127
512128
512129
512130
512131
512132
512133
512134
512135
512136
512137
512138
512139
512140
512141
512142
512143
512144
512145
512146
512147
512148
512149
512150
512151
512152
512153
512154
512155
512156
512157
512158
512159
512160
512161
512162
512163
512164
512165
512166
512167
512168
512169
512170
512171
512172
512173
512174
512175
512176
512177
512178
512179
512180
512181
512182
512183
512184
512185
512186
512187
512188
512189
512190
512191
512192
512193
512194
512195
512196
512197
512198
512199
512200
512201
512202
512203
512204
512205
512206
512207
512208
512209
512210
512211
512212
512213
512214
512215
512216
512217
512218
512219
512220
512221
512222
512223
512224
512225
512226
512227
512228
512229
512230
512231
512232
512233
512234
512235
512236
512237
512238
512239
512240
512241
512242
512243
512244
512245
512246
512247
512248
512249
512250
512251
512252
512253
512254
512255
512256
512257
512258
512259
512260
512261
512262
512263
512264
512265
512266
512267
512268
512269
512270
512271
512272
512273
512274
512275
512276
512277
512278
512279
512280
512281
512282
512283
512284
512285
512286
512287
512288
512289
512290
512291
512292
512293
512294
512295
512296
512297
512298
512299
512300
512301
512302
512303
512304
512305
512306
512307
512308
512309
512310
512311
512312
512313
512314
512315
512316
512317
512318
512319
512320
512321
512322
512323
512324
512325
512326
512327
512328
512329
512330
512331
512332
512333
512334
512335
512336
512337
512338
512339
512340
512341
512342
512343
512344
512345
512346
512347
512348
512349
512350
512351
512352
512353
512354
512355
512356
512357
512358
512359
512360
512361
512362
512363
512364
512365
512366
512367
512368
512369
512370
512371
512372
512373
512374
512375
512376
512377
512378
512379
512380
512381
512382
512383
512384
512385
512386
512387
512388
512389
512390
512391
512392
512393
512394
512395
512396
512397
512398
512399
512400
512401
512402
512403
512404
512405
512406
512407
512408
512409
512410
512411
512412
512413
512414
512415
512416
512417
512418
512419
512420
512421
512422
512423
512424
512425
512426
512427
512428
512429
512430
512431
512432
512433
512434
512435
512436
512437
512438
512439
512440
512441
512442
512443
512444
512445
512446
512447
512448
512449
512450
512451
512452
512453
512454
512455
512456
512457
512458
512459
512460
512461
512462
512463
512464
512465
512466
512467
512468
512469
512470
512471
512472
512473
512474
512475
512476
512477
512478
512479
512480
512481
512482
512483
512484
512485
512486
512487
512488
512489
512490
512491
512492
512493
512494
512495
512496
512497
512498
512499
512500
512501
512502
512503
512504
512505
512506
512507
512508
512509
512510
512511
512512
512513
512514
512515
512516
512517
512518
512519
512520
512521
512522
512523
512524
512525
512526
512527
512528
512529
512530
512531
512532
512533
512534
512535
512536
512537
512538
512539
512540
512541
512542
512543
512544
512545
512546
512547
512548
512549
512550
512551
512552
512553
512554
512555
512556
512557
512558
512559
512560
512561
512562
512563
512564
512565
512566
512567
512568
512569
512570
512571
512572
512573
512574
512575
512576
512577
512578
512579
512580
512581
512582
512583
512584
512585
512586
512587
512588
512589
512590
512591
512592
512593
512594
512595
512596
512597
512598
512599
512600
512601
512602
512603
512604
512605
512606
512607
512608
512609
512610
512611
512612
512613
512614
512615
512616
512617
512618
512619
512620
512621
512622
512623
512624
512625
512626
512627
512628
512629
512630
512631
512632
512633
512634
512635
512636
512637
512638
512639
512640
512641
512642
512643
512644
512645
512646
512647
512648
512649
512650
512651
512652
512653
512654
512655
512656
512657
512658
512659
512660
512661
512662
512664
512665
512666
512667
512668
512669
512670
512671
512672
512673
512674
512675
512676
512677
512680
512681
512682
512683
512684
512685
512686
512687
512688
512689
512690
512691
512692
512693
512694
512695
512696
512697
512698
512699
512700
512701
512702
512703
512704
512705
512706
512707
512708
512709
512710
512711
512712
512713
512714
512715
512716
512717
512718
512719
512720
512721
512722
512723
512724
512725
512726
512727
512728
512729
512730
512731
512732
512733
512734
512735
512736
512737
512738
512739
512740
512741
512742
512743
512744
512745
512746
512747
512748
512749
512750
512751
512752
512753
512754
512755
512756
512757
512758
512759
512760
512761
512762
512763
512764
512765
512766
512767
512768
512769
512770
512771
512772
512773
512774
512775
512776
512777
512778
512779
512780
512781
512782
512783
512784
512785
512786
512787
512788
512789
512790
512791
512792
512793
512794
512795
512796
512797
512798
512799
512800
512801
512802
512803
512804
512805
512806
512807
512808
512809
512810
512811
512812
512813
512814
512815
512816
512817
512818
512819
512820
512821
512822
512823
512824
512825
512826
512827
512828
512829
512830
512831
512832
512833
512834
512835
512836
512837
512838
512839
512840
512841
512842
512843
512844
512845
512846
512847
512848
512849
512850
512851
512852
512853
512854
512855
512856
512857
512858
512859
512860
512861
512862
512863
512864
512865
512866
512867
512868
512869
512870
512871
512872
512873
512874
512875
512876
512877
512878
512879
512880
512881
512882
512883
512884
512885
512886
512887
512888
512889
512890
512891
512892
512893
512894
512895
512896
512897
512898
512899
512900
512901
512902
512903
512904
512905
512906
512907
512908
512909
512910
512911
512912
512913
512914
512915
512916
512917
512918
512919
512920
512921
512922
512923
512924
512925
512926
512927
512928
512929
512930
512931
512932
512933
512934
512935
512936
512937
512938
512939
512940
512941
512942
512943
512944
512945
512946
512947
512948
512949
512950
512951
512952
512953
512954
512955
512956
512957
512958
512959
512960
512961
512962
512963
512964
512965
512966
512967
512968
512969
512970
512971
512972
512973
512974
512975
512976
512977
513431
513432
513433
513434
513435
513436
513437
513438
513439
513440
513441
513442
513443
513444
513445
513446
513447
513448
513449
513450
513451
513452
513453
513454
513455
513456
513457
513458
513459
513460
513461
513462
513463
513464
513465
513466
513467
513468
513469
513470
513471
513472
513473
513474
513475
513476
513477
513478
513479
513480
513481
513482
513483
513484
513485
513486
513487
513488
513489
513490
513491
513492
513493
513494
513495
513496
513497
513498
513499
513500
513501
513502
513503
513504
513505
513506
513507
513508
513509
513510
513511
513512
513513
513514
513515
513516
513517
513518
513519
513520
513521
513522
513523
513524
513525
513526
513527
513528
513529
513530
513531
513532
513533
513534
513535
513536
513537
513538
513539
513540
513541
513542
513543
513544
513545
513546
513547
513548
513549
513550
513551
513552
513553
513554
513555
513556
513557
513558
513559
513560
513561
513562
513563
513564
513565
513566
513567
513568
513569
513570
513571
513572
513573
513574
513575
513576
513577
513578
513579
513580
513581
513582
513583
513584
513585
513586
513587
513588
513589
513590
513591
513592
513593
513594
513595
513596
513597
513598
513599
513600
513601
513602
513603
513604
513605
513606
513607
513608
513609
513610
513611
513612
513613
513614
513615
513616
513617
513618
513619
513620
513621
513622
513623
513624
513625
513626
513627
513628
513629
513630
513631
513632
513633
513634
513635
513636
513637
513638
513639
513640
513641
513642
513643
513644
513645
513646
513647
513648
513649
513650
513651
513652
513653
513654
513655
513656
513657
513658
513659
513660
513661
513662
513663
513664
513665
513666
513667
513668
513669
513670
513671
513672
513673
513674
513675
513676
513677
513678
513679
513680
513681
513682
513683
513684
513685
513686
513687
513688
513689
513690
513691
513692
513693
513694
513695
513696
513697
513698
513699
513700
513701
513702
513703
513704
513705
513706
513707
513708
513709
513710
513711
513712
513713
513714
513715
513716
513717
513718
513719
513720
513721
513722
513723
513724
513725
513726
513727
513728
513729
513730
513731
513732
513733
513734
513735
513736
513737
513738
513739
513740
513741
513742
513743
513744
513745
513746
513747
513748
513749
513750
513751
513752
513753
513754
513755
513756
513757
513758
513759
513760
513761
513762
513763
513764
513765
513766
513767
513768
513769
513770
513771
513772
513773
513774
513775
513776
513777
513778
513779
513780
513781
513782
513783
513784
513785
513786
513787
513788
513789
513790
513791
513792
513793
513794
513795
513796
513797
513798
513799
513800
513801
513802
513803
513804
513805
513806
513807
513808
513809
513810
513811
513812
513813
513814
513815
513816
513817
513818
513819
513820
513821
513822
513823
513824
513825
513826
513827
513828
513829
513830
513831
513832
513833
513834
513835
513836
513837
513838
513839
513840
513841
513842
513843
513844
513845
513846
513847
513848
513849
513850
513851
513852
513853
513854
513855
513856
513857
513858
513859
513860
513861
513862
513863
513864
513865
513866
513867
513868
513869
513870
513871
513872
513873
513874
513875
513876
513877
513878
513879
513880
513881
513882
513883
513884
513885
513886
513887
513888
513889
513890
513891
513892
513893
513894
513895
513896
513897
513898
513899
513900
513901
513902
513903
513904
513905
513906
513907
513908
513909
513910
513911
513912
513913
513914
513915
513916
513917
513918
513919
513920
513921
513922
513923
513924
513925
513926
513927
513928
513929
513930
513931
513932
513933
513934
513935
513936
513937
513938
513939
513940
513941
513942
513943
513944
513945
513946
513947
513948
513949
513950
513951
513952
513953
513954
513955
513956
513957
513958
513959
513960
513961
513962
513963
513964
513965
513966
513967
513968
513969
513970
513971
513972
513973
513974
513975
513976
513977
513978
513979
513980
513981
513982
513983
513984
513985
513986
513987
513988
513989
513990
513991
513992
513993
513994
513995
513996
513997
513998
513999
514000
514001
514002
514003
514004
514005
514006
514007
514008
514009
514010
514011
514012
514013
514014
514015
514016
514017
514018
514019
514020
514021
514022
514023
514024
514025
514026
514027
514028
514029
514030
514031
514032
514033
514034
514035
514036
514037
514038
514039
514040
514041
514042
514043
514044
514045
514046
514047
514048
514049
514050
514051
514052
514053
514054
514055
514056
514057
514058
514059
514060
514061
514062
514063
514064
514065
514066
514067
514068
514069
514070
514071
514072
514073
514074
514075
514076
514077
514078
514079
514080
514081
514082
514083
514084
514085
514086
514087
514088
514089
514090
514091
514092
514093
514094
514095
514096
514097
514098
514099
514100
514101
514102
514103
514104
514105
514106
514107
514108
514109
514110
514111
514112
514113
514114
514115
514116
514117
514118
514119
514120
514121
514122
514123
514124
514125
514126
514127
514128
514129
514130
514131
514132
514133
514134
514135
514136
514137
514138
514139
514140
514141
514142
514143
514144
514145
514146
514147
514148
514149
514150
514151
514152
514153
514154
514155
514156
514157
514158
514159
514160
514161
514162
514163
514164
514165
514166
514167
514168
514169
514170
514171
514172
514173
514174
514175
514176
514177
514178
514179
514180
514181
514182
514183
514184
514185
514186
514187
514188
514189
514190
514191
514192
514193
514194
514195
514196
514197
514198
514199
514200
514201
514202
514203
514204
514205
514206
514207
514208
514209
514210
514211
514212
514213
514214
514215
514216
514217
514218
514219
514220
514221
514222
514223
514224
514225
514226
514227
514228
514229
514230
514231
514232
514233
514234
514235
514236
514237
514238
514239
514240
514241
514242
514243
514244
514245
514246
514247
514248
514249
514250
514251
514252
514253
514254
514255
514256
514257
514258
514259
514260
514261
514262
514263
514264
514265
514266
514267
514268
514269
514270
514271
514272
514273
514274
514275
514276
514277
514278
514279
514280
514281
514282
514283
514284
514285
514286
514287
514288
514289
514290
514291
514292
514293
514294
514295
514296
514297
514298
514299
514300
514301
514302
514303
514304
514305
514306
514307
514308
514309
514310
514311
514312
514313
514314
514315
514316
514317
514318
514319
514320
514321
514322
514323
514324
514325
514326
514327
514328
514329
514330
514331
514332
514333
514334
514335
514336
514337
514338
514339
514340
514341
514342
514343
514344
514345
514346
514347
514348
514349
514350
514351
514352
514353
514354
514355
514356
514357
514358
514359
514360
514361
514362
514363
514364
514365
514366
514367
514368
514369
514370
514371
514372
514373
514374
514375
514376
514377
514378
514379
514380
514381
514382
514383
514384
514385
514386
514387
514388
514389
514390
514391
514392
514393
514394
514395
514396
514397
514398
514399
514400
514401
514402
514403
514404
514405
514406
514407
514408
514409
514410
514411
514412
514413
514414
514415
514416
514417
514418
514419
514420
514421
514422
514423
514424
514425
514426
514427
514428
514429
514430
514431
514432
514433
514434
514435
514436
514437
514438
514439
514440
514441
514442
514443
514444
514445
514446
514447
514448
514449
514450
514451
514452
514453
514454
514455
514456
514457
514458
514459
514460
514461
514462
514463
514464
514465
514466
514467
514468
514469
514470
514471
514472
514473
514474
514475
514476
514477
514478
514479
514480
514481
514482
514483
514484
514485
514486
514533
514534
514535
514536
514537
514538
514539
514540
514541
514542
514543
514544
514545
514546
514547
514548
514549
514550
514551
514552
514553
514554
514555
514556
514557
514558
514559
514560
514561
514562
514563
514564
514565
514566
514567
514568
514569
514570
514571
514572
514573
514574
514575
514576
514577
514578
514579
514580
514581
514582
514583
514584
514585
514586
514587
514588
514589
514590
514591
514592
514593
514594
514595
514596
514597
514598
514599
514600
514601
514602
514603
514604
514605
514606
514607
514608
514609
514610
514611
514612
514613
514614
514615
514616
514617
514618
514619
514620
514621
514622
514623
514624
514625
514626
514627
514628
514629
514630
514631
514632
514633
514634
514635
514636
514637
514638
514639
514640
514641
514642
514643
514644
514645
514646
514647
514648
514649
514650
514651
514652
514793
514794
514795
514796
514797
514798
514799
514800
514801
514802
514803
514804
514805
514806
514807
514808
514809
514810
514811
514812
514813
514814
514815
514816
514817
514818
514819
514820
514821
514822
514823
514824
514825
514826
514827
514828
514829
514830
514831
514832
514833
514834
514835
514836
514837
514838
514839
514840
514841
514842
514843
514844
514845
514846
514847
514848
514849
514850
514851
514852
514853
514854
514855
514856
514857
514858
514859
514860
514861
514862
514863
514864
514865
514866
514867
514868
514869
514870
514871
514872
514873
514874
514875
514876
514877
514878
514879
514880
514881
514882
514883
514884
514885
514886
514887
514888
514889
514890
514891
514892
514893
514894
514895
514896
514897
514898
514899
514900
514901
514902
514903
514904
514905
514906
514907
514908
514909
514910
514911
514912
514913
514914
514915
514916
514917
514918
514919
514920
514921
514922
514923
514924
514925
514926
514927
514928
514929
514930
514931
514932
514933
514934
514935
514936
514937
514938
514939
514940
514941
514942
514943
514944
514945
514946
514947
514948
514949
514950
514951
514952
514953
514954
514955
514956
514957
514958
514959
514960
514961
514962
514963
514964
514965
514966
514967
514968
514969
514970
514971
514972
514973
514974
514975
514976
514977
514978
514979
514980
514981
514982
514983
514984
514985
514986
514987
514988
514989
514990
514991
514992
514993
514994
514995
514996
514997
514998
514999
515000
515001
515002
515003
515004
515005
515006
515007
515008
515009
515010
515011
515012
515013
515014
515015
515016
515017
515018
515019
515020
515021
515022
515023
515024
515025
515026
515027
515028
515029
515030
515031
515032
515033
515034
515035
515036
515037
515038
515039
515040
515041
515042
515043
515044
515045
515046
515047
515048
515049
515050
515051
515052
515053
515054
515055
515056
515057
515058
515059
515060
515061
515062
515063
515064
515065
515066
515067
515068
515069
515070
515071
515072
515073
515074
515075
515076
515077
515078
515079
515080
515081
515082
515083
515084
515085
515086
515087
515088
515089
515090
515091
515092
515093
515094
515095
515096
515097
515098
515099
515100
515101
515102
515103
515104
515105
515106
515107
515108
515109
515110
515111
515112
515113
515114
515115
515116
515117
515118
515119
515120
515121
515122
515123
515124
515125
515126
515127
515128
515129
515130
515131
515132
515133
515134
515135
515136
515137
515138
515139
515140
515141
515142
515143
515144
515145
515146
515147
515148
515149
515150
515151
515152
515153
515154
515155
515156
515157
515158
515159
515160
515161
515162
515163
515164
515165
515166
515167
515168
515169
515170
515171
515172
515173
515174
515175
515176
515177
515178
515179
515180
515374
515375
515376
515377
515378
515379
515380
515381
515382
515383
515384
515385
515386
515387
515388
515389
515390
515391
515392
515393
515394
515395
515396
515397
515398
515399
515400
515401
515402
515403
515404
515405
515406
515407
515408
515409
515410
515411
515412
515413
515414
515415
515416
515418
515419
515420
515421
515422
515423
515424
515425
515426
515427
515428
515429
515430
515431
515432
515433
515434
515435
515436
515437
515438
515439
515440
515441
515442
515443
515444
515445
515446
515447
515448
515449
515450
515451
515452
515453
515454
515455
515456
515457
515458
515459
515460
515461
515462
515463
515464
515465
515466
515467
515468
515469
515470
515471
515472
515473
515474
515475
515476
515477
515478
515479
515480
515481
515482
515483
515484
515485
515486
515487
515488
515489
515490
515491
515492
515493
515494
515495
515496
515497
515498
515499
515500
515501
515502
515503
515504
515505
515506
515507
515508
515509
515510
515511
515512
515513
515514
515515
515516
515517
515518
515519
515520
515521
515522
515523
515524
515525
515526
515527
515528
515529
515530
515531
515532
515533
515534
515535
515536
515537
515538
515539
515540
515541
515542
515543
515544
515545
515546
515547
515548
515549
515550
515551
515552
515553
515554
515555
515556
515557
515558
515559
515560
515561
515562
515563
515564
515565
515566
515567
515568
515569
515570
515571
515572
515573
515574
515575
515576
515577
515578
515579
515580
515581
515582
515583
515584
515585
515586
515587
515588
515589
515590
515591
515592
515593
515594
515595
515596
515597
515598
515599
515600
515601
515602
515603
515604
515605
515606
515607
515608
515609
515610
515611
515612
515708
515709
515710
515711
515712
515713
515714
515715
515716
515717
515718
515719
515720
515721
515722
515723
515724
515725
515726
515727
515728
515729
515730
515731
515732
515733
515734
515735
515736
515737
515738
515739
515740
515741
515742
515743
515744
515745
515746
515747
515748
515749
515750
515751
515752
515753
515754
515755
515756
515757
515758
515759
515760
515761
515762
515763
515764
515765
515766
515767
515768
515769
515770
515771
515772
515773
515774
515775
515776
515777
515778
515779
515780
515781
515782
515783
515784
515785
515786
515787
515788
515789
515790
515791
515792
515793
515794
515795
515796
515797
515798
515799
515800
515801
515802
515803
515804
515805
515806
515807
515808
515809
515810
515811
515812
515813
515814
515815
515816
515817
515818
515819
515820
515821
515822
515823
515824
515825
515826
515827
515828
515829
515830
515831
515832
515833
515834
515835
515836
515837
515838
515839
515840
515841
515842
515843
515844
515845
515846
515847
515848
515849
515850
515851
515852
515853
515854
515855
515856
515857
515858
515859
515860
515861
515862
515863
515864
515865
515866
515867
515868
515869
515870
515871
515872
515873
515874
515875
515876
515877
515878
515879
515880
515881
515882
515883
515884
515885
515886
515887
515888
515889
515890
515891
515892
515893
515894
515895
515896
515897
515898
515899
515900
515901
515902
515903
515904
515905
515906
515907
515908
515909
515910
515911
515912
515913
515914
515915
515916
515917
515918
515919
515920
515921
515922
515923
515924
515946
515947
515948
515949
515950
515951
515952
515953
515954
515955
515956
515957
515958
515960
515961
515962
515963
515964
515965
515966
515967
515968
515969
515970
515971
515972
515973
515975
515976
515977
515978
515979
515980
515981
515982
515983
515984
515985
515986
515987
515988
515989
515990
515991
515992
515993
515994
515995
515996
515997
515998
515999
516000
516001
516002
516003
516004
516005
516006
516007
516008
516009
516010
516011
516012
516013
516014
516015
516016
516017
516018
516019
516020
516021
516022
516023
516024
516025
516026
516027
516028
516029
516030
516031
516032
516033
516034
516035
516036
516037
516038
516039
516040
516041
516042
516043
516044
516045
516046
516047
516048
516049
516050
516051
516052
516053
516054
516055
516056
516057
516058
516059
516060
516061
516062
516063
516064
516065
516066
516067
516068
516069
516070
516071
516072
516073
516074
516075
516076
516077
516078
516079
516080
516081
516082
516083
516084
516085
516086
516087
516088
516089
516090
516091
516092
516093
516094
516095
516096
516097
516098
516099
516100
516101
516102
516103
516104
516105
516106
516107
516108
516109
516110
516111
516112
516113
516114
516115
516116
516117
516118
516119
516120
516121
516122
516123
516124
516125
516126
516127
516128
516129
516130
516131
516132
516133
516134
516135
516136
516137
516138
516139
516140
516141
516142
516143
516144
516145
516146
516147
516148
516149
516150
516151
516152
516153
516154
516155
516156
516157
516158
516159
516160
516161
516162
516163
516164
516165
516166
516167
516168
516169
516170
516171
516172
516173
516174
516175
516176
516177
516178
516179
516180
516181
516182
516183
516184
516185
516186
516187
516188
516189
516190
516191
516192
516193
516194
516195
516196
516197
516198
516199
516200
516201
516202
516203
516204
516205
516206
516207
516208
516209
516210
516211
516212
516213
516214
516215
516216
516217
516218
516219
516220
516221
516222
516223
516224
516225
516226
516227
516228
516229
516230
516231
516232
516233
516234
516235
516236
516237
516238
516239
516240
516241
516242
516243
516244
516245
516246
516247
516248
516249
516250
516251
516252
516253
516254
516255
516256
516257
516258
516259
516260
516261
516262
516263
516264
516265
516266
516267
516268
516269
516270
516271
516272
516273
516274
516275
516276
516277
516278
516279
516280
516281
516282
516283
516284
516285
516286
516287
516288
516289
516290
516291
516292
516293
516294
516295
516296
516297
516298
516299
516300
516301
516302
516303
516304
516305
516306
516307
516308
516309
516310
516311
516312
516313
516314
516315
516316
516317
516318
516319
516320
516321
516322
516323
516324
516325
516326
516327
516328
516329
516330
516331
516332
516333
516334
516335
516336
516337
516338
516339
516340
516341
516342
516343
516344
516345
516346
516347
516348
516349
516350
516351
516353
516354
516355
516356
516357
516358
516359
516360
516361
516362
516363
516364
516365
516366
516367
516368
516369
516370
516371
516372
516373
516374
516375
516376
516377
516378
516379
516380
516381
516382
516383
516384
516385
516386
516387
516388
516774
516775
516776
516777
516778
516779
516780
516781
516782
516783
516784
516785
516786
516787
516788
516789
516790
516791
516792
516793
516794
516795
516796
516797
516798
516799
516800
516801
516802
516803
516804
516805
516806
516807
516808
516809
516810
516811
516812
516813
516814
516815
516816
516817
516818
516819
516820
516821
516822
516823
516824
516825
516826
516827
516828
516829
516830
516831
516832
516833
516834
516835
516836
516837
516838
516839
516840
516841
516842
516843
516844
516845
516846
516847
516848
516849
516850
516851
516852
516853
516854
516855
516856
516857
516858
516859
516860
516861
516862
516863
516864
516865
516866
516867
516868
516869
516870
516871
516872
516873
516874
516875
516876
516877
516878
516879
516880
516881
516882
516883
516884
516885
516886
516887
516888
516889
516890
516891
516892
516893
516894
516895
516896
516897
516898
516899
516900
516901
516902
516903
516904
516905
516906
516907
516908
516909
516910
516911
516912
516913
516914
516915
516916
516917
516918
516919
516920
516921
516922
516923
516924
516925
516926
516927
516928
516929
516930
516931
516932
516933
516934
516935
516936
516937
516938
516939
516940
516941
516942
516943
516944
516945
516946
516947
516948
516949
516950
516951
516952
516953
516954
516955
516956
516957
516958
516959
516960
516961
516962
516963
516964
516965
516966
516967
516968
516969
516970
516971
516972
516973
516974
516975
516976
516977
516978
516979
516980
516981
516982
516983
516984
516985
516986
516987
516988
516989
516990
516991
516992
516993
516994
516995
516996
516997
516998
516999
517000
517001
517002
517003
517004
517005
517006
517007
517008
517009
517010
517011
517012
517013
517014
517015
517016
517017
517018
517019
517020
517021
517022
517023
517024
517025
517026
517027
517028
517029
517030
517031
517032
517033
517034
517035
517036
517037
517038
517039
517040
517041
517042
517043
517044
517045
517046
517047
517048
517049
517050
517051
517052
517053
517054
517055
517056
517057
517058
517059
517060
517061
517062
517063
517064
517065
517066
517067
517068
517069
517070
517071
517072
517073
517074
517075
517076
517077
517078
517079
517080
517081
517082
517083
517084
517085
517086
517087
517088
517089
517090
517091
517092
517093
517094
517095
517096
517097
517098
517099
517100
517101
517102
517103
517104
517105
517106
517107
517108
517109
517110
517111
517112
517113
517114
517115
517116
517117
517118
517119
517120
517121
517122
517123
517124
517125
517126
517127
517128
517129
517130
517131
517132
517133
517134
517135
517136
517137
517138
517139
517140
517141
517142
517143
517144
517145
517146
517147
517148
517149
517150
517151
517152
517153
517154
517155
517156
517157
517158
517159
517160
517161
517162
517163
517164
517165
517166
517167
517168
517169
517170
517171
517172
517173
517174
517175
517176
517177
517178
517179
517180
517181
517182
517183
517184
517185
517186
517187
517188
517189
517190
517191
517192
517193
517194
517195
517196
517197
517198
517199
517200
517201
517202
517203
517204
517205
517206
517207
517208
517209
517210
517211
517212
517213
517214
517215
517216
517217
517218
517219
517220
517221
517222
517223
517224
517225
517226
517227
517228
517229
517230
517231
517232
517233
517598
517599
517600
517601
517602
517603
517604
517605
517606
517607
517608
517609
517610
517611
517612
517613
517614
517615
517616
517617
517618
517619
517620
517621
517622
517623
517624
517625
517626
517627
517628
517629
517630
517631
517632
517633
517634
517635
517636
517637
517638
517639
517640
517641
517642
517643
517644
517645
517646
517647
517648
517649
517650
517651
517652
517653
517654
517655
517656
517657
517658
517659
517660
517661
517662
517663
517664
517665
517666
517667
517668
517669
517670
517671
517672
517673
517674
517675
517676
517677
517678
517679
517680
517681
517682
517683
517684
517685
517686
517687
517688
517689
517690
517691
517692
517693
517694
517702
517703
517704
517705
517706
517707
517708
517709
517710
517711
517712
517713
517714
517715
517716
517717
517718
517719
517720
517721
517722
517723
517724
517725
517726
517727
517728
517729
517730
517731
517732
517733
517734
517735
517736
517737
517738
517739
517740
517741
517742
517743
517744
517745
517746
517747
517748
517749
517750
517751
517752
517753
517754
517755
517756
517757
517758
517759
517760
517761
517762
517763
517764
517765
517766
517767
517768
517769
517770
517771
517772
517773
517774
517775
517776
517777
517778
517779
517780
517781
517782
517783
517784
517785
517786
517787
517788
517789
517790
517791
517792
517793
517794
517795
517796
517797
517798
517799
517800
517801
517802
517803
517804
517805
517806
517807
517808
517809
517810
517811
517812
517813
517814
517815
517816
517817
517818
517819
517820
517821
517822
517823
517824
517825
517826
517827
517829
517830
517831
517832
517833
517834
517835
517836
517837
517838
517839
517840
517841
517842
517843
517844
517845
517846
517847
517848
517849
517850
517851
517852
517853
517854
517855
517856
517857
517858
517859
517860
517861
517862
517863
517864
517865
517866
517867
517868
517869
517870
517871
517872
517873
517874
517875
517876
517877
517878
517879
517880
517881
517882
517883
517884
517885
517886
517887
517888
517889
517890
517891
517892
517893
517894
517895
517896
517897
517898
517899
517900
517901
517902
517903
517904
517905
517906
517907
517908
517909
517910
517911
517912
517913
517914
517915
517916
517917
517918
517919
517920
517921
517922
517923
517924
517925
517926
517927
517928
517929
517930
517931
517932
517933
517934
517935
517936
517937
517938
517939
517940
517941
517942
517943
517944
517945
517946
517947
517948
517949
517950
517951
517952
517953
517954
517955
517956
517957
517958
517959
517960
517961
517962
517963
517964
517965
517966
517967
517968
517969
517970
517971
517972
517973
517974
517975
517976
517977
517978
518160
518161
518162
518163
518164
518165
518166
518167
518168
518169
518170
518171
518172
518173
518174
518175
518176
518177
518178
518179
518180
518181
518182
518183
518184
518185
518186
518187
518188
518189
518190
518191
518192
518193
518194
518195
518196
518197
518198
518199
518200
518201
518202
518203
518204
518205
518206
518207
518208
518209
518210
518211
518212
518213
518214
518215
518216
518217
518218
518219
518220
518221
518222
518223
518224
518225
518226
518227
518228
518229
518230
518231
518232
518233
518234
518235
518236
518237
518238
518239
518240
518241
518242
518243
518244
518245
518246
518247
518248
518249
518250
518251
518252
518253
518254
518255
518256
518257
518258
518259
518260
518261
518262
518263
518264
518265
518266
518267
518268
518269
518270
518271
518272
518273
518274
518275
518276
518277
518278
518279
518280
518281
518282
518283
518284
518285
518286
518287
518288
518289
518290
518291
518292
518293
518294
518295
518296
518297
518298
518299
518300
518301
518302
518303
518304
518305
518306
518307
518308
518309
518310
518311
518312
518313
518314
518315
518316
518317
518318
518319
518320
518321
518322
518323
518324
518325
518326
518327
518328
518329
518330
518331
518332
518333
518334
518335
518336
518337
518338
518339
518340
518341
518342
518343
518344
518345
518346
518347
518348
518349
518350
518351
518352
518353
518354
518355
518356
518357
518358
518359
518360
518362
518363
518364
518365
518366
518367
518368
518369
518370
518371
518372
518373
518374
518375
518376
518377
518378
518379
518380
518381
518382
518383
518384
518385
518386
518387
518388
518389
518390
518391
518392
518393
518394
518395
518396
518397
518398
518399
518400
518401
518402
518403
518404
518405
518406
518407
518408
518409
518410
518411
518412
518413
518414
518415
518416
518417
518418
518419
518420
518421
518422
518423
518424
518425
518426
518427
518428
518429
518430
518431
518432
518433
518434
518435
518436
518437
518438
518439
518440
518441
518442
518443
518444
518445
518446
518447
518448
518449
518450
518451
518452
518453
518454
518455
518456
518457
518458
518459
518460
518461
518462
518463
518464
518465
518466
518467
518468
518469
518470
518471
518472
518473
518474
518475
518476
518477
518478
518479
518480
518481
518482
518483
518484
518485
518486
518487
518488
518489
518490
518491
518492
518493
518494
518495
518496
518497
518498
518499
518500
518501
518502
518503
518504
518505
518506
518507
518508
518509
518510
518511
518512
518513
518514
518515
518516
518517
518518
518519
518520
518521
518522
518523
518524
518525
518526
518527
518528
518529
518530
518531
518532
518533
518534
518535
518536
518537
518538
518539
518540
518541
518542
518543
518544
518545
518546
518547
518548
518549
518550
518551
518552
518553
518554
518555
518556
518557
518558
518559
518560
518561
518562
518563
518564
518565
518566
518567
518568
518569
518570
518571
518572
518573
518574
518575
518576
518577
518578
518579
518580
518581
518582
518583
518584
518585
518586
518587
518588
518589
518590
518591
518592
518593
518594
518595
518596
518597
518598
518599
518600
518601
518602
518603
518604
518605
518606
518607
518608
518609
518610
518611
518612
518613
518614
518615
518616
518617
518618
518619
518620
518621
518622
518623
518624
518625
518626
518627
518628
518629
518630
518631
518632
518633
518634
518635
518636
518637
518638
518639
518640
518641
518642
518643
518644
518645
518646
518647
518648
518649
518650
518651
518652
518653
518654
518655
518656
518657
518658
518659
518660
518661
518662
518663
518664
518665
518666
518667
518668
518669
518670
518671
518672
518673
518674
518675
518676
518677
518678
518679
518680
518681
518682
518683
518684
518685
518686
518687
518688
518689
518690
518691
518692
518693
518694
518695
518696
518697
518698
518699
518700
518701
518702
518703
518704
518705
518706
518707
518708
518709
518710
518711
518712
518713
518714
518715
518716
518717
518718
518719
518720
518721
518722
518723
518724
518725
518726
518727
518728
518729
518730
518731
518732
518733
518734
518735
518736
518737
518738
518739
518740
518741
518742
518743
518744
518745
518746
518747
518748
518749
518750
518751
518752
518753
518754
518755
518756
518757
518758
518759
518760
518761
518762
518763
518764
518765
518766
518767
518768
518769
518770
518771
518772
518773
518774
518775
518776
518777
518778
518779
518780
518781
518782
518783
518784
518785
518786
518787
518788
518789
518790
518791
518792
518793
518794
518795
518796
518797
518798
518799
518800
518801
518802
518803
518804
518805
518806
518807
518808
518809
518810
518811
518812
518813
518814
518815
518816
518817
518818
518819
518820
518821
518822
518823
518824
518825
518826
518827
518828
518829
518830
518831
518832
518833
518834
518835
518836
518837
518838
518839
518840
518841
518842
518843
518844
518845
518846
518847
518848
518849
518850
518851
518852
518853
518854
518855
518856
518857
518858
518859
518860
518861
518862
518863
518864
518865
518866
518867
518868
518869
518870
518871
518872
518873
518874
518875
518876
518877
518878
518879
518880
518881
518882
518883
518884
518885
518886
518887
518888
518889
518890
518891
518892
518893
518894
518895
518896
519086
519087
519088
519089
519090
519091
519092
519093
519094
519095
519096
519097
519098
519099
519100
519101
519102
519103
519104
519105
519106
519107
519108
519109
519110
519111
519112
519113
519114
519115
519116
519117
519118
519119
519120
519121
519122
519123
519124
519125
519126
519127
519128
519129
519130
519131
519132
519133
519134
519135
519136
519137
519138
519139
519140
519141
519142
519143
519144
519145
519146
519147
519148
519149
519150
519151
519152
519153
519154
519155
519156
519157
519158
519159
519160
519161
519162
519163
519164
519165
519166
519167
519168
519169
519170
519171
519172
519173
519174
519175
519176
519177
519178
519179
519180
519181
519182
519183
519184
519185
519186
519187
519188
519189
519190
519191
519192
519193
519194
519195
519196
519197
519198
519199
519200
519201
519202
519203
519204
519205
519206
519207
519208
519209
519210
519211
519212
519213
519214
519215
519216
519217
519218
519219
519220
519221
519222
519223
519224
519225
519226
519227
519228
519229
519230
519231
519232
519233
519234
519235
519236
519237
519238
519239
519240
519241
519242
519243
519244
519245
519246
519247
519248
519249
519250
519251
519252
519253
519254
519255
519256
519257
519258
519259
519260
519261
519262
519263
519264
519265
519266
519267
519268
519269
519270
519271
519272
519273
519274
519275
519276
519277
519278
519279
519280
519281
519282
519283
519284
519285
519286
519287
519288
519289
519290
519291
519292
519293
519294
519295
519296
519297
519298
519299
519300
519301
519302
519303
519304
519305
519306
519307
519308
519309
519310
519311
519312
519313
519314
519315
519316
519317
519318
519319
519320
519321
519322
519323
519324
519325
519326
519327
519328
519329
519330
519331
519332
519333
519334
519335
519336
519337
519338
519339
519340
519341
519342
519343
519344
519345
519346
519347
519348
519349
519350
519351
519352
519353
519354
519355
519356
519357
519358
519359
519360
519361
519362
519363
519364
519365
519366
519367
519368
519369
519370
519371
519372
519373
519374
519375
519376
519377
519378
519379
519380
519381
519382
519383
519384
519385
519386
519387
519388
519389
519390
519391
519392
519393
519394
519395
519396
519397
519398
519399
519400
519401
519402
519403
519404
519405
519406
519407
519408
519409
519410
519411
519412
519413
519414
519415
519416
519417
519418
519419
519420
519421
519422
519423
519424
519425
519426
519427
519428
519429
519430
519431
519432
519433
519434
519435
519436
519437
519438
519439
519440
519441
519442
519443
519444
519445
519446
519447
519448
519449
519450
519451
519452
519453
519454
519455
519456
519457
519458
519459
519460
519461
519462
519463
519464
519465
519466
519467
519468
519469
519470
519471
519472
519473
519474
519475
519476
519477
519478
519479
519480
519481
519482
519483
519484
519485
519486
519487
519488
519489
519490
519491
519492
519493
519494
519495
519496
519497
519498
519499
519500
519501
519502
519503
519504
519505
519506
519507
519508
519509
519510
519511
519512
519513
519514
519515
519516
519517
519518
519519
519520
519521
519522
519523
519524
519525
519526
519527
519528
519529
519530
519531
519532
519533
519534
519535
519536
519537
519538
519539
519540
519541
519542
519543
519544
519545
519546
519547
519548
519549
519550
519551
519552
519553
519554
519555
519556
519557
519558
519559
519560
519561
519562
519563
519564
519565
519566
519567
519568
519569
519570
519571
519572
519573
519574
519575
519576
519577
519578
519579
519580
519581
519582
519583
519584
519585
519586
519587
519588
519589
519590
519591
519592
519593
519594
519595
519596
519597
519598
519599
519719
519720
519721
519722
519723
519724
519725
519726
519727
519728
519729
519730
519731
519732
519733
519734
519735
519736
519737
519738
519739
519740
519741
519742
519743
519744
519745
519746
519747
519748
519749
519750
519751
519752
519753
519754
519755
519756
519757
519758
519759
519760
519761
519762
519763
519764
519765
519766
519767
519768
519769
519770
519771
519772
519773
519774
519775
519776
519777
519778
519779
519780
519781
519782
519783
519784
519785
519786
519787
519788
519789
519790
519791
519792
519793
519794
519795
519796
519797
519798
519799
519800
519801
519802
519803
519804
519805
519806
519807
519808
519809
519810
519811
519812
519813
519814
519815
519816
519817
519818
519819
519820
519821
519822
519823
519824
519825
519826
519827
519828
519829
519830
519831
519832
519833
519834
519835
519836
519837
519838
519839
519840
519841
519842
519843
519844
519845
519846
519847
519848
519849
519850
519851
519852
519853
519854
519855
519856
519857
519858
519859
519860
519861
519862
519863
519864
519865
519866
519867
519868
519869
519870
519871
519872
519873
519874
519875
519876
519877
519878
519879
519880
519881
519882
519883
519884
519885
519886
519887
519888
519889
519890
519891
519892
519893
519894
519895
519896
519897
519898
519899
519900
519901
519902
519903
519904
519905
519906
519907
519908
519909
519910
519911
519912
519913
519914
519915
519916
519917
519918
519919
519920
519921
519922
519923
519924
519925
519926
519927
519928
519929
519930
519931
519932
519933
519934
519935
519936
519937
519938
519939
519940
519941
519942
519943
519944
519945
519946
519947
519948
519949
519950
519951
519952
519953
519954
519955
519956
519957
519958
519959
519960
519961
519962
519963
519964
519965
519966
519967
519968
519969
519970
519971
519972
519973
519974
519975
519976
519977
519978
519979
519980
519981
519982
519983
519984
519985
519986
519987
519988
519989
519990
519991
519992
519993
519994
519995
519996
519997
519998
519999
520000
520001
520002
520003
520004
520005
520006
520007
520008
520009
520010
520011
520012
520013
520014
520015
520016
520017
520018
520019
520020
520021
520022
520023
520024
520025
520026
520027
520028
520029
520030
520031
520032
520033
520034
520035
520036
520037
520038
520039
520040
520041
520042
520043
520044
520045
520046
520047
520048
520049
520050
520051
520052
520053
520054
520055
520056
520057
520058
520059
520060
520061
520062
520063
520064
520065
520066
520067
520068
520069
520070
520071
520072
520073
520074
520075
520076
520077
520078
520079
520080
520081
520082
520083
520084
520085
520086
520087
520088
520089
520090
520091
520092
520093
520094
520095
520096
520097
520098
520099
520100
520101
520102
520103
520104
520105
520106
520107
520108
520109
520110
520111
520112
520113
520114
520115
520116
520117
520118
520119
520120
520121
520122
520123
520124
520125
520126
520127
520128
520129
520130
520131
520132
520133
520134
520135
520136
520137
520138
520139
520140
520141
520142
520143
520144
520145
520146
520147
520148
520149
520150
520151
520152
520153
520154
520155
520156
520157
520158
520159
520160
520161
520162
520163
520164
520165
520166
520167
520168
520169
520170
520171
520172
520173
520174
520175
520176
520177
520178
520179
520180
520181
520182
520183
520184
520185
520186
520187
520188
520189
520190
520191
520192
520193
520194
520195
520196
520197
520198
520199
520200
520201
520202
520203
520204
520205
520206
520207
520208
520209
520210
520211
520212
520213
520214
520215
520216
520217
520218
520219
520220
520221
520222
520223
520224
520225
520226
520227
520228
520229
520230
520231
520232
520233
520234
520235
520236
520237
520238
520239
520240
520241
520242
520243
520244
520245
520246
520247
520248
520249
520250
520251
520252
520253
520254
520255
520256
520257
520258
520259
520260
520261
520262
520263
520264
520265
520266
520267
520268
520269
520270
520271
520272
520273
520274
520275
520276
520277
520278
520279
520280
520281
520282
520283
520284
520285
520286
520287
520288
520289
520290
520291
520292
520293
520294
520295
520296
520297
520298
520299
520300
520301
520302
520303
520304
520305
520306
520307
520308
520309
520310
520311
520312
520313
520314
520315
520316
520317
520318
520319
520320
520321
520322
520323
520324
520325
520326
520327
520328
520329
520330
520331
520332
520333
520334
520335
520336
520337
520338
520339
520340
520341
520342
520343
520344
520345
520346
520347
520348
520349
520350
520351
520352
520353
520354
520355
520356
520357
520358
520359
520360
520361
520362
520363
520364
520365
520366
520367
520368
520369
520370
520371
520372
520373
520374
520375
520376
520377
520378
520379
520380
520381
520382
520383
520384
520385
520386
520387
520388
520389
520390
520391
520392
520393
520394
520395
520396
520397
520398
520399
520400
520401
520402
520403
520404
520405
520406
520407
520408
520409
520410
520411
520412
520413
520414
520415
520416
520417
520418
520419
520420
520421
520422
520423
520424
520425
520426
520427
520428
520429
520430
520431
520432
520433
520434
520435
520436
520437
520438
520439
520440
520441
520442
520443
520444
520445
520446
520447
520448
520449
520450
520451
520452
520453
520454
520455
520456
520457
520458
520459
520460
520461
520462
520463
520464
520465
520466
520467
520468
520469
520470
520471
520472
520473
520474
520475
520476
520477
520478
520479
520508
520509
520510
520511
520512
520513
520514
520515
520516
520517
520518
520519
520520
520521
520522
520523
520524
520525
520526
520527
520528
520529
520530
520531
520532
520533
520534
520535
520536
520537
520538
520539
520540
520541
520542
520543
520544
520545
520546
520547
520548
520549
520550
520551
520552
520553
520554
520555
520556
520557
520558
520559
520560
520561
520562
520563
520564
520565
520566
520567
520568
520569
520570
520571
520572
520573
520574
520575
520576
520577
520578
520579
520580
520581
520582
520583
520584
520585
520586
520587
520588
520589
520590
520591
520592
520593
520594
520595
520596
520597
520598
520599
520600
520601
520602
520603
520604
520605
520606
520607
520608
520609
520610
520611
520612
520613
520614
520615
520616
520617
520618
520619
520620
520621
520622
520623
520624
520625
520626
520627
520628
520629
520630
520631
520632
520633
520634
520635
520636
520637
520638
520639
520640
520641
520642
520643
520644
520645
520646
520647
520648
520649
520650
520651
520652
520653
520654
520655
520656
520657
520658
520659
520660
520661
520662
520663
520664
520665
520666
520667
520668
520669
520670
520671
520672
520673
520674
520675
520676
520677
520678
520679
520680
520681
520682
520683
520684
520685
520686
520687
520688
520689
520690
520691
520692
520693
520694
520695
520696
520697
520698
520699
520700
520701
520702
520703
520704
520705
520706
520707
520708
520709
520710
520711
520712
520713
520714
520715
520716
520717
520718
520719
520720
520721
520722
520723
520724
520725
520726
520727
520728
520729
520730
520731
520732
520733
520734
520735
520736
520737
520738
520739
520740
520741
520742
520743
520744
520745
520746
520747
520748
520749
520750
520751
520752
520753
520754
520755
520756
520757
520758
520759
520760
520761
520762
520763
520764
520765
520766
520767
520768
520769
520770
520771
520772
520773
520774
520775
520776
520777
520778
520779
520780
520781
520782
520783
520784
520785
520786
520787
520788
520789
520790
520791
520792
520793
520794
520795
520796
520797
520798
520799
520800
520801
520802
520803
520804
520805
520806
520807
520808
520809
520810
520811
520812
520813
520814
520815
520816
520817
520818
520819
520820
520821
520822
520823
520824
520825
520826
520827
520828
520829
520830
520831
520832
520833
520834
520835
520836
520837
520838
520839
520840
520841
520842
520843
520844
520845
520846
520847
520848
520849
520850
520851
520852
520853
520854
520855
520856
520857
520858
520859
520860
520861
520862
520863
520864
520865
520866
520867
520868
520869
520870
520871
520872
520873
520874
520875
520876
520877
520878
520879
520880
520881
520882
520883
520884
520885
520886
520887
520888
520889
520890
520891
520892
520893
520894
520895
520896
520897
520898
520899
520900
520901
520902
520903
520904
520905
520906
520907
520908
520909
520910
520911
520912
520913
520914
520915
520916
520917
520918
520919
520920
520921
520922
520923
520924
520925
520926
520927
520928
520929
520930
520931
520932
520933
520934
520935
520936
520937
520938
520939
520940
520941
520942
520943
520944
520945
520946
520947
520948
520949
520950
520951
520952
520953
520954
520955
520956
520957
520958
520959
520960
520961
520962
520963
520964
520965
520966
520967
520968
520969
520970
520971
520972
520973
520974
520975
520976
520977
520978
520979
520980
520981
520982
520983
520984
520985
520986
520987
520988
520989
520990
520991
520992
520993
520994
520995
520996
520997
520998
520999
521000
521001
521002
521003
521004
521005
521006
521007
521008
521009
521010
521011
521012
521013
521014
521015
521016
521017
521018
521019
521020
521021
521022
521023
521024
521025
521026
521027
521028
521029
521030
521031
521032
521033
521034
521035
521036
521037
521038
521039
521040
521041
521042
521043
521044
521045
521046
521047
521048
521049
521050
521051
521052
521053
521054
521055
521056
521057
521058
521059
521060
521061
521062
521063
521064
521065
521066
521067
521068
521069
521070
521071
521072
521073
521074
521075
521076
521077
521078
521079
521080
521081
521082
521083
521084
521085
521086
521087
521088
521089
521090
521091
521092
521093
521094
521095
521096
521097
521098
521099
521100
521101
521102
521103
521104
521105
521106
521107
521108
521109
521110
521111
521112
521113
521114
521115
521116
521117
521118
521119
521120
521121
521122
521123
521124
521125
521126
521127
521128
521129
521130
521131
521132
521133
521134
521135
521136
521137
521138
521139
521140
521141
521142
521143
521144
521145
521146
521147
521148
521149
521150
521151
521152
521153
521154
521155
521156
521157
521158
521159
521160
521161
521162
521163
521164
521165
521428
521429
521430
521431
521432
521433
521434
521435
521436
521437
521438
521439
521440
521441
521442
521443
521444
521445
521446
521447
521448
521449
521450
521451
521452
521453
521454
521455
521456
521457
521458
521459
521460
521461
521462
521463
521464
521465
521466
521467
521468
521469
521470
521471
521472
521473
521474
521475
521476
521477
521478
521479
521480
521481
521482
521483
521484
521485
521486
521487
521488
521489
521490
521491
521492
521493
521494
521495
521496
521497
521498
521499
521500
521501
521502
521503
521504
521505
521506
521507
521508
521509
521510
521511
521512
521513
521514
521515
521516
521517
521518
521519
521520
521521
521522
521523
521524
521525
521526
521527
521528
521529
521530
521531
521532
521533
521534
521535
521536
521537
521538
521539
521540
521541
521542
521543
521544
521545
521546
521547
521548
521549
521550
521551
521552
521553
521554
521555
521556
521557
521558
521559
521560
521561
521562
521563
521564
521565
521566
521567
521568
521569
521570
521571
521572
521573
521574
521575
521576
521577
521578
521579
521580
521581
521582
521583
521584
521585
521586
521587
521588
521589
521590
521591
521592
521593
521594
521595
521596
521597
521598
521599
521600
521601
521602
521603
521604
521605
521606
521607
521608
521609
521610
521611
521612
521613
521614
521615
521616
521617
521618
521619
521620
521621
521622
521623
521624
521625
521626
521627
521628
521629
521630
521631
521632
521633
521634
521635
521636
521637
521638
521639
521640
521641
521642
521643
521644
521645
521646
521647
521648
521649
521650
521651
521652
521653
521654
521655
521656
521657
521658
521659
521660
521661
521662
521663
521664
521665
521666
521667
521668
521669
521670
521671
521672
521673
521674
521675
521676
521677
521678
521679
521680
521681
521682
521683
521684
521685
521686
521687
521688
521689
521690
521691
521692
521693
521694
521695
521696
521697
521698
521699
521700
521701
521702
521703
521704
521705
521706
521707
521708
521709
521710
521711
521712
521713
521714
521715
521716
521717
521718
521719
521720
521721
521722
521723
521724
521725
521726
521727
521728
521729
521730
521731
521732
521733
521734
521735
521736
521737
521738
521739
521740
521741
521742
521743
521744
521745
521746
521747
521748
521749
521750
521751
521752
521753
521754
521755
521756
521757
521758
521759
521760
521761
521762
521763
521764
521765
521766
521767
521768
521769
521770
521771
521772
521773
521774
521775
521776
521777
521778
521779
521780
521781
521782
521783
521784
521785
521786
521787
521788
521789
521790
521791
521792
521793
521794
521795
521796
521797
521798
521799
521800
521801
521802
521803
521804
521805
521806
521807
521808
521809
521810
521811
521812
521813
521814
521815
521816
521817
521818
521819
521820
521821
521822
521823
521824
521825
521826
521827
521828
521829
521830
521831
521832
521833
521834
521835
521836
521837
521838
521839
521840
521841
521842
521843
521844
521845
521846
521847
521848
521849
521850
521851
521852
521853
521854
521855
521856
521857
521858
521859
521860
521861
521862
521863
521864
521865
521866
521867
521868
521869
521870
521871
521872
521873
521874
521875
521876
521877
521878
521879
521880
521881
521882
521883
521884
521885
521886
521887
521888
521889
521890
521891
521892
521893
521894
521895
521896
521897
521898
521899
521900
521901
521902
521903
521904
521905
521906
521907
521908
521909
521910
521911
521912
521913
521914
521915
521916
521917
521918
521919
521920
521921
521922
521923
521924
521925
521926
521927
521928
521929
521930
521931
521932
521933
521934
521935
521936
521937
521938
521939
521940
521941
521942
521943
521944
521945
521946
521947
521948
521949
521950
521951
521952
521953
521954
521955
521956
521957
521958
521959
521960
521961
521962
521963
521964
521965
521966
521967
521968
521969
521970
521971
521972
521973
521974
521975
521976
521977
521978
521979
521980
521981
521982
521983
521984
521985
521986
521987
521988
521989
521990
521991
521992
521993
521994
521995
521996
521997
521998
521999
522000
522001
522002
522003
522004
522005
522006
522007
522008
522009
522010
522011
522012
522013
522014
522015
522016
522017
522018
522019
522020
522021
522022
522023
522024
522025
522026
522027
522028
522029
522030
522031
522032
522033
522034
522035
522036
522037
522038
522039
522040
522041
522042
522043
522044
522045
522046
522047
522048
522049
522050
522051
522052
522053
522054
522055
522056
522057
522058
522059
522060
522061
522062
522063
522064
522065
522066
522067
522068
522069
522070
522071
522072
522073
522074
522075
522076
522077
522078
522079
522080
522081
522082
522083
522084
522085
522086
522087
522088
522089
522090
522091
522092
522093
522094
522095
522096
522097
522098
522099
522100
522101
522102
522103
522104
522105
522106
522107
522108
522109
522110
522111
522112
522113
522114
522115
522116
522117
522118
522119
522120
522121
522122
522123
522124
522125
522126
522127
522128
522129
522130
522131
522132
522133
522134
522135
522136
522137
522138
522139
522140
522141
522142
522143
522144
522145
522146
522147
522148
522149
522150
522151
522152
522153
522154
522155
522156
522157
522158
522159
522160
522161
522162
522163
522164
522165
522166
522167
522168
522169
522170
522171
522172
522173
522174
522175
522176
522177
522178
522179
522180
522181
522182
522183
522184
522185
522186
522187
522188
522189
522190
522191
522192
522193
522194
522195
522196
522197
522198
522199
522200
522201
522202
522203
522204
522205
522206
522207
522208
522209
522210
522211
522212
522213
522214
522215
522216
522217
522218
522219
522220
522221
522222
522223
522224
522225
522226
522227
522228
522229
522230
522231
522232
522233
522234
522235
522236
522237
522238
522239
522240
522241
522242
522243
522244
522245
522246
522247
522248
522249
522250
522251
522252
522253
522254
522255
522256
522257
522258
522259
522260
522261
522262
522263
522264
522265
522287
522288
522289
522290
522291
522292
522293
522294
522295
522296
522297
522298
522299
522300
522301
522302
522303
522304
522305
522306
522307
522308
522309
522310
522311
522312
522313
522314
522315
522316
522317
522318
522319
522320
522321
522322
522323
522324
522325
522326
522327
522328
522329
522330
522331
522332
522333
522334
522335
522336
522337
522338
522339
522341
522342
522343
522344
522345
522346
522347
522348
522349
522350
522351
522352
522353
522354
522355
522356
522357
522358
522359
522360
522361
522362
522363
522364
522365
522366
522367
522368
522369
522370
522371
522372
522373
522374
522375
522376
522377
522378
522379
522380
522381
522382
522383
522384
522385
522386
522387
522388
522389
522390
522391
522392
522393
522394
522395
522396
522397
522398
522399
522400
522401
522402
522403
522404
522405
522406
522407
522408
522409
522410
522411
522412
522413
522414
522415
522416
522417
522418
522419
522420
522421
522422
522423
522424
522425
522426
522427
522428
522429
522430
522431
522432
522433
522434
522435
522436
522437
522438
522439
522440
522441
522442
522443
522444
522445
522446
522447
522448
522449
522450
522451
522452
522453
522454
522455
522456
522457
522458
522459
522460
522461
522462
522463
522464
522465
522466
522467
522468
522469
522470
522471
522472
522473
522474
522475
522476
522477
522478
522479
522480
522481
522482
522483
522484
522485
522486
522487
522488
522489
522490
522491
522492
522493
522494
522495
522496
522497
522498
522499
522500
522501
522502
522503
522504
522505
522506
522507
522508
522509
522510
522511
522513
522514
522515
522516
522517
522518
522519
522520
522521
522522
522523
522524
522525
522526
522527
522528
522529
522530
522531
522532
522533
522534
522535
522536
522537
522538
522539
522540
522541
522542
522543
522544
522545
522546
522547
522548
522549
522550
522551
522552
522553
522554
522555
522556
522557
522558
522559
522560
522561
522562
522563
522564
522565
522566
522567
522568
522569
522570
522571
522572
522573
522574
522575
522576
522577
522578
522579
522580
522581
522582
522583
522584
522585
522586
522587
522588
522589
522590
522591
522592
522593
522594
522595
522596
522597
522598
522599
522600
522601
522602
522603
522604
522605
522606
522607
522608
522609
522610
522611
522612
522824
522825
522826
522827
522828
522829
522830
522831
522832
522833
522834
522835
522836
522837
522838
522839
522840
522841
522842
522843
522844
522845
522846
522847
522848
522849
522850
522851
522852
522853
522854
522855
522856
522857
522858
522859
522860
522861
522862
522863
522864
522865
522866
522867
522868
522869
522870
522871
522872
522873
522874
522875
522876
522877
522878
522912
522913
522914
522915
522916
522917
522918
522919
522920
522921
522922
522923
522924
522925
522926
522927
522928
522929
522930
522931
522932
522933
522934
522935
522936
522937
522938
522939
522940
522941
522942
522943
522944
522945
522946
522947
522948
522949
522950
522951
522952
522953
522954
522955
522956
522957
522958
522959
522960
522961
522962
522963
522964
522965
522966
522967
522968
522969
522970
522971
522972
522973
522974
522975
522976
522977
522978
522979
522980
522981
522982
522983
522984
522985
522986
522987
522988
522989
522990
522991
522992
522993
522994
522995
522996
522997
522998
522999
523000
523001
523002
523003
523004
523005
523006
523007
523008
523009
523010
523011
523012
523013
523014
523015
523016
523017
523019
523020
523021
523022
523023
523024
523025
523026
523027
523028
523029
523030
523031
523032
523033
523034
523035
523036
523037
523038
523039
523040
523041
523042
523043
523044
523045
523046
523047
523048
523049
523050
523051
523052
523053
523054
523055
523056
523057
523058
523059
523060
523215
523216
523217
523218
523219
523220
523221
523222
523223
523224
523225
523226
523227
523228
523229
523230
523231
523232
523233
523234
523235
523236
523237
523238
523239
523240
523241
523242
523243
523244
523245
523246
523247
523248
523249
523250
523251
523252
523253
523254
523255
523256
523257
523258
523259
523260
523261
523262
523263
523264
523265
523266
523267
523268
523269
523270
523271
523272
523273
523274
523275
523276
523277
523278
523279
523280
523281
523282
523283
523284
523285
523286
523287
523288
523289
523290
523291
523292
523293
523294
523295
523296
523297
523298
523299
523300
523301
523302
523303
523304
523305
523306
523307
523308
523309
523310
523311
523312
523313
523314
523315
523316
523317
523318
523319
523320
523321
523322
523323
523324
523325
523326
523327
523328
523329
523330
523331
523332
523333
523334
523335
523336
523337
523338
523339
523340
523341
523342
523343
523344
523345
523346
523347
523348
523349
523350
523351
523352
523353
523354
523355
523356
523357
523358
523359
523360
523361
523362
523363
523364
523365
523366
523367
523368
523369
523370
523371
523372
523373
523374
523375
523376
523377
523378
523379
523380
523381
523382
523383
523384
523385
523386
523387
523388
523389
523390
523391
523392
523393
523394
523395
523396
523397
523398
523399
523400
523401
523420
523421
523422
523423
523424
523425
523426
523427
523428
523429
523430
523431
523432
523433
523434
523435
523436
523437
523438
523439
523440
523441
523442
523443
523444
523445
523446
523447
523448
523449
523450
523451
523452
523453
523454
523455
523456
523457
523458
523459
523460
523461
523462
523463
523464
523465
523466
523467
523468
523469
523470
523471
523472
523473
523474
523475
523476
523477
523478
523479
523480
523481
523482
523483
523484
523485
523486
523487
523488
523489
523490
523491
523492
523493
523494
523495
523496
523497
523498
523499
523500
523501
523502
523503
523504
523505
523506
523507
523508
523509
523510
523511
523512
523513
523514
523515
523516
523517
523518
523519
523520
523521
523522
523523
523524
523525
523526
523527
523528
523529
523530
523531
523532
523533
523534
523535
523536
523537
523538
523539
523540
523541
523542
523543
523544
523545
523546
523547
523548
523549
523550
523551
523552
523553
523554
523555
523556
523557
523558
523559
523560
523561
523562
523563
523564
523565
523566
523567
523568
523569
523570
523571
523572
523573
523574
523575
523576
523577
523578
523579
523580
523581
523582
523583
523584
523585
523586
523587
523588
523589
523590
523591
523592
523593
523594
523595
523596
523597
523598
523599
523600
523601
523602
523603
523604
523605
523606
523607
523608
523609
523610
523611
523612
523613
523614
523615
523616
523617
523618
523619
523620
523621
523622
523623
523624
523625
523626
523627
523628
523629
523630
523631
523632
523633
523634
523635
523636
523637
523638
523639
523640
523708
523709
523710
523711
523712
523714
523715
523716
523717
523718
523719
523720
523721
523722
523723
523724
523725
523726
523727
523728
523729
523730
523731
523732
523733
523734
523735
523736
523737
523738
523739
523740
523741
523742
523743
523744
523745
523746
523747
523748
523749
523750
523751
523752
523753
523754
523755
523756
523757
523759
523760
523761
523763
523764
523765
523766
523767
523768
523769
523770
523771
523772
523773
523774
523775
523776
523777
523778
523779
523780
523781
523782
523783
523784
523785
523786
523787
523788
523789
523790
523791
523792
523793
523794
523795
523796
523797
523798
523799
523800
523801
523802
523803
523804
523805
523806
523807
523808
523809
523810
523811
523812
523813
523814
523815
523816
523817
523818
523819
523820
523821
523822
523823
523824
523825
523826
523827
523828
523829
523830
523831
523832
523833
523834
523835
523836
523837
523838
523839
523840
523841
523842
523843
523844
523845
523846
523847
523848
523849
523850
523851
523852
523853
523854
523855
523856
523857
523858
523859
523860
523861
523862
523863
523864
523865
523866
523867
523868
523869
524216
524217
524218
524219
524220
524221
524222
524223
524224
524225
524226
524227
524228
524229
524230
524231
524232
524233
524234
524235
524236
524237
524238
524239
524240
524241
524242
524243
524244
524245
524246
524247
524248
524249
524250
524251
524252
524253
524254
524255
524256
524257
524258
524259
524260
524261
524262
524263
524264
524265
524266
524267
524268
524269
524270
524271
524272
524273
524274
524275
524276
524277
524278
524279
524280
524281
524282
524283
524284
524285
524286
524287
524288
524289
524290
524291
524292
524293
524294
524295
524296
524297
524298
524299
524300
524301
524302
524303
524304
524305
524306
524307
524308
524309
524310
524311
524312
524313
524314
524315
524316
524317
524318
524319
524320
524321
524322
524323
524324
524325
524326
524327
524328
524329
524330
524331
524332
524333
524334
524335
524336
524337
524338
524339
524340
524341
524342
524343
524344
524345
524346
524347
524348
524349
524350
524351
524352
524353
524354
524355
524356
524357
524358
524359
524360
524361
524362
524363
524364
524365
524366
524367
524368
524369
524370
524371
524372
524373
524374
524375
524376
524377
524378
524379
524380
524381
524382
524383
524384
524385
524386
524387
524388
524389
524390
524391
524392
524393
524394
524395
524396
524397
524398
524399
524400
524401
524402
524403
524404
524405
524406
524407
524408
524409
524410
524411
524412
524413
524414
524415
524416
524417
524418
524419
524421
524422
524423
524424
524425
524426
524427
524428
524429
524430
524431
524432
524433
524434
524435
524436
524437
524438
524439
524440
524441
524442
524443
524444
524445
524446
524447
524448
524449
524450
524451
524452
524453
524454
524455
524456
524457
524458
524459
524460
524461
524462
524463
524464
524465
524466
524467
524468
524469
524470
524471
524472
524473
524474
524475
524476
524477
524478
524479
524480
524481
524482
524483
524484
524485
524486
524487
524488
524489
524490
524491
524492
524493
524494
524495
524496
524497
524498
524499
524500
524501
524502
524503
524504
524505
524506
524507
524508
524509
524510
524511
524512
524513
524514
524515
524516
524517
524518
524519
524520
524521
524522
524523
524524
524525
524526
524527
524528
524529
524530
524531
524532
524533
524534
524535
524536
524537
524538
524539
524540
524541
524542
524543
524544
524545
524546
524547
524548
524549
524550
524551
524552
524553
524554
524555
524556
524557
524558
524559
524560
524561
524562
524563
524564
524565
524566
524567
524568
524569
524570
524571
524572
524573
524574
524575
524576
524577
524578
524579
524580
524581
524582
524583
524584
524585
524586
524587
524588
524589
524590
524591
524592
524593
524594
524595
524596
524597
524598
524599
524600
524601
524602
524603
524604
524605
524606
524607
524608
524609
524610
524611
524612
524613
524614
524615
524616
524617
524618
524619
524620
524621
524622
524623
524624
524625
524626
524627
524628
524629
524630
524631
524632
524633
524634
524635
524636
524637
524638
524639
524640
524641
524642
524643
524644
524645
524646
524647
524648
524649
524650
524651
524652
524653
524654
524668
524669
524670
524671
524672
524673
524674
524675
524676
524677
524678
524679
524680
524681
524682
524683
524684
524685
524686
524687
524688
524689
524690
524691
524692
524693
524694
524695
524696
524697
524698
524699
524700
524701
524702
524703
524704
524705
524706
524707
524708
524709
524710
524711
524712
524713
524714
524715
524716
524717
524718
524719
524720
524721
524722
524723
524724
524725
524726
524727
524728
524729
524730
524731
524732
524733
524734
524735
524736
524737
524738
524739
524740
524741
524742
524743
524744
524745
524746
524747
524748
524749
524750
524751
524752
524753
524754
524755
524756
524757
524758
524759
524760
524761
524762
524763
524764
524765
524766
524767
524768
524769
524770
524771
524772
524773
524774
524775
524776
524777
524778
524779
524780
524781
524782
524783
524784
524785
524786
524787
524788
524789
524790
524791
524792
524793
524794
524795
524796
524797
524798
524799
524800
524801
524802
524803
524804
524805
524806
524807
524808
524809
524810
524811
524812
524813
524814
524815
524816
524817
524818
524819
524820
524821
524822
524823
524824
524825
524826
524827
524828
524829
524830
524831
524832
524833
524834
524835
524836
524837
524838
524839
524840
524841
524842
524843
524844
524845
524846
524847
524848
524849
524850
524851
524852
524853
524854
524855
524856
524857
524858
524859
524860
524861
524862
524863
524864
524865
524866
524867
524868
524869
524870
524871
524872
524873
524874
524875
524876
524877
524878
524879
524880
524881
524882
524883
524884
524885
524886
524887
524888
524889
524890
524891
524892
524893
524894
524895
524896
524897
524898
524899
524900
524901
524902
524903
524904
524905
524906
524907
524908
524909
524910
524911
524912
524913
524914
524915
524916
524917
524918
524919
524920
524921
524922
524923
524924
524925
524926
524927
524929
524930
524931
524932
524933
524934
524935
524936
524937
524938
524939
524940
524941
524942
524943
524944
524945
524946
524947
524948
524949
524950
524951
524952
524953
524954
524955
524956
524957
524958
524959
524960
524961
524962
524963
524964
524965
524966
524967
524968
524969
524970
524971
524972
524973
524974
524975
524976
524977
524978
524979
524980
524981
524982
524983
524984
524985
524986
524987
524988
524989
524990
524991
524992
524993
524994
524995
524996
524997
524998
524999
525000
525001
525002
525003
525004
525005
525006
525007
525008
525009
525010
525011
525012
525013
525014
525015
525016
525017
525018
525019
525020
525021
525022
525023
525024
525025
525026
525027
525028
525029
525030
525031
525032
525033
525034
525035
525036
525037
525038
525039
525040
525041
525042
525043
525044
525045
525046
525047
525048
525049
525050
525051
525052
525053
525054
525055
525056
525057
525058
525059
525060
525061
525062
525063
525064
525065
525066
525067
525068
525069
525070
525071
525072
525073
525074
525075
525076
525077
525078
525079
525080
525081
525082
525083
525084
525085
525086
525087
525088
525089
525090
525091
525092
525093
525094
525095
525096
525097
525098
525099
525100
525101
525102
525103
525104
525105
525106
525107
525108
525109
525110
525111
525112
525113
525114
525115
525116
525117
525118
525119
525120
525121
525122
525123
525124
525125
525126
525127
525128
525129
525130
525131
525132
525133
525134
525135
525136
525137
525138
525139
525140
525141
525142
525143
525144
525145
525146
525147
525148
525149
525150
525151
525152
525153
525154
525155
525156
525157
525158
525159
525160
525161
525162
525163
525164
525165
525166
525167
525168
525169
525170
525171
525172
525173
525174
525175
525176
525177
525178
525179
525180
525181
525182
525183
525184
525185
525186
525187
525188
525189
525190
525191
525192
525193
525194
525195
525196
525197
525198
525199
525200
525201
525202
525203
525204
525205
525206
525207
525208
525209
525210
525211
525212
525213
525214
525215
525216
525217
525218
525219
525220
525221
525222
525223
525224
525225
525226
525227
525228
525229
525230
525231
525232
525233
525234
525235
525236
525237
525238
525239
525240
525241
525242
525243
525244
525245
525246
525247
525248
525249
525250
525251
525252
525253
525254
525255
525256
525257
525258
525259
525260
525261
525262
525263
525264
525265
525266
525267
525268
525269
525270
525271
525272
525273
525274
525275
525276
525277
525278
525279
525280
525281
525282
525283
525284
525285
525286
525287
525288
525289
525290
525291
525292
525293
525294
525295
525296
525297
525298
525299
525300
525301
525302
525303
525304
525305
525306
525307
525308
525309
525310
525311
525312
525313
525314
525315
525316
525317
525318
525319
525320
525321
525322
525323
525324
525326
525327
525328
525329
525330
525331
525332
525333
525334
525335
525336
525337
525338
525339
525340
525341
525342
525343
525344
525345
525346
525347
525348
525349
525350
525351
525352
525353
525354
525355
525356
525357
525358
525359
525361
525362
525364
525365
525366
525367
525368
525416
525417
525418
525419
525420
525421
525422
525423
525424
525425
525426
525427
525428
525429
525430
525431
525432
525433
525434
525435
525436
525437
525438
525439
525440
525441
525442
525443
525444
525445
525446
525447
525448
525449
525450
525451
525452
525453
525454
525455
525456
525457
525458
525459
525460
525461
525462
525463
525465
525466
525467
525468
525469
525470
525471
525472
525473
525474
525475
525476
525477
525478
525479
525480
525481
525482
525483
525484
525485
525486
525487
525488
525489
525490
525491
525492
525493
525494
525495
525496
525497
525498
525499
525500
525501
525502
525503
525504
525505
525506
525507
525508
525509
525510
525511
525512
525513
525514
525515
525516
525517
525518
525519
525520
525521
525522
525523
525524
525525
525526
525527
525528
525529
525530
525531
525532
525533
525534
525535
525536
525537
525538
525539
525540
525541
525542
525543
525544
525545
525546
525547
525548
525549
525550
525551
525552
525553
525554
525555
525556
525557
525558
525559
525560
525561
525562
525563
525564
525565
525566
525567
525568
525569
525570
525571
525572
525573
525574
525575
525576
525577
525578
525579
525580
525581
525582
525583
525584
525585
525586
525587
525588
525589
525590
525591
525592
525593
525594
525595
525596
525597
525598
525599
525600
525601
525611
525612
525613
525614
525615
525616
525617
525618
525619
525620
525621
525622
525623
525624
525625
525626
525627
525628
525629
525630
525631
525632
525633
525634
525635
525636
525637
525638
525639
525640
525641
525642
525643
525644
525645
525646
525647
525648
525649
525650
525651
525652
525653
525654
525655
525656
525657
525658
525659
525660
525661
525662
525663
525664
525665
525666
525667
525668
525669
525670
525671
525672
525673
525674
525675
525676
525677
525678
525679
525680
525681
525682
525683
525684
525685
525686
525687
525688
525689
525690
525691
525692
525693
525694
525695
525697
525698
525699
525700
525701
525702
525703
525704
525705
525706
525707
525708
525709
525710
525711
525712
525713
525714
525715
525716
525717
525718
525719
525720
525721
525722
525723
525724
525725
525726
525727
525728
525729
525730
525731
525732
525733
525734
525735
525736
525737
525738
525739
525740
525741
525742
525743
525744
525745
525746
525747
525748
525749
525750
525751
525752
525753
525754
525755
525756
525757
525758
525759
525760
525761
525762
525763
525764
525765
525766
525767
525768
525769
525770
525771
525772
525773
525774
525775
525776
525777
525778
525779
525780
525781
525782
525783
525784
525785
525786
525787
525788
525789
525790
525791
525792
525793
525794
525795
525796
525797
525798
525799
525800
525801
525802
525803
525804
525805
525806
525807
525808
525809
525810
525811
525812
525813
525814
525815
525816
525817
525818
525819
525820
525821
525822
525823
525824
525825
525826
525827
525828
525829
525830
525831
525832
525833
525834
525835
525836
525837
525838
525839
525840
525841
525842
525843
525844
525845
525846
525847
525848
525849
525850
525851
525852
525853
525854
525855
525856
525867
525868
525869
525870
525871
525872
525873
525874
525875
525876
525877
525878
525879
525880
525881
525882
525883
525884
525885
525886
525887
525888
525889
525890
525891
525892
525893
525894
525895
525896
525897
525898
525899
525900
525901
525902
525903
525904
525905
525906
525907
525908
525909
525910
525911
525912
525913
525914
525915
525916
525917
525918
525919
525920
525921
525922
525923
525924
525925
525926
525927
525928
525929
525930
525931
525932
525933
525934
525935
525936
525937
525938
525939
525940
525941
525942
525943
525944
525945
525946
525947
525948
525949
525950
525951
525952
525953
525954
525955
525956
525957
525958
525959
525960
525961
525962
525963
525964
525965
525966
525967
525968
525969
525970
525971
525972
525973
525974
525975
525976
525977
525978
525979
525980
525981
525982
525983
525984
525985
525986
525987
525988
525989
525990
525991
525992
525993
525994
525995
525996
525997
525998
525999
526000
526001
526002
526003
526004
526005
526006
526007
526008
526009
526010
526011
526012
526013
526014
526015
526016
526017
526018
526019
526020
526021
526022
526023
526024
526025
526026
526027
526028
526029
526030
526031
526032
526033
526034
526035
526036
526037
526038
526039
526040
526041
526042
526043
526044
526045
526046
526047
526048
526049
526050
526051
526052
526053
526054
526055
526056
526057
526058
526059
526060
526061
526062
526063
526064
526065
526066
526067
526068
526069
526070
526071
526072
526073
526074
526075
526076
526077
526078
526079
526080
526081
526082
526083
526084
526085
526086
526087
526088
526089
526090
526091
526092
526093
526094
526095
526096
526097
526098
526099
526100
526101
526102
526103
526104
526105
526106
526107
526108
526109
526110
526111
526112
526113
526114
526115
526116
526117
526118
526119
526120
526121
526122
526123
526124
526125
526126
526127
526128
526129
526130
526131
526132
526133
526134
526135
526136
526137
526138
526139
526140
526141
526142
526143
526144
526145
526146
526147
526148
526149
526150
526151
526152
526153
526154
526155
526156
526157
526158
526159
526160
526161
526162
526163
526164
526165
526166
526167
526168
526169
526170
526171
526172
526173
526174
526175
526176
526177
526178
526179
526180
526181
526182
526183
526184
526185
526186
526187
526188
526189
526190
526191
526193
526194
526195
526196
526197
526198
526199
526200
526201
526202
526203
526204
526205
526206
526207
526208
526209
526210
526211
526212
526213
526214
526215
526216
526217
526218
526219
526220
526221
526222
526223
526224
526225
526226
526227
526228
526229
526230
526231
526232
526233
526234
526235
526236
526237
526238
526239
526240
526241
526242
526243
526244
526245
526246
526247
526248
526249
526250
526251
526252
526253
526254
526255
526257
526258
526259
526260
526261
526262
526263
526264
526265
526266
526267
526268
526269
526270
526271
526272
526273
526274
526275
526276
526277
526278
526279
526280
526281
526282
526283
526284
526285
526286
526287
526288
526289
526290
526291
526292
526293
526294
526295
526296
526297
526298
526299
526300
526301
526302
526303
526304
526305
526306
526307
526308
526309
526310
526311
526312
526313
526314
526315
526316
526317
526318
526319
526320
526321
526322
526323
526324
526325
526326
526327
526328
526329
526330
526331
526332
526333
526334
526335
526336
526337
526338
526339
526340
526341
526342
526343
526344
526345
526346
526347
526348
526349
526350
526351
526352
526353
526354
526355
526356
526357
526358
526359
526360
526361
526362
526363
526364
526365
526366
526367
526368
526369
526370
526371
526372
526373
526374
526375
526376
526377
526378
526379
526380
526381
526382
526383
526384
526385
526386
526387
526388
526389
526390
526391
526392
526393
526394
526395
526396
526397
526398
526399
526400
526401
526402
526403
526404
526405
526406
526407
526408
526409
526410
526411
526412
526413
526414
526415
526416
526417
526418
526419
526420
526421
526422
526423
526424
526425
526426
526427
526428
526429
526430
526431
526432
526433
526434
526435
526436
526437
526438
526439
526440
526441
526442
526443
526444
526445
526446
526447
526448
526449
526450
526451
526452
526453
526454
526455
526456
526457
526458
526459
526460
526461
526462
526463
526464
526465
526466
526467
526468
526469
526470
526471
526472
526473
526474
526475
526476
526477
526478
526479
526480
526481
526482
526483
526484
526485
526486
526487
526488
526489
526490
526491
526492
526493
526494
526495
526496
526497
526498
526499
526500
526501
526502
526503
526504
526505
526506
526507
526508
526509
526510
526511
526512
526513
526514
526515
526516
526517
526518
526519
526520
526521
526522
526523
526524
526525
526526
526527
526528
526529
526530
526531
526532
526533
526534
526535
526536
526537
526752
526753
526754
526755
526756
526757
526758
526759
526760
526761
526762
526763
526764
526765
526766
526767
526768
526769
526770
526771
526772
526773
526774
526775
526776
526777
526778
526779
526780
526781
526782
526783
526784
526785
526786
526787
526788
526789
526790
526791
526792
526793
526794
526795
526796
526797
526798
526799
526800
526801
526802
526803
526804
526805
526806
526807
526808
526809
526810
526811
526812
526813
526814
526815
526816
526817
526818
526819
526820
526821
526822
526823
526824
526825
526826
526827
526828
526829
526830
526831
526832
526833
526834
526835
526836
526837
526838
526839
526840
526841
526842
526843
526844
526845
526846
526847
526848
526849
526850
526851
526852
526853
526854
526855
526856
526857
526858
526859
526860
526861
526862
526863
526864
526865
526866
526867
526868
526869
526870
526871
526872
526873
526874
526875
526876
526877
526878
527109
527110
527111
527112
527113
527114
527115
527116
527117
527118
527119
527120
527121
527122
527123
527124
527125
527126
527127
527128
527129
527130
527131
527132
527133
527134
527135
527136
527137
527138
527139
527140
527141
527142
527143
527144
527145
527146
527147
527148
527149
527150
527151
527152
527153
527154
527155
527156
527157
527158
527159
527160
527161
527162
527163
527164
527165
527166
527167
527168
527169
527170
527171
527172
527173
527174
527175
527176
527177
527178
527179
527180
527181
527182
527183
527184
527185
527186
527187
527188
527189
527190
527191
527192
527193
527194
527195
527196
527197
527198
527199
527200
527201
527202
527203
527204
527205
527206
527207
527208
527209
527210
527211
527212
527213
527214
527215
527216
527217
527218
527219
527220
527221
527222
527223
527224
527225
527226
527227
527228
527229
527230
527231
527232
527233
527234
527235
527236
527237
527238
527239
527240
527241
527242
527243
527244
527245
527246
527247
527248
527249
527250
527251
527252
527253
527254
527255
527256
527257
527258
527259
527260
527261
527262
527263
527264
527265
527266
527267
527268
527269
527270
527271
527272
527273
527274
527275
527276
527277
527278
527279
527280
527281
527282
527283
527284
527285
527286
527287
527288
527289
527290
527291
527292
527293
527294
527295
527296
527297
527298
527299
527300
527301
527302
527303
527304
527305
527306
527307
527308
527309
527310
527311
527312
527313
527314
527315
527316
527317
527318
527319
527320
527321
527322
527323
527324
527325
527326
527327
527328
527329
527330
527331
527332
527333
527334
527335
527336
527337
527338
527340
527341
527342
527343
527344
527345
527346
527347
527348
527349
527350
527351
527352
527353
527354
527355
527356
527357
527358
527359
527360
527361
527362
527363
527364
527365
527366
527367
527368
527369
527370
527371
527372
527373
527374
527375
527377
527378
527379
527380
527381
527382
527383
527384
527385
527386
527387
527388
527389
527390
527391
527392
527393
527394
527395
527396
527397
527398
527399
527400
527401
527402
527403
527404
527405
527406
527407
527408
527409
527410
527411
527412
527413
527414
527415
527416
527417
527418
527419
527421
527422
527423
527424
527425
527426
527427
527428
527429
527430
527431
527432
527433
527434
527435
527436
527437
527438
527439
527440
527441
527442
527443
527444
527445
527446
527447
527448
527449
527450
527451
527452
527453
527454
527455
527456
527457
527458
527459
527460
527461
527462
527463
527464
527465
527466
527467
527468
527469
527470
527471
527472
527473
527474
527475
527476
527477
527478
527479
527480
527481
527482
527483
527484
527485
527486
527487
527488
527489
527612
527613
527614
527615
527616
527617
527618
527619
527620
527621
527622
527623
527624
527625
527626
527627
527628
527629
527630
527631
527632
527633
527634
527635
527636
527637
527638
527639
527640
527641
527642
527643
527644
527645
527646
527647
527648
527649
527650
527651
527652
527653
527654
527655
527656
527657
527658
527659
527660
527661
527662
527663
527664
527665
527666
527667
527668
527669
527670
527671
527672
527673
527674
527675
527676
527677
527678
527679
527680
527681
527682
527683
527684
527685
527686
527687
527688
527689
527690
527691
527692
527693
527694
527695
527696
527697
527698
527699
527700
527701
527702
527703
527704
527705
527706
527707
527708
527709
527710
527711
527712
527713
527714
527715
527716
527717
527718
527719
527720
527721
527722
527723
527724
527725
527726
527727
527728
527729
527730
527731
527732
527733
527734
527735
527736
527737
527738
527739
527740
527741
527742
527743
527744
527745
527746
527747
527748
527749
527750
527751
527752
527753
527754
527755
527756
527757
527758
527759
527760
527761
527762
527763
527764
527765
527766
527767
527768
527769
527770
527771
527772
527773
527774
527775
527776
527777
527778
527779
527780
527781
527782
527783
527784
527785
527786
527787
527788
527789
527790
527791
527792
527793
527794
527795
527796
527797
527798
527799
527800
527801
527802
527803
527804
527805
527806
527807
527808
527809
527810
527811
527812
527813
527814
527815
527816
527817
527818
527819
527820
527821
527822
527823
527824
527825
527826
527827
527828
527829
527830
527831
527832
527833
527834
527835
527836
527837
527838
527839
527840
527841
527842
527843
527844
527845
527846
527847
527848
527849
527850
527851
527852
527853
527854
527855
527856
527857
527858
527859
527860
527861
527862
527863
527864
527865
527866
527867
527868
527869
527870
527871
527872
527873
527874
527875
527876
527877
527878
527879
527880
527881
527882
527883
527884
527885
527886
527887
527888
527889
527891
527892
527893
527894
527895
527896
527897
527898
527899
527900
527901
527902
527903
527904
527905
527906
527907
527908
527909
527910
527911
527912
527913
527914
527915
527916
527917
527918
527919
527920
527921
527922
527923
527924
527925
527926
527927
527928
527929
527930
527931
527932
527933
527934
527935
527936
527937
527938
527939
527940
527941
527942
527943
527944
527945
527946
527947
527948
527949
527950
527951
527952
527953
527954
527955
527956
527957
527958
527959
527960
527961
527962
527963
527964
527965
527966
527967
527968
527969
527970
527971
527972
527973
527974
527975
527976
527977
528051
528052
528053
528054
528055
528056
528057
528058
528059
528060
528061
528062
528063
528064
528065
528066
528067
528068
528069
528070
528071
528072
528073
528074
528075
528076
528077
528078
528079
528080
528081
528082
528083
528084
528085
528086
528087
528088
528089
528090
528091
528092
528093
528094
528095
528096
528097
528098
528099
528100
528101
528102
528103
528104
528105
528106
528107
528108
528109
528110
528111
528112
528113
528114
528115
528116
528117
528118
528119
528120
528121
528122
528123
528124
528125
528126
528127
528128
528129
528130
528131
528132
528133
528134
528135
528136
528137
528138
528139
528140
528141
528142
528143
528144
528145
528146
528147
528148
528149
528150
528151
528152
528153
528154
528155
528156
528157
528158
528159
528160
528161
528162
528163
528164
528165
528166
528167
528168
528169
528170
528171
528172
528173
528174
528175
528176
528177
528178
528179
528180
528181
528182
528183
528184
528185
528186
528187
528188
528189
528190
528191
528192
528193
528194
528195
528196
528197
528198
528199
528200
528201
528202
528203
528204
528205
528206
528207
528208
528209
528210
528211
528212
528213
528214
528215
528216
528217
528218
528219
528220
528221
528222
528223
528224
528225
528226
528227
528228
528229
528230
528231
528232
528233
528234
528235
528236
528237
528238
528239
528240
528241
528242
528243
528244
528245
528246
528247
528248
528249
528250
528251
528252
528253
528254
528255
528256
528257
528258
528259
528260
528261
528262
528263
528264
528265
528266
528267
528268
528269
528270
528271
528272
528273
528274
528275
528276
528277
528278
528279
528280
528282
528283
528284
528285
528286
528287
528288
528289
528290
528291
528292
528293
528294
528295
528296
528297
528298
528299
528300
528301
528302
528303
528304
528305
528306
528307
528308
528309
528310
528311
528312
528313
528314
528315
528316
528317
528318
528319
528320
528321
528322
528323
528324
528325
528326
528327
528328
528329
528330
528331
528332
528333
528334
528335
528336
528337
528338
528339
528340
528341
528342
528343
528344
528345
528346
528347
528348
528349
528350
528351
528352
528353
528354
528355
528356
528357
528358
528359
528360
528361
528362
528363
528364
528365
528366
528367
528368
528369
528370
528371
528372
528373
528374
528375
528376
528377
528378
528379
528380
528381
528382
528383
528384
528385
528386
528387
528388
528389
528390
528391
528392
528393
528394
528395
528396
528397
528398
528399
528400
528401
528402
528403
528404
528405
528406
528407
528408
528409
528410
528411
528412
528413
528414
528415
528416
528417
528418
528419
528420
528421
528422
528423
528424
528425
528426
528427
528428
528429
528430
528431
528432
528433
528434
528435
528436
528437
528438
528439
528440
528441
528442
528443
528444
528445
528446
528447
528448
528449
528450
528451
528452
528453
528454
528455
528456
528457
528458
528459
528460
528461
528462
528463
528464
528465
528466
528467
528468
528469
528470
528471
528472
528473
528513
528514
528515
528516
528517
528518
528519
528520
528521
528522
528523
528524
528525
528526
528527
528528
528529
528530
528531
528532
528533
528534
528535
528537
528538
528539
528540
528541
528542
528543
528544
528545
528546
528547
528548
528549
528550
528551
528552
528553
528554
528555
528556
528557
528558
528559
528560
528561
528562
528563
528564
528565
528566
528567
528568
528569
528570
528571
528572
528574
528575
528576
528577
528578
528579
528580
528581
528582
528583
528584
528585
528586
528587
528588
528589
528590
528591
528592
528593
528594
528595
528596
528597
528598
528599
528600
528601
528602
528603
528605
528606
528607
528608
528609
528610
528611
528612
528613
528614
528615
528616
528617
528618
528619
528620
528621
528622
528623
528624
528625
528626
528627
528628
528727
528728
528729
528730
528731
528732
528733
528734
528735
528736
528737
528738
528739
528740
528741
528742
528743
528744
528745
528746
528747
528748
528749
528750
528751
528752
528753
528754
528755
528756
528757
528758
528759
528760
528761
528762
528763
528764
528765
528766
528767
528768
528769
528770
528771
528772
528773
528774
528775
528776
528777
528779
528780
528781
528782
528783
528784
528785
528786
528787
528788
528789
528790
528791
528792
528793
528794
528795
528796
528797
528798
528799
528800
528801
528802
528803
528804
528805
528806
528807
528808
528809
528810
528811
528812
528813
528814
528815
528816
528817
528818
528819
528820
528821
528822
528823
528824
528825
528826
528827
528828
528829
528830
528831
528832
528833
528834
528835
528836
528837
528838
528839
528840
528841
528842
528843
528844
528845
528846
528847
528848
528849
528850
528851
528852
528853
528854
528855
528856
528857
528858
528859
528860
528861
528862
528863
528864
528865
528866
528867
528868
528869
528870
528871
528872
528873
528874
528875
528876
528877
528878
528879
528880
528881
528882
528883
528884
528885
528886
528887
528888
528889
528890
528891
528892
528893
528894
528895
528896
528897
528898
528899
528900
528901
528902
528903
528904
528905
528906
528907
528908
528909
528910
528911
528912
528913
528914
528915
528916
528917
528918
528919
528920
528921
528922
528923
528924
528925
528926
528927
528928
528929
528930
528931
528932
528933
528934
528935
528936
528937
528938
528939
528940
528941
528942
528943
528944
528945
528946
528947
528948
528949
528950
528951
528952
528953
528954
528955
528956
528957
528958
528959
528960
528961
528962
528963
528964
528965
528966
528967
528968
528969
528970
528971
528972
528973
528974
528975
528976
528977
528978
528979
528980
528981
528982
528983
528984
528985
528986
528987
528988
528989
528990
528991
528992
528993
528994
528995
528996
528997
528998
528999
529000
529001
529002
529003
529004
529005
529006
529007
529008
529009
529010
529011
529012
529013
529014
529015
529016
529017
529018
529019
529020
529021
529022
529023
529024
529025
529026
529027
529028
529029
529030
529031
529032
529033
529034
529035
529036
529037
529038
529039
529040
529041
529042
529043
529044
529045
529046
529047
529048
529049
529050
529051
529052
529053
529054
529055
529056
529057
529058
529059
529060
529061
529062
529063
529064
529065
529066
529067
529068
529069
529070
529071
529072
529073
529074
529075
529076
529077
529078
529079
529080
529081
529082
529083
529084
529085
529086
529087
529088
529089
529090
529091
529092
529093
529094
529095
529096
529097
529098
529099
529100
529101
529102
529103
529104
529105
529106
529196
529197
529198
529199
529200
529201
529202
529203
529204
529205
529206
529207
529208
529209
529210
529211
529212
529213
529214
529215
529216
529217
529218
529219
529220
529221
529222
529223
529224
529225
529226
529227
529228
529229
529230
529231
529232
529233
529234
529235
529236
529237
529238
529239
529240
529241
529242
529243
529244
529245
529246
529247
529248
529249
529250
529251
529252
529253
529254
529255
529256
529257
529259
529260
529261
529262
529263
529264
529265
529266
529267
529268
529269
529270
529271
529272
529273
529274
529275
529276
529277
529278
529279
529280
529281
529282
529283
529284
529285
529286
529287
529288
529289
529290
529291
529292
529293
529294
529295
529296
529297
529298
529299
529300
529301
529302
529303
529304
529305
529306
529307
529308
529309
529310
529311
529312
529313
529314
529315
529316
529317
529318
529319
529320
529321
529322
529323
529324
529325
529326
529327
529328
529329
529330
529331
529332
529333
529334
529335
529336
529337
529338
529339
529340
529341
529342
529343
529344
529345
529346
529347
529348
529349
529350
529351
529352
529353
529354
529355
529356
529357
529358
529359
529360
529361
529362
529363
529364
529365
529366
529367
529368
529369
529370
529371
529372
529373
529374
529375
529376
529377
529378
529379
529380
529381
529382
529383
529384
529385
529386
529387
529388
529389
529390
529391
529392
529393
529394
529395
529396
529397
529398
529399
529400
529401
529402
529403
529404
529405
529406
529407
529408
529410
529411
529412
529413
529414
529415
529416
529417
529418
529419
529420
529421
529422
529423
529424
529425
529426
529427
529428
529429
529430
529431
529432
529433
529434
529435
529436
529437
529438
529439
529440
529441
529442
529443
529444
529445
529446
529447
529448
529449
529450
529451
529452
529453
529454
529455
529456
529457
529458
529459
529460
529461
529462
529463
529464
529465
529466
529467
529468
529469
529470
529471
529472
529473
529474
529475
529476
529477
529478
529479
529480
529481
529482
529483
529484
529485
529486
529487
529488
529489
529490
529491
529492
529493
529494
529495
529496
529497
529498
529499
529500
529501
529502
529503
529504
529505
529506
529507
529508
529509
529510
529511
529512
529513
529514
529515
529516
529517
529518
529519
529520
529521
529522
529523
529524
529525
529526
529527
529528
529529
529530
529531
529532
529533
529534
529535
529536
529537
529538
529539
529540
529541
529542
529543
529544
529545
529546
529547
529548
529549
529550
529551
529552
529553
529554
529555
529556
529557
529558
529559
529560
529561
529562
529563
529564
529565
529566
529567
529568
529569
529570
529571
529572
529573
529574
529575
529576
529577
529578
529579
529580
529581
529582
529583
529584
529585
529586
529587
529588
529589
529590
529591
529592
529593
529595
529596
529597
529598
529599
529600
529601
529602
529603
529604
529605
529606
529607
529608
529609
529610
529611
529612
529613
529614
529615
529616
529617
529618
529619
529620
529621
529622
529623
529624
529625
529626
529627
529628
529629
529630
529631
529632
529633
529634
529635
529636
529637
529638
529639
529640
529641
529642
529643
529644
529645
529646
529647
529648
529649
529650
529651
529652
529653
529654
529655
529656
529657
529658
529659
529660
529661
529662
529663
529664
529665
529666
529667
529668
529669
529670
529671
529672
529673
529675
529676
529677
529678
529679
529680
529681
529682
529683
529684
529685
529686
529687
529688
529689
529690
529691
529692
529693
529694
529695
529696
529697
529698
529699
529700
529701
529702
529703
529704
529705
529706
529707
529708
529709
529710
529711
529712
529713
529714
529715
529716
529717
529718
529719
529720
529721
529722
529723
529724
529725
529726
529727
529728
529729
529730
529731
529732
529733
529734
529735
529736
529737
529738
529739
529740
529741
529742
529743
529744
529745
529746
529747
529748
529749
529750
529751
529752
529753
529754
529755
529756
529757
529758
529759
529760
529761
529762
529763
529764
529765
529766
529767
529768
529769
529770
529771
529772
529773
529774
529775
529776
529777
529778
529779
529780
529781
529782
529783
529784
529785
529786
529787
529788
529789
529790
529791
529792
529793
529794
529795
529796
529797
529798
529799
529800
529801
529802
529803
529804
529805
529806
529807
529808
529809
529810
529811
529812
529813
529814
529815
529816
529817
529818
529819
529820
529821
529822
529823
529824
529825
529826
529827
529828
529829
529830
529831
529832
529833
529834
529835
529836
529837
529838
529839
529840
529841
529842
529843
529844
529845
529846
529847
529848
529849
529850
529851
529854
529855
529856
529857
529858
529859
529860
529861
529862
529863
529864
529865
529866
529867
529868
529869
529870
529871
529872
529873
529874
529875
529876
529877
529878
529879
529880
529881
529882
529883
529884
529885
529886
529887
529888
529889
529890
529891
529892
529893
529894
529895
529896
529897
529898
529899
529900
529901
529902
529903
529904
529905
529906
529907
529908
529909
529910
529911
529912
529913
529914
529915
529916
529917
529918
529919
529920
529921
529922
529923
529924
529925
529926
529927
529928
529929
529930
529931
529932
529933
529934
529935
529936
529937
529938
529939
529940
529942
529943
529944
529945
529946
529947
529948
529949
529950
529951
529952
529953
529954
529955
529956
529957
529958
529959
529960
529961
529962
529963
529964
529965
529966
529967
529968
529969
529970
529971
529972
529973
529974
529975
529976
529977
529978
529979
529980
529981
529982
529983
529984
529985
529986
529987
529988
529989
529990
529991
529992
529993
529994
529995
529996
529997
529998
529999
530000
530001
530002
530003
530004
530005
530006
530007
530008
530009
530010
530011
530012
530013
530014
530015
530016
530017
530018
530019
530020
530021
530022
530023
530024
530025
530026
530027
530028
530029
530030
530031
530032
530033
530034
530035
530036
530037
530038
530039
530040
530041
530042
530043
530044
530045
530046
530047
530048
530049
530050
530051
530052
530053
530054
530055
530056
530057
530058
530059
530060
530061
530062
530063
530064
530065
530066
530067
530068
530069
530070
530071
530072
530073
530074
530075
530076
530077
530078
530079
530080
530081
530082
530083
530084
530085
530086
530087
530088
530089
530090
530091
530092
530093
530094
530095
530096
530097
530098
530099
530100
530101
530102
530103
530104
530105
530106
530107
530108
530109
530110
530111
530112
530113
530114
530115
530116
530117
530118
530119
530120
530121
530122
530123
530124
530125
530126
530127
530128
530129
530130
530131
530132
530133
530134
530135
530136
530137
530138
530139
530140
530141
530142
530143
530144
530145
530146
530147
530148
530149
530150
530151
530152
530153
530154
530155
530156
530157
530158
530159
530160
530161
530162
530163
530164
530165
530166
530167
530168
530169
530170
530171
530172
530173
530174
530175
530176
530177
530178
530179
530180
530181
530182
530183
530184
530185
530186
530187
530188
530189
530190
530191
530192
530193
530194
530195
530196
530197
530198
530199
530200
530201
530202
530203
530204
530205
530206
530207
530208
530209
530210
530211
530212
530213
530214
530215
530216
530217
530218
530219
530220
530221
530222
530223
530224
530225
530226
530227
530228
530229
530230
530231
530232
530233
530234
530235
530236
530237
530238
530239
530240
530241
530242
530243
530244
530245
530246
530247
530248
530249
530250
530251
530252
530253
530254
530255
530256
530257
530258
530259
530260
530261
530262
530263
530264
530265
530266
530267
530268
530269
530270
530271
530272
530273
530274
530275
530276
530277
530278
530279
530280
530281
530282
530283
530284
530285
530286
530287
530288
530289
530290
530291
530292
530293
530294
530295
530296
530297
530298
530299
530300
530301
530302
530303
530304
530305
530306
530307
530308
530309
530310
530311
530312
530313
530314
530315
530316
530317
530318
530319
530320
530321
530322
530323
530324
530325
530326
530327
530328
530329
530330
530331
530332
530333
530334
530335
530336
530337
530338
530339
530340
530341
530342
530343
530344
530345
530346
530347
530348
530349
530350
530351
530352
530353
530354
530355
530356
530357
530358
530359
530360
530361
530362
530363
530364
530365
530366
530367
530368
530369
530370
530371
530372
530373
530374
530375
530376
530377
530378
530379
530380
530381
530382
530383
530384
530385
530404
530405
530406
530407
530408
530409
530410
530411
530412
530413
530414
530415
530416
530417
530418
530419
530420
530421
530422
530423
530424
530425
530426
530427
530428
530429
530430
530431
530432
530433
530434
530435
530436
530437
530438
530439
530440
530441
530442
530443
530444
530445
530446
530447
530448
530449
530450
530451
530452
530453
530454
530455
530456
530457
530458
530459
530460
530461
530462
530463
530464
530465
530466
530467
530468
530469
530470
530471
530472
530473
530474
530475
530476
530477
530478
530479
530480
530481
530482
530483
530484
530485
530486
530487
530488
530489
530490
530491
530492
530493
530494
530495
530496
530497
530498
530499
530500
530501
530502
530503
530504
530505
530506
530507
530508
530509
530510
530511
530512
530513
530514
530515
530516
530517
530518
530519
530520
530521
530522
530523
530524
530525
530526
530527
530528
530529
530530
530531
530532
530533
530534
530535
530536
530537
530538
530539
530540
530541
530542
530543
530544
530545
530546
530547
530548
530549
530550
530551
530552
530553
530554
530555
530556
530557
530558
530559
530560
530561
530562
530563
530564
530565
530566
530567
530568
530569
530570
530571
530572
530573
530574
530575
530576
530577
530578
530579
530580
530581
530582
530583
530584
530585
530586
530587
530588
530589
530590
530591
530592
530593
530594
530595
530596
530597
530598
530599
530600
530601
530602
530603
530604
530605
530606
530607
530608
530609
530610
530611
530612
530613
530614
530615
530616
530617
530618
530619
530620
530621
530622
530623
530624
530625
530626
530627
530628
530629
530630
530631
530632
530633
530634
530635
530636
530637
530638
530639
530640
530641
530642
530643
530644
530645
530646
530647
530648
530649
530650
530651
530652
530653
530654
530655
530656
530657
530658
530659
530660
530661
530662
530663
530664
530665
530666
530667
530668
530669
530670
530671
530672
530673
530674
530675
530676
530677
530678
530679
530680
530681
530682
530683
530684
530685
530686
530687
530688
530689
530690
530691
530692
530693
530694
530695
530696
530697
530698
530699
530700
530701
530702
530703
530704
530705
530706
530707
530708
530709
530710
530711
530712
530713
530714
530715
530716
530717
530718
530719
530720
530721
530722
530723
530724
530725
530726
530727
530728
530729
530730
530731
530732
530733
530734
530735
530736
530737
530738
530739
530740
530741
530742
530743
530744
530745
530746
530747
530748
530749
530750
530751
530752
530753
530754
530755
530756
530757
530758
530759
530760
530761
530762
530763
530764
530765
530766
530767
530768
530769
530770
530771
530772
530773
530774
530775
530776
530777
530778
530779
530780
530781
530782
530783
530784
530785
530786
530787
530788
530789
530790
530791
530792
530793
530794
530795
530796
530797
530798
530799
530800
530801
530802
530803
530804
530805
530806
530807
530808
530809
530810
530811
530812
530813
530814
530815
530816
530817
530818
530819
530820
530821
530822
530823
530824
530825
530826
530827
530828
530829
530830
530831
530832
530833
530834
530835
530836
530837
530838
530839
530840
530841
530842
530843
530844
530845
530846
530847
530848
530849
530850
530851
530852
530853
530854
530855
530856
530857
530858
530860
530861
530862
530863
530864
530865
530866
530867
530868
530869
530870
530871
530872
530873
530874
530875
530876
530877
530878
530879
530880
530881
530882
530883
530884
530885
530886
530887
530888
530889
530890
530891
530892
530893
530894
530895
530896
530897
530898
530899
530900
530901
530902
530903
530904
530905
530906
530907
530908
530909
530910
530911
530912
530913
530914
530915
530916
530917
530918
530919
530920
530921
530922
530923
530924
530925
530926
530927
530928
530929
530930
530931
530932
530933
530934
530935
530937
530938
530939
530940
530941
530942
530943
530944
530945
530946
530947
530948
530949
530950
530951
530952
530953
530954
530955
530956
530957
530958
530959
530960
530961
530962
530963
530964
530965
530966
530967
530968
530969
530970
530971
530972
530973
530974
530975
530976
530977
530978
530979
530980
530981
530982
530983
530984
530985
530986
530987
530988
530989
530990
530991
530992
530993
530994
530995
530996
530997
530998
530999
531000
531001
531002
531003
531004
531005
531006
531007
531008
531009
531010
531011
531012
531013
531014
531015
531016
531017
531018
531019
531020
531021
531022
531023
531024
531025
531026
531027
531028
531029
531030
531031
531032
531033
531034
531036
531037
531038
531039
531040
531041
531042
531043
531044
531045
531046
531047
531048
531049
531050
531051
531052
531053
531054
531055
531056
531057
531058
531059
531060
531061
531062
531063
531064
531065
531066
531067
531068
531069
531070
531071
531072
531073
531074
531075
531076
531077
531078
531080
531081
531082
531083
531084
531085
531086
531087
531088
531089
531090
531091
531092
531093
531094
531095
531096
531097
531098
531099
531100
531101
531102
531103
531104
531105
531106
531107
531108
531109
531110
531111
531112
531113
531114
531115
531116
531117
531118
531119
531120
531121
531122
531123
531124
531125
531126
531127
531128
531129
531130
531131
531132
531133
531134
531135
531136
531137
531182
531183
531184
531185
531186
531187
531188
531189
531190
531191
531192
531193
531194
531195
531196
531197
531198
531199
531200
531201
531202
531203
531204
531205
531206
531207
531208
531209
531210
531211
531213
531214
531215
531216
531217
531218
531219
531220
531221
531222
531223
531224
531225
531226
531227
531228
531229
531230
531231
531232
531233
531234
531235
531236
531237
531238
531239
531240
531241
531242
531243
531244
531245
531246
531247
531248
531249
531250
531251
531252
531253
531254
531255
531256
531257
531258
531259
531260
531261
531262
531263
531264
531265
531266
531267
531268
531269
531270
531271
531272
531273
531274
531275
531276
531277
531278
531279
531280
531281
531282
531283
531284
531285
531286
531287
531288
531289
531290
531291
531292
531293
531294
531295
531296
531297
531298
531299
531300
531301
531302
531303
531304
531305
531306
531307
531308
531309
531310
531311
531312
531313
531314
531315
531316
531317
531318
531319
531320
531321
531322
531323
531324
531325
531326
531327
531328
531329
531330
531331
531332
531333
531334
531335
531336
531337
531338
531339
531340
531341
531342
531343
531344
531345
531346
531347
531348
531349
531350
531351
531352
531415
531416
531417
531418
531419
531420
531421
531422
531423
531424
531425
531426
531427
531428
531429
531430
531431
531432
531433
531434
531435
531436
531437
531438
531439
531440
531441
531442
531443
531444
531445
531446
531447
531448
531449
531450
531451
531452
531453
531454
531455
531456
531457
531458
531459
531460
531461
531462
531463
531464
531465
531466
531467
531468
531469
531470
531471
531472
531473
531474
531475
531476
531477
531478
531479
531480
531481
531482
531483
531484
531485
531486
531487
531488
531489
531490
531491
531492
531493
531494
531495
531496
531497
531498
531499
531500
531501
531502
531503
531504
531505
531506
531507
531508
531509
531510
531511
531512
531513
531514
531515
531516
531517
531518
531519
531520
531521
531522
531523
531524
531525
531526
531527
531528
531529
531530
531531
531532
531533
531534
531535
531536
531537
531538
531539
531540
531541
531542
531543
531544
531545
531546
531547
531548
531549
531550
531551
531552
531553
531554
531555
531556
531557
531558
531559
531560
531561
531562
531563
531564
531565
531566
531567
531568
531569
531570
531571
531572
531573
531574
531575
531576
531577
531578
531579
531580
531581
531582
531583
531584
531585
531586
531587
531588
531589
531590
531591
531592
531593
531594
531595
531596
531597
531598
531599
531600
531601
531602
531603
531604
531605
531606
531607
531608
531609
531610
531611
531612
531613
531614
531615
531616
531617
531618
531619
531620
531621
531622
531623
531624
531625
531626
531627
531628
531629
531630
531631
531632
531633
531634
531635
531636
531637
531638
531639
531640
531641
531642
531643
531644
531645
531646
531647
531648
531649
531650
531651
531652
531653
531654
531655
531656
531657
531658
531659
531660
531661
531662
531663
531664
531665
531666
531667
531668
531669
531670
531671
531672
531674
531675
531676
531677
531678
531679
531680
531681
531682
531683
531686
531687
531688
531689
531690
531691
531692
531693
531694
531695
531696
531697
531698
531699
531700
531701
531702
531703
531704
531705
531706
531707
531708
531709
531710
531711
531712
531713
531714
531715
531716
531717
531718
531719
531720
531721
531722
531723
531724
531725
531726
531727
531728
531729
531730
531731
531732
531733
531734
531735
531736
531737
531738
531739
531740
531741
531742
531743
531744
531745
531746
531747
531748
531749
531750
531751
531752
531753
531754
531755
531756
531757
531758
531759
531760
531761
531762
531763
531764
531765
531766
531767
531768
531769
531770
531771
531772
531773
531774
531775
531776
531777
531778
531779
531780
531781
531782
531783
531784
531785
531786
531787
531788
531789
531790
531791
531792
531793
531794
531795
531796
531797
531798
531799
531800
531801
531802
531803
531804
531805
531806
531807
531808
531809
531810
531811
531812
531813
531814
531815
531816
531817
531818
531819
531820
531821
531822
531823
531824
531825
531826
531827
531828
531829
531830
531831
531832
531833
531834
531835
531836
531837
531838
531839
531840
531841
531842
531843
531844
531845
531846
531847
531848
531849
531850
531851
531852
531853
531854
531855
531856
531857
531858
531859
531860
531861
531862
531863
531864
531865
531866
531867
531868
531869
531870
531871
531872
531873
531874
531875
531876
531877
531878
531879
531880
531881
531882
531883
531884
531885
531886
531887
531888
531889
531890
531891
531892
531893
531894
531895
531896
531897
531898
531899
531900
531901
531902
531903
531904
531905
531906
531907
531908
531909
531910
531911
531912
531913
531914
531915
531916
531917
531918
531919
531920
531921
531922
531923
531924
531925
531926
531927
531928
531929
531930
531931
531932
531933
531934
531935
531936
531937
531938
531939
531940
531941
531942
531943
531944
531945
531946
531947
531948
531949
531950
531951
531952
531953
531954
531955
531956
531957
531958
531959
531960
531961
531962
531963
531964
531965
531966
531967
531968
531969
531970
531971
531972
531973
531974
531975
531976
531977
531978
531979
531980
531981
531982
531983
531984
531985
531986
531987
531988
531989
531990
531991
531992
531993
531994
531995
531996
531997
531998
531999
532000
532001
532002
532003
532004
532005
532006
532007
532008
532009
532010
532011
532012
532013
532014
532015
532016
532017
532018
532019
532020
532021
532022
532023
532024
532025
532026
532027
532028
532029
532030
532031
532032
532033
532034
532035
532036
532037
532038
532039
532040
532041
532042
532043
532044
532045
532046
532047
532048
532049
532050
532051
532052
532053
532054
532055
532056
532057
532058
532059
532060
532061
532062
532063
532064
532065
532066
532067
532068
532069
532070
532071
532072
532073
532074
532075
532076
532077
532078
532079
532080
532081
532082
532083
532084
532085
532086
532087
532088
532089
532090
532091
532622
532623
532624
532625
532626
532627
532628
532629
532630
532631
532632
532633
532634
532635
532636
532637
532638
532639
532640
532641
532642
532643
532644
532645
532646
532647
532648
532649
532650
532651
532652
532653
532654
532655
532656
532657
532658
532659
532660
532661
532662
532663
532664
532665
532666
532667
532668
532669
532670
532671
532672
532673
532674
532675
532676
532677
532678
532679
532680
532681
532682
532683
532684
532685
532686
532687
532688
532689
532690
532691
532692
532693
532694
532695
532696
532697
532698
532699
532700
532701
532702
532703
532704
532705
532706
532707
532708
532709
532710
532711
532712
532713
532714
532715
532716
532717
532718
532719
532720
532721
532722
532723
532724
532725
532726
532727
532728
532729
532730
532731
532732
532733
532734
532735
532736
532737
532738
532739
532740
532741
532742
532743
532744
532745
532746
532747
532748
532749
532750
532751
532752
532753
532754
532755
532756
532757
532758
532759
532760
532761
532762
532763
532764
532765
532766
532767
532768
532769
532770
532771
532772
532773
532774
532775
532776
532777
532778
532779
532780
532781
532782
532783
532784
532785
532786
532787
532788
532789
532790
532791
532792
532793
532794
532795
532796
532797
532798
532799
532800
532801
532802
532803
532804
532805
532806
532807
532808
532809
532810
532811
532812
532813
532814
532815
532816
532817
532818
532819
532820
532821
532822
532823
532824
532825
532826
532827
532828
532829
532830
532831
532832
532833
532834
532835
532836
532837
532838
532839
532840
532841
532842
532843
532844
532845
532846
532847
532848
532849
532850
532851
532852
532853
532854
532855
532856
532857
532858
532859
532860
532861
532862
532863
532864
532865
532866
532867
532868
532869
532870
532871
532872
532873
532874
532875
532876
532877
532878
532879
532880
532881
532882
532883
532884
532885
532886
532887
532888
532889
532890
532891
532892
532893
532894
532895
532896
532897
532898
532899
532900
532901
532902
532903
532904
532905
532906
532907
532908
532909
532910
532911
532912
532913
532914
532915
532916
532917
532918
532919
532920
532921
532922
532923
532924
532925
532926
532927
532928
532929
532930
532931
532932
532933
532934
532935
532936
532937
532938
532939
532940
532941
532942
532943
532944
532945
532946
532947
532948
532949
532950
532951
532952
532953
532954
532955
532956
532957
532958
532959
532960
532961
532962
532963
532964
532965
532966
532967
532968
532969
532970
532971
532972
532973
532974
532975
532976
532977
532978
532979
532980
537198
537199
537200
537201
537202
537203
537204
537205
537206
537207
537208
537209
537210
537230
537231
537232
537233
537234
537235
537236
537237
537238
537239
537240
537241
537242
537243
537244
537245
537246
537247
537248
537249
537250
537251
537252
537253
537254
537255
537256
537257
537258
537259
537260
537261
537262
537263
537264
537265
537266
537267
537268
537269
537270
537271
537272
537273
537274
537275
537276
537277
537278
537279
537280
537281
537282
537283
537284
537285
537286
537287
537288
537289
537290
537291
537292
537293
537294
537295
537296
537297
537298
537299
537300
537301
537302
537303
537304
537305
537306
537307
537308
537309
537310
537311
537312
537313
537314
537315
537316
537317
537349
537350
537351
537352
537353
537354
537355
537364
537365
537366
537367
537368
537369
537370
537371
537372
537373
537374
537376
537377
537378
537379
537380
537381
537382
537383
537384
537385
537386
537387
537388
537389
537390
537391
537392
537393
537394
537395
537396
537397
537398
537430
537431
537432
537433
537434
537435
537436
537437
537438
537439
537440
537441
537442
537443
537444
537445
537446
537447
537448
537449
537450
537451
537452
537453
537454
537455
537456
537457
537458
537459
537460
537461
537462
537463
537464
537465
537466
537467
537468
537469
537470
537471
537472
537473
537474
537475
537476
537477
537478
537479
537480
537481
537482
537483
537484
537485
537486
537487
537488
537489
537490
537491
537492
537493
537494
537495
537496
537497
537498
537499
537500
537501
537502
537503
537504
537505
537506
537507
537508
537509
537510
537511
537512
537513
537542
537543
537544
537545
537546
537547
537548
537549
537550
537551
537552
537553
537554
537555
537556
537557
537558
537559
537560
537561
537562
537563
537564
537565
537566
537567
537568
537569
537570
537571
537572
537573
537574
537575
537576
537577
537578
537579
537580
537581
537582
537583
537584
537585
537586
537587
537588
537589
537590
537591
537592
537593
537594
537595
537596
537597
537598
537599
537600
537601
537602
537603
537604
537605
537606
537607
537608
537609
537610
537648
537649
537650
537651
537665
537666
537667
537668
537669
537670
537671
537672
537673
537674
537675
537676
537677
537678
537679
537680
537681
537682
537683
537684
537685
537686
537687
537688
537689
537690
537691
537692
537693
537694
537695
537696
537697
537698
537699
537700
537701
537702
537703
537704
537705
537706
537707
537708
537709
537710
537711
537712
537713
537714
537715
537716
537717
537718
537719
537720
537721
537722
537723
537724
537725
537726
537727
537728
537729
537730
537731
537732
537733
537734
537735
537736
537737
537738
537739
537740
537741
538917
538918
538919
538920
538921
538922
538923
538924
538925
538926
538927
538928
538929
538930
538931
538932
538933
538934
538935
538936
538937
538938
538939
538940
538941
538942
538943
538944
538945
538946
539242
539243
539244
539245
539246
539247
539248
539249
539250
539251
539252
539253
539254
539255
539256
539257
539258
539259
539260
539261
539262
539263
539264
539265
539266
539267
539268
539269
539270
539271
539272
539273
539274
539275
539276
539277
539278
539279
539280
539281
539282
539283
539284
539285
539286
539287
539288
539289
539290
539291
539292
539293
539294
539295
539296
539297
539298
539299
539300
539301
539302
539303
539304
539305
539306
539307
539308
539309
539310
539311
539312
539313
539314
539315
539316
539317
539318
539319
539320
539321
539322
539323
539324
539325
539326
539327
539328
539329
539330
539331
539332
539333
539334
539335
539336
539337
539338
539339
539340
539341
539342
539343
539344
539345
539346
539347
539348
539349
539350
539351
539352
539353
539354
539355
539356
539357
539358
539359
539360
539361
539362
539363
539364
539365
539366
539367
539368
539369
539370
539371
539372
539373
539374
539375
539376
539377
539378
539379
539380
539381
539382
539383
539384
539385
539386
539387
539388
539389
539390
539391
539392
539393
539394
539395
539396
539397
539398
539399
539400
539401
539402
539403
539404
539405
539406
539407
539490
539491
539492
539493
539494
539495
539496
539497
539498
539499
539500
539501
539502
539503
539504
539505
539506
539507
539508
539509
539510
539511
539512
539513
539514
539515
539516
539517
539518
539519
539520
539521
539522
539523
539524
539525
539526
539527
539528
539529
539530
539531
539532
539533
539534
539535
539536
539537
539538
539539
539540
539541
539542
539543
539544
539545
539546
539547
539548
539549
539550
539551
539552
539553
539554
539555
539556
539557
539558
539559
539560
539561
539562
539563
539564
539565
539566
539567
539568
539569
539570
539571
539572
539573
539574
539575
539576
539577
539578
539579
539580
539581
539582
539583
539584
539585
539586
539587
539588
539589
539590
539591
539592
539593
539594
539595
539596
539597
539598
539599
539600
539601
539602
539603
539604
539605
539606
539607
539608
539609
539610
539611
539612
539613
539614
539615
539616
539617
539618
539619
539620
539621
539622
539623
539624
539625
539626
539627
539628
539629
539630
539631
539632
539633
539634
539635
539636
539637
539638
539639
539640
539641
539642
539643
539644
539645
539646
539647
539648
539649
539650
539651
539652
539653
539654
539655
539656
539657
539658
539659
539660
539661
539662
539663
539664
539665
539666
539667
539668
539669
539670
539671
539672
539673
539674
539675
539676
539677
539678
539679
539680
539681
539682
539683
539684
539685
539686
539687
539688
539689
539690
539691
539692
539693
539694
539695
539696
539697
539698
539699
539700
539701
539702
539703
539704
539705
539706
539707
539708
539709
539710
539711
539712
539713
539714
539715
539716
539717
539718
539719
539720
539721
539722
539723
539724
539725
539726
539727
539728
539729
539730
539731
539732
539733
539734
539735
539736
539737
539738
539739
539740
539741
539742
539743
539744
539745
539746
539747
539748
539749
539750
539751
539752
539753
539754
539755
539756
539757
539758
539759
539760
539761
539762
539763
539764
539765
539766
539767
539768
539769
539770
539771
539772
539773
539774
539775
539776
539777
539778
539779
539780
539781
539782
539783
539784
539785
539786
539787
539788
539789
539790
539791
539792
539793
539794
539795
539796
539797
539798
539799
539800
539801
539802
539803
539804
539805
539806
539807
539808
539809
539810
539811
539812
539813
539814
539815
539816
539817
539818
539819
539820
539821
539822
539823
539824
539825
539826
539827
539828
539829
539830
539831
539832
539833
539834
539835
539836
539837
539838
539839
539840
539841
539842
539843
539844
539845
539846
539847
539848
539849
539850
539851
539852
539853
539854
539855
539856
539857
539858
539859
539860
539861
539862
539863
539864
539865
539866
539867
539868
539869
539870
539871
539872
539873
539874
539875
539876
539877
539878
539879
539880
539881
539882
539883
539884
539885
539886
539887
539888
539889
539890
539891
539892
539893
539894
539895
539896
539897
539898
539899
539900
539901
539902
539903
539904
539905
539906
539907
539908
539909
539910
539911
539912
539913
539914
539915
539916
539917
539918
539919
539920
539921
539922
539923
539924
539925
539926
539927
539928
539929
539930
539931
539932
539933
539934
539935
539936
539937
539938
539939
539940
539941
539942
539943
539944
539945
539946
539947
539948
539949
539950
539951
539952
539953
539954
539955
539956
539957
539958
539959
539960
539961
539962
539963
539964
539965
539966
539967
539968
539969
539970
539971
539972
539973
539974
539975
539976
539977
539978
539979
539980
539981
539982
539983
539984
539985
539986
539987
539988
539989
539990
539991
539992
539994
539995
539996
539997
539998
539999
540000
540001
540002
540003
540004
540005
540006
540007
540008
540009
540010
540011
540012
540013
540014
540015
540016
540017
540018
540019
540020
540021
540022
540023
540024
540025
540026
540027
540028
540029
540030
540031
540032
540033
540034
540035
540036
540037
540038
540039
540040
540041
540042
540043
540044
540045
540046
540047
540048
540049
540050
540051
540052
540053
540054
540055
540056
540057
540058
540059
540060
540061
540063
540064
540065
540066
540067
540068
540069
540070
540071
540072
540073
540074
540075
540076
540077
540078
540079
540080
540081
540082
540083
540084
540085
540086
540087
540088
540089
540090
540091
540092
540093
540094
540095
540096
540097
540098
540099
540100
540101
540102
540103
540104
540105
540106
540107
540108
540109
540110
540111
540112
540113
540114
540115
540116
540117
540118
540119
540120
540121
540122
540123
540124
540125
540126
540127
540128
540129
540130
540131
540132
540133
540134
540135
540136
540137
540138
540139
540140
540141
540142
540143
540144
540145
540146
540147
540148
540149
540150
540151
540152
540153
540154
540155
540156
540157
540158
540159
540160
540161
540162
540163
540164
540165
540166
540167
540168
540169
540170
540171
540172
540173
540174
540175
540176
540177
540178
540179
540180
540181
540182
540183
540184
540185
540186
540187
540188
540189
540190
540191
540192
540193
540194
540195
540196
540197
540198
540199
540200
540201
540202
540203
540204
540205
540206
540207
540208
540209
540210
540211
540212
540213
540214
540215
540216
540217
540218
540219
540220
540221
540222
540223
540224
540225
540226
540227
540228
540229
540230
540231
540232
540233
540234
540235
540236
540237
540238
540239
540240
540241
540242
540243
540244
540245
540246
540247
540248
540249
540250
540251
540252
540253
540254
540255
540256
540257
540258
540259
540260
540261
540262
540263
540264
540265
540266
540311
540312
540313
540314
540315
540316
540317
540318
540319
540320
540321
540322
540323
540324
540325
540326
540327
540328
540329
540330
540331
540332
540333
540334
540335
540336
540337
540338
540339
540340
540341
540342
540343
540344
540345
540346
540347
540348
540349
540350
540351
540352
540353
540354
540355
540356
540357
540358
540359
540360
540361
540362
540363
540364
540365
540366
540367
540368
540369
540370
540371
540372
540373
540374
540375
540376
540377
540378
540379
540380
540381
540382
540383
540384
540385
540386
540387
540388
540389
540390
540391
540392
540393
540394
540395
540396
540397
540398
540399
540400
540401
540402
540403
540404
540405
540406
540407
540408
540409
540410
540411
540412
540413
540414
540415
540416
540417
540418
540419
540420
540421
540422
540423
540424
540425
540426
540427
540428
540429
540430
540431
540432
540433
540434
540435
540436
540437
540438
540439
540440
540441
540442
540443
540444
540445
540446
540447
540448
540449
540450
540451
540452
540453
540454
540455
540456
540457
540458
540459
540460
540461
540462
540463
540464
540465
540466
540467
540468
540469
540470
540471
540472
540473
540474
540475
540476
540477
540478
540479
540480
540481
540482
540483
540484
540485
540486
540487
540488
540489
540490
540491
540492
540493
540494
540495
540496
540497
540498
540499
540500
540501
540502
540503
540504
540505
540506
540507
540508
540509
540510
540511
540512
540513
540514
540515
540516
540517
540518
540519
540520
540521
540522
540523
540524
540525
540526
540527
540528
540529
540530
540531
540532
540533
540534
540535
540536
540537
540538
540539
540540
540541
540542
540543
540544
540545
540546
540547
540548
540549
540550
540551
540552
540553
540554
540555
540556
540557
540558
540559
540560
540561
540562
540563
540564
540565
540566
540567
540568
540569
540570
540571
540572
540573
540574
540575
540576
540577
540578
540579
540580
540581
540582
540583
540584
540585
540586
540587
540588
540589
540590
540591
540592
540593
540594
540595
540596
540597
540598
540599
540600
540601
540602
540603
540604
540605
540606
540607
540608
540609
540610
540611
540612
540613
540614
540615
540616
540617
540618
540619
540620
540621
540622
540623
540624
540625
540626
540627
540628
540629
540630
540631
540632
540633
540634
540635
540636
540637
540638
540639
540640
540641
540642
540643
540644
540645
540646
540647
540648
540649
540650
540651
540652
540653
540654
540655
540656
540657
540658
540659
540660
540661
540662
540663
540664
540665
540666
540667
540668
540669
540670
540671
540672
540673
540674
540675
540676
540677
540678
540679
540680
540681
540682
540683
540684
540685
540686
540687
540688
540689
540690
540691
540692
540693
540694
540695
540696
540697
540698
540699
540700
540701
540702
540703
540704
540705
540706
540707
540708
540709
540710
540711
540712
540713
540714
540715
540716
540717
540718
540719
540720
540721
540722
540723
540724
540725
540726
540727
540728
540729
540730
540731
540732
540733
540734
540735
540736
540737
540738
540739
540740
540741
540742
540743
540744
540745
540746
540747
540748
540749
540750
540751
540752
540753
540754
540755
540756
540757
540758
540759
540760
540761
540762
540763
540764
540765
540766
540767
540768
540769
540770
540771
540772
540773
540774
540775
540776
540777
540778
540779
540780
540781
540782
540783
540784
540785
540786
540787
540788
540789
540790
540791
540792
540793
540794
540795
540796
540797
540798
540799
540800
540801
540802
540803
540804
540805
540806
540807
540808
540809
540810
540811
540812
540813
540814
540815
540816
540817
540818
540819
540820
540821
540822
540823
540824
540825
540826
540897
540898
540899
540900
540901
540902
540903
540904
540905
540906
540907
540908
540909
540910
540911
540912
540913
540914
540915
540916
540917
540918
540919
540920
540921
540922
540923
540924
540925
540926
540927
540928
540929
540930
540931
540932
540933
540934
540935
540936
540937
540938
540939
540940
540941
540942
540943
540944
540945
540946
540947
540948
540949
540950
540951
540952
540953
540954
540955
540956
540957
540958
540959
540960
540961
540962
540963
540964
540965
540966
540967
540968
540969
540970
540971
540972
540973
540974
540975
540976
540977
540978
540979
540980
540981
540982
540983
540984
540985
540986
540987
540988
540989
540990
540991
540992
540993
540994
540995
540996
540997
540998
540999
541000
541001
541002
541003
541004
541005
541006
541007
541008
541009
541010
541011
541012
541013
541014
541015
541016
541017
541018
541019
541020
541021
541022
541023
541024
541025
541026
541027
541028
541029
541030
541031
541032
541033
541034
541035
541036
541037
541038
541039
541040
541041
541042
541043
541044
541045
541046
541047
541048
541049
541050
541051
541052
541053
541054
541055
541056
541057
541058
541059
541060
541061
541062
541063
541064
541065
541066
541067
541068
541069
541070
541071
541072
541073
541074
541075
541076
541077
541078
541079
541080
541081
541082
541083
541084
541085
541086
541087
541088
541089
541090
541091
541092
541093
541094
541095
541096
541097
541098
541099
541100
541101
541102
541103
541104
541105
541106
541107
541108
541109
541110
541111
541112
541113
541114
541115
541116
541117
541118
541119
541120
541121
541122
541123
541124
541125
541126
541127
541128
541129
541130
541619
541620
541621
541622
541623
541666
541667
541668
541669
541670
541671
541672
541673
541674
541675
541676
541677
541678
541679
541680
541681
541682
541683
541684
541685
541686
541687
541688
541689
541690
541691
541692
541693
541694
541695
541765
541766
541767
541768
541769
541770
541771
541772
541773
541774
541775
541776
541777
541778
541779
541780
541781
541782
541783
541784
541785
541786
541787
541788
541789
541790
541791
541792
541793
541794
541795
541796
541797
541798
541799
541800
550001
553001
557001
559001
560001
700001
700002
700003
700004
700005
700006
700007
700008
700009
700010
700011
700012
700013
700014
700015
700016
700017
700018
700019
700020
700021
700022
700023
700024
700025
700026
700027
700028
700029
700030
700031
700032
700033
700034
700035
700036
700037
700038
700039
700040
700041
700042
700043
700044
700045
700046
700047
700048
700049
700050
700051
700052
700053
700054
700055
700056
700057
700058
700059
700060
700061
700062
700063
700064
700065
700066
700067
700068
700069
700083
700084
700085
700086
700087
700088
700089
700090
700091
700092
700093
700094
700095
700096
700097
700098
700099
700100
700101
700102
700103
700104
700105
700106
700107
700108
700109
700110
700111
700112
700113
700114
700115
700116
700117
700118
700119
700120
700121
700122
700123
700124
700125
700126
700127
700128
700129
700130
700131
700132
700133
700134
700135
700136
700137
700138
700139
700140
700141
700142
700143
700144
700145
700146
700147
700148
700149
700150
700151
700152
700153
700154
700155
700156
700157
700158
700159
700160
700161
700162
700163
700164
700165
700166
700167
700168
700169
700170
700171
700172
700173
700174
700175
700176
700177
700178
700179
700180
700181
700182
700183
700184
700185
700186
700187
700188
700189
700190
700191
700192
700193
700194
700195
700196
700197
700198
700199
700200
700201
700202
700203
700204
700205
700206
700207
700208
700209
700210
700211
700212
700213
700214
700215
700216
700217
700218
700219
700220
700221
700222
700223
700224
700225
700226
700227
700228
700229
700230
700231
700232
700233
700234
700235
700236
700237
700238
700239
700240
700241
700242
700243
700244
700245
700246
700247
700248
700249
700250
700251
700252
700253
700254
700255
700256
700257
700258
700259
700260
700261
700262
700263
700264
700265
700266
700267
700268
700269
700270
700271
700272
700273
700274
700275
700276
700277
700278
700279
700280
700281
700282
700283
700284
700285
700286
700287
700288
700289
700290
700291
700292
700293
700294
700295
700296
700297
700298
700299
700300
700301
700302
700303
700304
700305
700306
700307
700308
700309
700310
700311
700312
700313
700314
700315
700316
700317
700318
700319
700320
700321
700322
700323
700324
700325
700326
700327
700328
700329
700330
700331
700332
700333
700334
700335
700336
700337
700338
700339
700340
700341
700342
700343
700344
700345
700346
700347
700348
700349
700350
700351
700352
700353
700354
700355
700356
700357
700358
700359
700360
700361
700362
700363
700364
700365
700366
700367
700368
700369
700370
700371
700372
700373
700374
700375
700376
700377
700378
700379
700380
700381
700382
700383
700384
700385
700386
700387
700388
700389
700390
700391
700392
700393
700394
700395
700396
700397
700398
700399
700400
700506
700507
700508
700509
700510
700511
700512
700513
700514
700515
700516
700517
700518
700519
700520
700521
700522
700523
700524
700525
700526
700527
700528
700529
700530
700531
700532
700533
700534
700535
700536
700537
700538
700539
700540
700541
700542
700543
700544
700545
700546
700547
700548
700549
700550
700551
700552
700553
700554
700555
700556
700557
700558
700559
700560
700561
700562
700563
700564
700565
700566
700567
700568
700569
700570
700571
700572
700573
700574
700575
700576
700577
700578
700579
700580
700581
700582
700583
700584
700585
700586
700587
700588
700589
700590
700591
700592
700593
700594
700595
700596
700597
700598
700599
700600
700601
700602
700603
700604
700605
700606
700607
700608
700609
700610
700611
700612
700613
700614
700615
700616
700617
700618
700619
700620
700621
700622
700623
700624
700625
700626
700627
700628
700629
700630
700631
700632
700633
700634
700635
700636
700637
700638
700639
700640
700641
700642
700643
700644
700645
700646
700647
700648
700649
700650
700651
700652
700653
700654
700655
700656
700657
700658
700659
700660
700661
700662
700663
700664
700665
700666
700667
700668
700669
700670
700671
700672
700673
700674
700675
700676
700677
700678
700679
700680
700681
700682
700683
700684
700685
700686
700687
700688
700689
700690
700691
700692
700693
700694
700695
700696
700697
700698
700699
700700
700701
700702
700703
700704
700705
700706
700707
700708
700709
700710
700711
700712
700713
700714
700715
700716
700717
700718
700719
700720
700721
700722
700723
700724
700725
700726
700727
700728
700729
700730
700731
700732
700733
700734
700735
700736
700737
700738
700739
700740
700741
700742
700743
700744
700745
700746
700747
700748
700749
700750
700751
700752
700753
700754
700755
700756
700757
700758
700759
700760
700761
700762
700763
700764
700765
700766
700767
700768
700769
700770
700771
700772
700773
700774
700775
700776
700777
700778
700779
700780
700781
700782
700783
700784
700785
700786
700787
700788
700789
700790
700791
700792
700793
700794
700795
700851
700852
700853
700854
700855
700856
700857
700858
700859
700860
700861
700862
700863
700864
700865
700866
700867
700868
700869
700870
700871
700872
700873
700874
700875
700876
700877
700878
700879
700880
700881
700882
700883
700884
700885
700886
700887
700888
700889
700890
700891
700892
700893
700894
700895
700896
700897
700898
700899
700900
700901
700902
700903
700904
700905
700906
700907
700908
700909
700910
700911
700912
700913
700914
700915
700916
700917
700918
700919
700920
700921
700922
700923
700924
700925
700926
700927
700928
700929
700930
700931
700932
700933
700934
700935
700936
700937
700938
700939
700941
700942
700943
700944
700945
700946
700947
700948
700949
700950
700951
700952
700953
700954
700955
700956
700957
700958
700959
700960
700961
700962
700963
700964
700965
700966
700967
700968
700969
700970
700971
700972
700973
700974
700975
700976
700977
700978
700979
700980
700981
700982
700983
700984
700985
700986
700987
700988
700989
700990
700991
700992
700993
700994
700995
700996
700997
700998
700999
701000
701001
701002
701003
701004
701005
701006
701007
701008
701009
701010
701011
701012
701013
701014
701015
701016
701017
701018
701019
701020
701021
701022
701023
701024
701025
701026
701027
701028
701029
701030
701031
701032
701033
701034
701035
701036
701037
701038
701039
701040
701041
701042
701043
701044
701045
701046
701047
701048
701049
701050
701051
701052
701053
701054
701055
701056
701057
701058
701059
701060
701061
701062
701063
701064
701065
701066
701067
701068
701069
701070
701071
701072
701073
701074
701075
701076
701077
701078
701079
701080
701081
701082
701083
701084
701085
701086
701087
701088
701089
701090
701091
701092
701093
701094
701095
701096
701097
701098
701099
701100
701101
701102
701103
701104
701105
701106
701107
701108
701109
701110
701111
701112
701113
701114
701115
701116
701117
701118
701119
701120
701121
701122
701123
701124
701125
701126
701256
701257
701258
701259
701260
701261
701262
701263
701264
701265
701266
701267
701268
701269
701270
701271
701272
701273
701274
701275
701276
701277
701278
701279
701280
701281
701282
701283
701284
701285
701286
701287
701288
701289
701290
701291
701292
701293
701294
701295
701296
701297
701298
701299
701300
701301
701302
701303
701304
701305
701306
701307
701308
701309
701310
701378
701379
701380
701381
701382
701383
701384
701385
701386
701387
701388
701389
701390
701391
701392
701393
701394
701395
701396
701397
701398
701399
701400
701401
701402
701403
701404
701405
701406
701407
701408
701409
701410
701411
701412
701413
701414
701415
701416
701417
701418
701419
701420
701421
701422
701423
701424
701425
701426
701427
701428
701429
701430
701431
701432
701433
701434
701435
701436
701437
701438
701439
701511
701512
701513
701514
701515
701516
701517
701518
701519
701520
701521
701522
701523
701524
701525
701526
701527
701528
701529
701530
701531
701532
701533
701534
701535
701536
701537
701538
701539
701540
701541
701542
701543
701544
701545
701546
701547
701548
701549
701550
701551
701552
701553
701554
701555
701556
701557
701558
701559
701560
701561
701562
701563
701564
701565
701566
701567
701568
701569
701570
701571
701572
701573
701574
701575
701576
701577
701578
701579
701580
701581
701582
701583
701584
701585
701586
701587
701588
701589
701590
701591
701592
701593
701594
701595
701596
701597
701598
701599
701600
701601
701602
701603
701604
701605
701606
701607
701608
701609
701610
701611
701612
701613
701614
701615
701616
701617
701618
701619
701620
701621
701622
701623
701624
701625
701626
701627
701628
701629
701630
701631
701632
701633
701634
701635
701636
701637
701638
701639
701640
701641
701642
701643
701644
701645
701646
701647
701648
701649
701650
701671
701672
701673
701674
701675
701676
701677
701678
701679
701680
701681
701682
701683
701684
701685
701686
701687
701688
701689
701690
701691
701692
701693
701694
701695
701696
701697
701698
701699
701700
701701
701702
701703
701704
701705
701706
701707
701708
701709
701710
701711
701712
701713
701714
701715
701716
701717
701718
701719
701720
701721
701722
701723
701724
701725
701726
701727
701728
701729
701730
701731
701732
701733
701734
701735
701736
701737
701738
701739
701740
701741
701742
701743
701744
701745
701746
701747
701748
701749
701750
701751
701752
701753
701754
701755
701756
701757
701758
701759
701760
701761
701762
701763
701764
701765
701766
701767
702035
702036
702037
702038
702039
702040
702041
702042
702043
702044
702045
702046
702047
702048
702049
702050
702051
702052
702053
702054
702055
702056
702057
702058
702059
702060
702061
702062
702063
702064
702065
702066
702067
702068
702069
702070
702071
702072
702073
702074
702075
702076
702077
702078
702079
702080
702081
702082
702083
702084
702085
702086
702087
702088
702089
702090
702091
702092
702093
702094
702095
702096
702097
702098
702099
702100
702101
702102
702103
702104
702105
702106
702107
702108
702109
702110
702111
702112
702113
702114
702115
702116
702117
702118
702119
702120
702121
702122
702123
702124
702125
702126
702127
702128
702129
702130
702131
702132
702133
702134
702135
702136
702137
702138
702139
702140
702141
702142
702143
702144
702145
702146
702147
702148
702149
702150
702151
702152
702153
702154
702155
702156
702157
702158
702159
702160
702161
702162
702163
702164
702165
702166
702167
702168
702169
702170
702171
702172
702173
702174
702175
702176
702177
702178
702179
702180
702181
702182
702183
702184
702185
702186
702187
702188
702189
702190
702191
702192
702193
702194
702195
702196
702197
702198
702199
702200
702201
702202
702203
702204
702205
702206
702207
702208
702209
702210
702211
702212
702213
702214
702215
702216
702217
702218
702219
702220
702221
702222
702223
702224
702225
702226
702227
702228
702229
702230
702231
702232
702233
702234
702235
702236
702237
702238
702239
702240
702241
702242
702243
702244
702245
702246
702247
702248
702249
702250
702251
702252
702253
702254
702255
702256
702257
702258
702259
702260
702261
702262
702263
702264
702265
702266
702267
702268
702269
702270
702271
702272
702273
702274
702275
702276
702277
702278
702279
702280
702281
702282
702283
702284
702285
702286
702287
702288
702289
702290
702291
702292
702293
702294
702295
702296
702297
702298
702299
702300
702301
702302
702303
702304
702305
702306
702307
702308
702309
702310
702311
702312
702313
702314
702315
702316
702317
702318
702319
702320
702321
702322
702323
702324
702325
702326
702327
702328
702329
702330
702331
702332
702333
702334
702335
702336
702337
702338
702339
702340
702341
702342
702343
702344
702345
702346
702347
702348
702349
702350
702351
702352
702353
702354
702355
702356
702357
702358
702359
702451
702452
702453
702454
702455
702456
702457
702458
702459
702460
702461
702462
702463
702464
702465
702466
702467
702468
702469
702470
702471
702472
702473
702474
702475
702476
702477
702478
702479
702480
702481
702482
702483
702484
702485
702486
702487
702488
702489
702490
702491
702492
702493
702494
702495
702496
702497
702498
702499
702500
702501
702502
702503
702504
702505
702506
702507
702508
702509
702510
702511
702512
702513
702514
702515
702516
702517
702518
702519
702520
702521
702522
702523
702524
702525
702526
702527
702528
702529
702530
702531
702532
702533
702534
702535
702536
702537
702538
702539
702540
702541
702542
702543
702544
702545
702546
702547
702548
702549
702550
702551
702552
702553
702554
702555
702556
702557
702558
702559
702560
702561
702562
702563
702564
702565
702566
702567
702568
702569
702599
702600
702601
702602
702603
702604
702605
702606
702607
702608
702609
702610
702611
702612
702613
702614
702615
702616
702617
702618
702619
702620
702621
702622
702623
702624
702625
702626
702627
702628
702629
702630
702631
702632
702633
702634
702635
702636
702637
702638
702639
702640
702641
702642
702643
702644
702645
702646
702647
702648
702649
702650
702651
702652
702653
702654
702655
702656
702657
702658
702659
702660
702661
702662
702663
702664
702665
702666
702667
702668
702669
702670
702671
702672
702673
702674
702675
702676
702677
702678
702679
702680
702681
702682
702683
702684
702685
702686
702687
702688
702689
702690
702691
702692
702693
702694
702695
702696
702697
702698
702699
702700
702701
702702
702703
702704
702705
702706
702707
702708
702709
702710
702711
702712
702713
702714
702715
702716
702717
702718
702719
702720
702721
702722
702723
702724
702725
702726
702727
702728
702729
702730
702731
702732
702733
702734
702735
702744
702745
702746
702747
702748
702749
702750
702751
702752
702753
702754
702755
702756
702757
702758
702759
702760
702761
702762
702763
702764
702765
702766
702767
702768
702769
702770
702771
702772
702773
702774
702775
702776
702777
702778
702779
702780
702781
702782
702783
702784
702785
702786
702787
702788
702789
702790
702791
702792
702793
702794
702795
702796
702797
702798
702799
702800
702801
702802
702803
702804
702805
702806
702807
702808
702809
702810
702811
702813
702814
702815
702816
702817
702818
702819
702820
702821
702822
702823
702824
702825
702826
702827
702828
702829
702830
702831
702832
702833
702834
702835
702836
702837
702838
702839
702840
702841
702842
702843
702844
702845
702846
702847
702848
702849
702850
702851
702852
702853
702854
702855
702856
702857
702858
702859
702860
702861
702862
702863
702864
702865
702866
702867
702868
702869
702870
702871
702872
702873
702875
702876
702877
702878
702879
702880
702881
702882
702883
702884
702885
702886
702887
702888
702889
702890
702891
702892
702893
702894
702895
702896
702897
702898
702899
702900
702901
702902
702903
702904
702905
702906
702996
702997
702998
702999
703000
703001
703002
703003
703004
703005
703006
703007
703008
703009
703010
703011
703012
703013
703014
703015
703016
703017
703018
703019
703020
703021
703022
703023
703024
703025
703026
703027
703028
703029
703030
703031
703032
703033
703034
703035
703036
703037
703038
703039
703040
703041
703042
703043
703044
703045
703046
703047
703048
703049
703050
703051
703052
703053
703054
703055
703056
703057
703058
703059
703060
703061
703062
703063
703064
703065
703066
703067
703068
703069
703070
703071
703072
703073
703074
703075
703076
703077
703078
703079
703080
703081
703082
703083
703084
703085
703086
703087
703088
703089
703090
703091
703092
703093
703094
703095
703096
703097
703098
703099
703100
703101
703102
703103
703104
703105
703106
703107
703108
703109
703110
703111
703112
703113
703114
703115
703116
703117
703118
703119
703120
703121
703122
703123
703124
703125
703126
703127
703128
703129
703130
703131
703132
703133
703134
703135
703136
703137
703138
703139
703140
703141
703142
703143
703144
703145
703146
703147
703148
703149
703150
703151
703152
703153
703154
703155
703156
703157
703158
703159
703160
703161
703162
703163
703164
703165
703166
703167
703168
703169
703170
703171
703172
703173
703174
703175
703176
703177
703178
703179
703180
703181
703182
703183
703184
703185
703186
703187
703188
703189
703190
703191
703192
703193
703194
703195
703196
703197
703198
703199
703200
703201
703202
703203
703204
703205
703206
703207
703208
703209
703210
703211
703212
703213
703214
703215
703216
703217
703218
703219
703220
703221
703222
703223
703224
703225
703226
703227
703228
703229
703230
703231
703232
703233
703234
703235
703236
703237
703238
703239
703240
703241
703242
703243
703244
703251
703252
703253
703254
703255
703256
703257
703258
703259
703260
703261
703262
703263
703264
703265
703266
703267
703268
703269
703270
703271
703272
703273
703274
703275
703276
703277
703278
703279
703280
703281
703282
703283
703284
703285
703286
703287
703288
703289
703290
703291
703343
703344
703345
703346
703347
703348
703349
703350
703351
703352
703353
703354
703355
703356
703357
703358
703359
703360
703361
703362
703363
703364
703365
703366
703367
703368
703369
703370
703371
703372
703373
703374
703375
703376
703377
703378
703379
703380
703381
703382
703383
703384
703385
703386
703387
703388
703389
703390
703391
703392
703393
703394
703395
703396
703397
703398
703399
703400
703401
703402
703403
703404
703405
703406
703407
703408
703409
703410
703411
703412
703413
703414
703415
703416
703417
703418
703419
703420
703421
703422
703423
703424
703425
703426
703427
703428
703429
703430
703431
703432
703433
703434
703435
703436
703437
703438
703439
703440
703441
703442
703443
703444
703445
703446
703447
703448
703449
703450
703451
703452
703453
703454
703455
703456
703457
703458
703459
703460
703461
703462
703463
703464
703465
703466
703467
703468
703469
703470
703471
703472
703473
703474
703475
703476
703477
703478
703479
703480
703481
703482
703483
703484
703485
703486
703487
703488
703489
703490
703491
703492
703493
703494
703495
703496
703497
703498
703499
703500
703501
703502
703503
703504
703505
703506
703507
703508
703509
703510
703511
703512
703513
703514
703515
703516
703517
703518
703519
703520
703521
703522
703523
703524
703525
703526
703527
703528
703529
703530
703531
703532
703533
703534
703535
703536
703537
703538
703539
703540
703541
703542
703543
703544
703545
703546
703547
703548
703549
703550
703551
703552
703553
703554
703555
703556
703557
703558
703559
703560
703561
703562
703563
703564
703565
703566
703567
703568
703569
703570
703571
703572
703573
703574
703575
703576
703577
703578
703579
703580
703581
703582
703583
703584
703585
703586
703587
703588
703589
703590
703591
703592
703593
703594
703595
703596
703597
703598
703599
703600
703601
703602
703603
703604
703605
703606
703607
703608
703609
703610
703611
703612
703613
703614
703615
703616
703617
703618
703619
703620
703621
703622
703623
703624
703625
703626
703627
703628
703629
703630
703631
703632
703633
703634
703635
703636
703637
703638
703639
703640
703641
703642
703643
703644
703645
703646
703647
703648
703649
703650
703651
703652
703653
703654
703655
703656
703657
703658
703659
703660
703661
703662
703663
703664
703665
703666
703667
703668
703669
703670
703671
703672
703673
703674
703675
703676
703677
703678
703679
703680
703681
703682
703683
703684
703685
703686
703687
703688
703689
703690
703691
703692
703693
703694
703695
703696
703697
703698
703699
703700
703701
703702
703703
703704
703705
703706
703707
703708
703709
703710
703711
703712
703713
703714
703715
703716
703717
703718
703719
703720
703721
703722
703723
703724
703725
703726
703727
703728
703729
703730
703731
703732
703733
703734
703735
703736
703737
703738
703739
703740
703741
703742
703743
703744
703745
703746
703747
703748
703749
703750
703751
703752
703753
703754
703755
703756
703757
703758
703759
703760
703761
703762
703763
703764
703765
703766
703767
703768
703769
703770
703771
703772
703773
703774
703775
703776
703777
703778
703779
703780
703781
703782
703783
703784
703785
703786
703787
703788
703789
703790
703791
703792
703793
703794
703795
703796
703797
703798
703799
703800
703801
703802
703803
703804
703805
703806
703807
703808
703809
703810
703811
703812
703813
703814
703815
703816
703817
703818
703819
703820
703821
703822
703823
703824
703825
703826
703827
703828
703829
703830
703831
703832
703833
703834
703835
703836
703837
703838
703839
703840
703841
703842
703843
703844
703845
703846
703847
703848
703849
703850
703851
703852
703853
703854
703855
703856
703857
703858
703859
703860
703861
703862
703863
703864
703865
703866
703867
703868
703869
703870
703871
703872
703873
703874
703875
703876
703877
703878
703879
703880
703881
703882
703883
703884
703885
703886
703887
703888
703889
703890
703891
703892
703893
703894
703895
703896
703897
703898
703899
703900
703901
703902
703903
703904
703905
703906
703907
703908
703909
703910
703911
703912
703913
703919
703920
703921
703922
703923
703924
703925
703926
703927
703928
703929
703930
703931
703932
703933
703934
703935
703936
703937
703938
703939
703940
703941
703942
703943
703944
703945
703946
703947
703948
703949
703950
703951
703952
703953
703954
703955
703956
703957
703958
703959
703960
703961
703962
703963
703964
703965
703966
703967
703968
703969
703970
703971
703972
703973
703974
703975
703976
703977
703978
703979
703980
703981
703982
703983
703984
703985
703986
703987
703988
703989
703990
703991
703992
703993
703994
703995
703996
703997
703998
703999
704000
704001
704002
704003
704004
704005
704006
704007
704008
704009
704010
704011
704012
704013
704014
704015
704016
704017
704018
704019
704020
704021
704022
704023
704024
704025
704026
704027
704028
704029
704030
704031
704032
704033
704034
704035
704036
704037
704038
704039
704040
704041
704042
704043
704044
704045
704046
704047
704048
704049
704050
704051
704052
704053
704054
704055
704056
704057
704058
704059
704060
704061
704062
704063
704064
704065
704066
704067
704068
704069
704070
704071
704072
704073
704074
704075
704076
704077
704078
704079
704080
704081
704082
704083
704084
704085
704086
704087
704088
704089
704090
704091
704092
704093
704094
704095
704096
704097
704098
704099
704100
704101
704102
704103
704104
704105
704106
704107
704108
704109
704110
704111
704112
704113
704114
704115
704116
704117
704118
704119
704120
704121
704122
704123
704124
704125
704126
704127
704128
704129
704130
704131
704132
704133
704134
704135
704136
704137
704138
704139
704140
704141
704158
704159
704160
704161
704162
704163
704164
704165
704166
704167
704168
704169
704170
704171
704172
704173
704174
704175
704176
704177
704178
704179
704180
704181
704182
704183
704184
704185
704186
704187
704188
704189
704190
704191
704192
704193
704194
704195
704196
704197
704198
704199
704200
704201
704202
704203
704204
704205
704206
704207
704208
704209
704210
704211
704212
704213
704214
704215
704216
704217
704218
704219
704220
704221
704222
704223
704224
704225
704226
704227
704228
704229
704230
704231
704232
704233
704234
704235
704236
704237
704238
704239
704240
704241
704242
704243
704244
704245
704246
704247
704248
704249
704250
704251
704252
704253
704254
704255
704256
704257
704258
704259
704260
704261
704262
704263
704264
704265
704266
704267
704268
704269
704270
704271
704272
704273
704274
704275
704276
704277
704278
704279
704280
704281
704282
704283
704284
704285
704286
704287
704288
704289
704290
704291
704292
704293
704294
704295
704296
704297
704298
704299
704300
704301
704302
704303
704304
704305
704306
704307
704308
704309
704310
704311
704312
704313
704314
704315
704316
704333
704334
704335
704336
704337
704338
704339
704340
704341
704342
704343
704344
704345
704346
704347
704348
704349
704350
704351
704352
704353
704354
704355
704356
704357
704358
704359
704360
704361
704362
704363
704364
704365
704366
704367
704368
704369
704370
704371
704372
704373
704374
704375
704376
704377
704378
704379
704380
704381
704382
704383
704384
704385
704386
704387
704388
704389
704390
704391
704392
704393
704394
704395
704396
704397
704398
704399
704400
704401
704402
704403
704404
704405
704406
704408
704409
704410
704411
704412
704414
704415
704416
704417
704418
704419
704420
704421
704422
704423
704424
704425
704426
704427
704428
704429
704430
704431
704432
704433
704434
704435
704436
704437
704438
704439
704440
704441
704442
704443
704444
704445
704446
704447
704448
704449
704450
704451
704452
704453
704454
704455
704456
704457
704458
704459
704460
704461
704462
704463
704464
704465
704466
704467
704468
704469
704470
704471
704472
704473
704474
704475
704476
704477
704478
704479
704480
704481
704482
704483
704484
704485
704486
704487
704488
704489
704490
704491
704492
704493
704494
704495
704496
704497
704498
704499
704500
704501
704502
704503
704504
704505
704506
704507
704508
704509
704510
704511
704512
704513
704514
704515
704516
704517
704518
704519
704520
704521
704522
704523
704524
704525
704526
704527
704528
704529
704530
704531
704532
704533
704534
704535
704536
704537
704538
704539
704540
704541
704542
704543
704544
704545
704546
704547
704548
704549
704550
704551
704552
704553
704554
704555
704556
704557
704558
704559
704560
704587
704588
704589
704590
704591
704592
704594
704595
704596
704597
704598
704599
704600
704601
704602
704603
704604
704605
704606
704607
704608
704609
704610
704611
704612
704613
704614
704615
704616
704617
704618
704619
704620
704621
704622
704623
704624
704625
704626
704627
704628
704629
704630
704631
704632
704633
704634
704635
704636
704637
704638
704639
704640
704641
704642
704643
704644
704645
704646
704647
704648
704649
704650
704651
704652
704653
704654
704655
704656
704657
704658
704659
704660
704661
704662
704663
704664
704665
704666
704667
704668
704669
704670
704671
704672
704673
704674
704675
704676
704677
704678
704679
704680
704681
704682
704683
704684
704685
704686
704687
704688
704689
704690
704691
704692
704693
704694
704695
704696
704697
704698
704699
704700
704701
704702
704703
704704
704705
704706
704707
704708
704709
704710
704711
704712
704713
704714
704715
704716
704717
704718
704719
704720
704721
704722
704723
704724
704725
704726
704727
704728
704729
704730
704731
704732
704733
704734
704735
704736
704737
704738
704739
704740
704741
704742
704743
704744
704745
704746
704747
704748
704749
704750
704751
704752
704753
704754
704755
704756
704757
704758
704759
704760
704761
704762
704763
704764
704765
704766
704767
704768
704769
704770
704771
704772
704773
704774
704775
704776
704777
704778
704779
704780
704781
704782
704783
704784
704785
704786
704787
704788
704789
704790
704791
704792
704793
704794
704795
704796
704797
704798
704799
704800
704801
704802
704803
704804
704805
704806
704807
704808
704809
704810
704811
704812
704813
704814
704815
704816
704817
704818
704819
704820
704821
704822
704823
704824
704825
704826
704827
704828
704829
704830
704831
704832
704833
704834
704835
704836
704837
704838
704839
704840
704841
704842
704843
704844
704845
704846
704847
704848
704849
704850
704851
704852
704853
704854
704855
704856
704857
704858
704859
704860
704861
704862
704863
704864
704865
704866
704867
704868
704869
704870
704871
704872
704873
704874
704875
704876
704877
704955
704956
704957
704958
704959
704960
704961
704962
704963
704964
704965
704966
704967
704968
704969
704970
704971
704972
704973
704974
704975
704976
704977
704978
704979
704980
704981
704982
704983
704984
704985
704986
704987
704988
704989
704990
704991
704992
704993
704994
704995
704996
704997
704998
704999
705000
705001
705002
705003
705004
705005
705006
705007
705008
705009
705010
705011
705012
705013
705014
705015
705016
705017
705018
705019
705020
705021
705022
705023
705024
705025
705026
705027
705028
705029
705030
705031
705032
705033
705034
705035
705036
705037
705038
705039
705040
705041
705042
705043
705044
705045
705046
705047
705048
705049
705050
705051
705052
705053
705054
705055
705056
705057
705058
705059
705060
705061
705062
705063
705064
705065
705066
705067
705068
705069
705070
705071
705173
705174
705175
705176
705177
705178
705179
705180
705181
705182
705183
705184
705185
705186
705187
705188
705189
705190
705191
705192
705193
705194
705195
705196
705197
705198
705199
705200
705201
705202
705203
705204
705205
705206
705207
705208
705209
705210
705211
705212
705213
705214
705215
705216
705217
705218
705219
705220
705221
705222
705223
705224
705225
705226
705227
705228
705229
705230
705231
705232
705233
705234
705235
705236
705237
705238
705239
705240
705241
705242
705243
705244
705245
705246
705247
705248
705249
705250
705251
705252
705253
705254
705255
705256
705257
705258
705259
705260
705261
705262
705263
705264
705265
705266
705267
705268
705269
705270
705271
705272
705273
705274
705275
705276
705277
705278
705279
705280
705281
705282
705283
705284
705285
705286
705287
705288
705289
705290
705291
705292
705293
705294
705295
705296
705297
705298
705299
705300
705301
705302
705303
705304
705305
705306
705307
705308
705309
705310
705311
705312
705313
705314
705315
705316
705317
705318
705319
705320
705321
705322
705323
705324
705325
705326
705327
705328
705329
705330
705331
705332
705333
705334
705335
705336
705337
705338
705339
705340
705341
705342
705343
705344
705345
705346
705347
705348
705349
705350
705351
705352
705353
705354
705355
705356
705357
705358
705359
705360
705361
705362
705363
705364
705365
705366
705367
705368
705369
705370
705371
705372
705373
705374
705375
705376
705377
705378
705379
705380
705381
705382
705383
705384
705385
705386
705387
705388
705389
705390
705391
705392
705393
705394
705395
705396
705397
705398
705399
705400
705401
705402
705403
705404
705405
705406
705407
705408
705409
705410
705411
705412
705413
705414
705415
705416
705417
705418
705419
705420
705421
705422
705423
705424
705425
705426
705427
705428
705429
705430
705431
705432
705433
705434
705435
705436
705437
705438
705439
705440
705441
705442
705443
705444
705445
705446
705447
705448
705449
705450
705451
705452
705453
705454
705455
705456
705457
705458
705459
705460
705461
705462
705463
705464
705465
705466
705467
705468
705469
705470
705471
705472
705473
705474
705475
705476
705477
705478
705479
705480
705481
705482
705483
705484
705485
705486
705487
705488
705489
705490
705491
705492
705493
705494
705495
705496
705497
705498
705499
705500
705501
705502
705503
705504
705505
705506
705507
705508
705509
705510
705511
705512
705513
705514
705515
705516
705517
705518
705519
705520
705521
705522
705523
705524
705525
705526
705527
705528
705529
705530
705531
705532
705533
705534
705535
705536
705537
705538
705539
705540
705541
705542
705543
705544
705545
705546
705547
705548
705549
705550
705551
705552
705553
705554
705555
705556
705557
705558
705559
705560
705561
705562
705563
705564
705565
705566
705567
705568
705569
705570
705571
705572
705573
705574
705575
705576
705577
705578
705579
705580
705581
705582
705583
705584
705585
705586
705587
705588
705589
705590
705591
705800
705801
705802
705803
705804
705805
705806
705807
705808
705809
705810
705811
705812
705813
705814
705815
705816
705817
705818
705819
705820
705821
705822
705823
705824
705825
705826
705827
705828
705829
705830
705831
705832
705833
705834
705835
705836
705837
705838
705839
705840
705841
705842
705843
705844
705845
705846
705847
705848
705849
705850
705851
705852
705853
705854
705855
705856
705857
705858
705859
705860
705861
705862
705863
705864
705865
705866
705867
705868
705869
705870
705871
705872
705873
705874
705875
705876
705877
705878
705879
705880
705881
705882
705883
705884
705885
705886
705887
705888
705889
705890
705891
705892
705893
705894
705895
705896
705897
705898
705899
705900
705901
705902
705903
705904
705905
705906
705907
705908
705909
705910
705911
705912
705913
705914
705915
705916
705917
705918
705919
705920
705921
705922
705923
705924
705925
705926
705927
705928
705929
705930
705931
705932
705933
705934
705935
705936
705937
705938
705939
705940
705941
705942
705943
705944
705945
705946
705947
705948
705949
705950
705951
705952
705953
705954
705955
705956
705957
705958
705959
705960
705961
705962
705963
705964
705965
705966
705967
705968
705969
705970
705971
705972
705973
705974
705975
705976
705977
705978
705979
705980
705981
705982
705983
705984
705985
705986
705987
705988
705989
705990
705991
705992
705993
705994
705995
705996
705997
705998
705999
706000
706001
706002
706003
706004
706005
706006
706007
706008
706009
706010
706011
706012
706013
706014
706015
706016
706017
706018
706019
706020
706021
706022
706023
706024
706025
706026
706027
706028
706029
706030
706031
706032
706033
706034
706035
706036
706037
706038
706039
706040
706041
706042
706043
706044
706045
706046
706047
706048
706049
706050
706051
706052
706053
706054
706055
706056
706057
706058
706059
706060
706061
706062
706063
706064
706065
706066
706067
706068
706069
706070
706071
706072
706073
706074
706075
706076
706077
706078
706079
706080
706081
706082
706083
706084
706085
706086
706087
706088
706089
706090
706091
706092
706093
706094
706095
706096
706097
706098
706099
706100
706101
706102
706103
706104
706105
706106
706107
706108
706109
706110
706111
706112
706113
706114
706115
706116
706117
706118
706119
706120
706121
706122
706123
706124
706125
706126
706127
706128
706129
706130
706131
706132
706133
706134
706135
706136
706137
706138
706139
706140
706141
706142
706143
706144
706145
706146
706147
706148
706149
706150
706151
706152
706153
706154
706155
706156
706157
706158
706159
706160
706161
706162
706163
706164
706165
706166
706167
706168
706169
706170
706171
706172
706173
706174
706175
706176
706177
706178
706179
706180
706181
706182
706183
706184
706185
706186
706187
706188
706189
706190
706191
706192
706193
706194
706195
706196
706197
706198
706199
706200
706201
706202
706203
706204
706205
706206
706207
706208
706222
706223
706224
706225
706226
706227
706228
706229
706230
706231
706232
706233
706234
706235
706236
706237
706238
706239
706240
706241
706242
706243
706244
706245
706246
706247
706248
706249
706250
706251
706252
706253
706254
706255
706256
706257
706258
706259
706260
706261
706262
706263
706264
706265
706266
706267
706268
706269
706270
706271
706272
706273
706274
706275
706276
706277
706278
706294
706295
706296
706297
706298
706299
706300
706301
706302
706303
706304
706305
706306
706307
706308
706309
706310
706311
706312
706313
706314
706315
706316
706317
706318
706319
706320
706321
706322
706323
706324
706325
706326
706327
706328
706329
706330
706331
706332
706333
706334
706335
706336
706337
706338
706339
706340
706395
706396
706397
706398
706399
706400
706401
706402
706403
706404
706405
706406
706407
706408
706409
706410
706411
706412
706413
706414
706415
706416
706417
706418
706419
706420
706421
706422
706423
706424
706425
706426
706427
706428
706429
706430
706466
706467
706468
706469
706470
706471
706472
706473
706474
706475
706476
706477
706478
706479
706480
706481
706482
706483
706484
706485
706486
706487
706488
706489
706490
706491
706492
706493
706494
706495
706496
706497
706498
706499
706500
706501
706502
706503
706504
706505
706506
706507
706508
706509
706510
706511
706512
706513
706514
706515
706516
706517
706518
706519
706520
706521
706522
706523
706524
706525
706526
706527
706528
706529
706530
706531
706532
706533
706534
706535
706536
706537
706538
706539
706540
706541
706542
706543
706544
706545
706546
706547
706548
706549
706550
706551
706552
706553
706554
706555
706556
706557
706558
706559
706560
706561
706562
706563
706564
706565
706566
706567
706568
706569
706570
706571
706572
706573
706574
706575
706576
706577
706578
706579
706580
706581
706586
706587
706588
706589
706590
706591
706592
706593
706594
706595
706596
706597
706598
706599
706600
706601
706602
706603
706604
706605
706606
706607
706608
706609
706610
706611
706612
706613
706614
706615
706616
706617
706618
706619
706620
706621
706622
706623
706624
706625
706626
706627
706628
706629
706630
706631
706632
706633
706634
706635
706636
706637
706638
706639
706640
706641
706642
706643
706644
706645
706646
706647
706648
706649
706650
706651
706652
706653
706654
706655
706656
706657
706658
706659
706660
706661
706662
706663
706664
706665
706666
706667
706668
706669
706670
706671
706672
706673
706674
706675
706676
706677
706678
706679
706680
706681
706682
706683
706684
706685
706686
706687
706688
706689
706690
706691
706692
706693
706694
706695
706696
706697
706698
706699
706700
706701
706702
706703
706704
706705
706706
706707
706708
706709
706710
706711
706712
706713
706714
706715
706716
706717
706718
706719
706720
706721
706722
706723
706724
706725
706847
706848
706849
706850
706851
706852
706853
706854
706855
706856
706857
706858
706859
706860
706861
706862
706863
706864
706865
706866
706867
706868
706869
706870
706871
706872
706873
706874
706875
706876
706877
706878
706879
706880
706881
706882
706883
706884
706885
706886
706887
706888
706889
706890
706891
706892
706893
706894
706895
706896
706897
706898
706899
706900
706901
706902
706903
706904
706905
706906
706907
706908
706909
706910
706911
706912
706913
706914
706915
706916
706917
706918
706919
706920
706921
706922
706923
706924
706925
706926
706927
706928
706929
706930
706931
706932
706933
706934
706935
706936
706937
706938
706939
706940
706941
706942
706943
706944
706945
706946
706947
706948
706949
706950
706951
706952
706953
706954
706955
706956
706957
706958
706959
706960
706961
706962
706963
706964
706965
706966
706967
706968
706969
706970
706971
706972
706973
706974
706975
706976
706977
706978
706979
706980
706981
706982
706983
706984
706985
706986
706987
707216
707217
707218
707219
707220
707221
707222
707223
707224
707225
707226
707227
707228
707229
707230
707231
707232
707233
707234
707235
707236
707237
707238
707239
707240
707241
707242
707243
707244
707245
707246
707247
707248
707249
707250
707251
707252
707253
707254
707255
707256
707257
707258
707259
707260
707261
707262
707263
707264
707265
707266
707267
707268
707269
707270
707271
707272
707273
707274
707275
707276
707277
707278
707279
707280
707281
707282
707283
707284
707285
707286
707287
707288
707289
707290
707291
707292
707293
707294
707295
707296
707297
707298
707299
707300
707301
707302
707303
707304
707305
707306
707307
707308
707309
707310
707311
707312
707313
707314
707315
707316
707317
707318
707319
707320
707321
707322
707323
707324
707325
707326
707327
707328
707329
707330
707331
707332
707333
707334
707335
707336
707337
707338
707339
707340
707341
707342
707343
707344
707345
707346
707347
707348
707349
707350
707351
707352
707353
707354
707355
707356
707357
707358
707359
707360
707361
707362
707363
707364
707365
707366
707367
707368
707369
707370
707371
707372
707373
707374
707375
707376
707377
707378
707379
707380
707381
707382
707383
707384
707385
707386
707387
707388
707389
707390
707391
707392
707393
707394
707395
707396
707397
707398
707399
707400
707401
707402
707403
707404
707405
707406
707407
707408
707409
707410
707411
707412
707413
707414
707415
707416
707417
707418
707419
707443
707444
707445
707446
707447
707448
707449
707450
707451
707452
707453
707454
707455
707456
707457
707458
707459
707460
707461
707462
707463
707464
707465
707466
707467
707468
707469
707470
707471
707472
707473
707474
707475
707476
707477
707478
707479
707480
707481
707482
707483
707484
707485
707486
707487
707488
707489
707490
707491
707492
707493
707494
707495
707496
707497
707498
707499
707500
707501
707502
707503
707504
707505
707506
707507
707508
707509
707510
707511
707512
707513
707514
707515
707516
707517
707518
707519
707520
707521
707522
707523
707524
707525
707526
707527
707528
707529
707530
707531
707532
707533
707534
707535
707536
707537
707538
707539
707540
707541
707542
707543
707544
707545
707546
707547
707548
707549
707550
707551
707552
707553
707554
707555
707556
707557
707558
707559
707560
707561
707562
707563
707564
707565
707566
707567
707568
707569
707570
707571
707572
707573
707574
707575
707576
707577
707578
707579
707580
707581
707582
707583
707584
707585
707586
707587
707588
707589
707590
707591
707592
707593
707594
707595
707596
707597
707598
707599
707600
707601
707602
707603
707604
707605
707606
707607
707608
707609
707610
707611
707612
707613
707614
707615
707616
707617
707618
707619
707620
707621
707622
707623
707624
707625
707626
707627
707628
707629
707630
707631
707632
707633
707634
707635
707636
707637
707638
707639
707640
707641
707642
707643
707644
707645
707646
707647
707648
707649
707650
707651
707652
707653
707654
707655
707656
707657
707658
707659
707660
707661
707662
707663
707664
707665
707666
707667
707668
707669
707670
707671
707672
707673
707674
707675
707676
707677
707678
707679
707680
707681
707682
707683
707684
707685
707686
707687
707688
707689
707690
707691
707692
707693
707694
707695
707696
707697
707698
707699
707700
707701
707702
707703
707704
707705
707706
707707
707708
707709
707710
707711
707712
707713
707714
707715
707716
707717
707718
707719
707720
707721
707722
707723
707724
707725
707780
707781
707782
707783
707784
707785
707786
707787
707788
707789
707790
707791
707792
707793
707794
707795
707796
707797
707798
707799
707800
707801
707802
707803
707804
707805
707806
707807
707808
707809
707810
707811
707812
707813
707814
707815
707816
707817
707818
707819
707820
707821
707822
707823
707824
707825
707826
707827
707828
707829
707830
707831
707832
707833
707834
707835
707836
707837
707838
707839
707840
707841
707842
707843
707844
707845
707846
707847
707848
707849
707850
707851
707852
707853
707854
707855
707856
707857
707858
707859
707860
707861
707862
707863
707864
707865
707866
707867
707868
707869
707870
707871
707872
707873
707874
707875
707876
707877
707878
707879
707880
707881
707882
707883
707884
707885
707886
707887
707888
707889
707890
707891
707892
707893
707894
707895
707896
707897
707898
707899
707900
707901
707902
707903
707904
707905
707906
707907
707908
707909
707910
707911
707912
707913
707914
707915
707916
707917
707918
707919
707920
707921
707922
707923
707924
707925
707926
707927
707928
707929
707930
707931
707932
707933
707934
707935
707936
707937
707938
707939
707940
707941
707942
707943
707944
707945
707946
707947
707948
707949
707950
707951
707952
707953
707954
707955
707956
707957
707958
707959
707960
707961
707962
707963
707964
707965
707966
707967
707968
707969
707970
707971
707972
707973
707974
707975
707976
707977
707978
707979
707980
707981
707982
707983
707984
707985
707986
707987
707988
707989
707990
707991
707992
707993
707994
707995
707996
707997
707998
707999
708000
708001
708002
708003
708004
708005
708006
708007
708008
708009
708010
708011
708012
708013
708014
708015
708016
708017
708018
708019
708020
708021
708022
708023
708024
708025
708026
708027
708028
708029
708030
708031
708032
708033
708034
708035
708036
708037
708038
708039
708040
708041
708042
708043
708044
708045
708046
708047
708048
708049
708050
708051
708052
708053
708054
708055
708056
708057
708058
708059
708060
708061
708062
708063
708064
708065
708066
708067
708068
708069
708070
708071
708072
708073
708074
708075
708076
708077
708078
708079
708080
708081
708082
708083
708084
708085
708086
708087
708088
708089
708090
708091
708092
708093
708184
708185
708186
708187
708188
708189
708190
708191
708192
708193
708194
708195
708196
708197
708198
708199
708200
708201
708202
708203
708204
708205
708206
708207
708208
708209
708210
708211
708212
708213
708214
708215
708216
708217
708218
708219
708220
708221
708222
708223
708224
708225
708226
708227
708228
708229
708230
708231
708232
708233
708234
708235
708236
708237
708238
708239
708240
708241
708242
708243
708244
708245
708246
708247
708248
708249
708250
708251
708252
708253
708254
708255
708256
708257
708258
708259
708260
708261
708262
708263
708264
708265
708266
708267
708268
708269
708270
708271
708272
708273
708274
708275
708276
708277
708278
708279
708280
708281
708282
708283
708284
708285
708286
708287
708288
708289
708290
708291
708292
708293
708294
708295
708296
708297
708298
708299
708300
708301
708302
708303
708304
708305
708306
708307
708308
708309
708310
708311
708312
708313
708314
708315
708316
708317
708318
708319
708320
708321
708322
708323
708324
708325
708326
708327
708328
708329
708330
708331
708332
708333
708334
708335
708336
708337
708338
708339
708340
708341
708342
708343
708344
708345
708346
708347
708348
708349
708350
708351
708352
708353
708354
708355
708356
708357
708358
708359
708360
708361
708362
708363
708364
708365
708366
708367
708368
708369
708370
708371
708372
708373
708374
708375
708376
708377
708378
708447
708448
708449
708450
708451
708452
708453
708454
708455
708456
708457
708458
708459
708460
708461
708462
708463
708464
708465
708466
708467
708468
708469
708470
708471
708472
708473
708474
708475
708476
708477
708478
708479
708480
708481
708482
708483
708484
708485
708486
708487
708488
708489
708490
708491
708492
708493
708494
708495
708496
708497
708498
708499
708500
708501
708502
708503
708504
708505
708506
708507
708508
708509
708510
708511
708512
708513
708514
708515
708516
708517
708518
708519
708520
708521
708522
708523
708524
708525
708526
708527
708528
708529
708530
708531
708532
708533
708534
708535
708536
708537
708538
708539
708540
708541
708542
708543
708544
708545
708546
708547
708548
708549
708550
708551
708552
708553
708554
708555
708556
708557
708558
708559
708560
708561
708562
708563
708564
708565
708566
708567
708568
708569
708570
708571
708572
708573
708574
708575
708576
708577
708578
708579
708580
708581
708582
708583
708584
708585
708586
708587
708588
708589
708590
708591
708592
708593
708594
708595
708596
708597
708598
708599
708600
708601
708602
708603
708604
708605
708606
708607
708608
708609
708610
708611
708612
708613
708614
708615
708616
708617
708618
708619
708620
708621
708622
708623
708624
708625
708626
708627
708628
708629
708630
708631
708632
708633
708634
708635
708636
708637
708638
708639
708640
708641
708642
708643
708644
708645
708646
708647
708648
708649
708650
708651
708652
708653
708654
708655
708656
708657
708658
708659
708660
708661
708662
708663
708664
708665
708666
708667
708668
708669
708670
708671
708672
708673
708674
708675
708676
708677
708678
708679
708680
708681
708682
708683
708684
708685
708686
708687
708688
708689
708690
708691
708692
708693
708694
708695
708696
708697
708698
708699
708700
708701
708702
708703
708704
708715
708716
708717
708718
708719
708720
708721
708722
708723
708724
708725
708726
708727
708728
708729
708730
708731
708732
708733
708734
708735
708736
708737
708738
708739
708740
708741
708742
708743
708744
708745
708746
708747
708748
708749
708750
708751
708752
708753
708754
708755
708756
708757
708758
708759
708760
708761
708762
708763
708764
708765
708766
708767
708768
708769
708770
708771
708772
708773
708774
708775
708776
708777
708778
708779
708780
708781
708782
708783
708784
708785
708786
708787
708788
708789
708790
708791
708792
708793
708794
708795
708796
708797
708798
708799
708800
708801
708802
708803
708804
708805
708806
708807
708808
708809
708810
708811
708812
708813
708814
708815
708816
708817
708818
708819
708820
708821
708822
708823
708824
708825
708826
708827
708828
708829
708830
708831
708832
708833
708834
708835
708836
708837
708838
708839
708840
708841
708842
708843
708844
708845
708846
708847
708848
708849
708850
708851
708852
708853
708854
708855
708856
708857
708858
708859
708860
708861
708862
708863
708864
708865
708866
708867
708868
708869
708870
708871
708872
708873
708874
708875
708876
708877
708878
708879
708880
708881
708882
708883
708884
708885
708886
708887
708888
708889
708890
708891
708892
708893
708894
708895
708896
708897
708898
708899
708900
708901
708902
708903
708904
708905
708906
708907
708908
708909
708910
708911
708912
708913
708914
708915
708916
708917
708918
708919
708920
708921
708922
708923
708924
708925
708926
708927
708928
708929
708930
708931
708932
708933
708934
708935
708936
708937
708938
708939
708940
708941
708942
708943
708944
708945
709034
709035
709036
709037
709038
709039
709040
709041
709042
709043
709044
709045
709046
709047
709048
709049
709050
709051
709052
709053
709054
709055
709056
709057
709058
709059
709060
709061
709062
709063
709064
709065
709066
709067
709068
709069
709070
709071
709072
709073
709074
709075
709076
709077
709078
709079
709080
709081
709082
709083
709084
709085
709086
709087
709088
709089
709090
709091
709092
709093
709094
709095
709096
709097
709098
709099
709100
709101
709102
709103
709104
709105
709106
709107
709108
709109
709110
709111
709112
709113
709114
709115
709116
709117
709118
709119
709120
709121
709122
709123
709124
709125
709126
709127
709128
709129
709130
709131
709132
709133
709134
709135
709136
709137
709138
709139
709140
709141
709142
709143
709144
709145
709146
709147
709148
709149
709150
709151
709152
709153
709154
709155
709156
709157
709158
709159
709160
709161
709162
709163
709164
709165
709166
709167
709168
709169
709170
709171
709172
709173
709174
709175
709176
709177
709178
709179
709180
709181
709182
709183
709184
709185
709186
709187
709188
709189
709190
709191
709192
709193
709194
709195
709196
709197
709198
709199
709200
709201
709202
709203
709204
709205
709206
709207
709208
709209
709210
709211
709212
709213
709214
709215
709216
709217
709218
709219
709220
709221
709222
709223
709224
709225
709226
709227
709228
709229
709230
709231
709232
709233
709234
709235
709236
709237
709238
709239
709240
709241
709242
709243
709244
709245
709246
709247
709248
709249
709250
709251
709252
709253
709254
709255
709256
709257
709258
709259
709260
709261
709262
709263
709264
709265
709266
709267
709268
709269
709270
709271
709272
709273
709274
709275
709276
709277
709278
709279
709280
709281
709282
709283
709284
709285
709286
709287
709288
709289
709290
709291
709292
709293
709294
709295
709296
709297
709298
709299
709300
709301
709302
709303
709304
709305
709306
709307
709308
709309
709310
709311
709312
709313
709314
709315
709316
709317
709318
709319
709320
709321
709322
709323
709324
709325
709326
709327
709328
709329
709330
709331
709332
709333
709334
709335
709336
709337
709338
709339
709340
709341
709342
709343
709344
709345
709346
709347
709348
709349
709350
709351
709352
709353
709354
709355
709356
709357
709358
709359
709360
709361
709362
709363
709364
709365
709366
709367
709368
709369
709370
709371
709372
709373
709374
709375
709376
709377
709378
709383
709384
709385
709386
709387
709388
709389
709390
709391
709392
709393
709394
709395
709396
709397
709398
709399
709400
709401
709402
709403
709404
709405
709406
709407
709408
709409
709410
709411
709412
709413
709414
709415
709416
709417
709418
709419
709420
709421
709422
709423
709424
709425
709426
709427
709428
709429
709430
709431
709432
709433
709434
709435
709436
709437
709438
709439
709440
709441
709442
709443
709444
709445
709446
709447
709448
709449
709450
709451
709452
709453
709454
709455
709456
709457
709458
709459
709460
709461
709462
709463
709464
709465
709466
709467
709468
709469
709470
709471
709472
709473
709474
709475
709476
709477
709478
709479
709480
709481
709482
709483
709484
709485
709486
709487
709488
709489
709490
709491
709492
709493
709494
709495
709496
709497
709498
709499
709500
709501
709502
709503
709504
709505
709506
709507
709508
709509
709510
709511
709512
709513
709514
709515
709516
709517
709518
709519
709520
709521
709522
709523
709524
709525
709526
709527
709528
709529
709530
709531
709532
709595
709596
709597
709598
709599
709600
709601
709602
709603
709604
709605
709606
709607
709608
709609
709610
709611
709612
709613
709614
709615
709616
709617
709618
709619
709620
709621
709622
709623
709624
709625
709626
709627
709628
709629
709630
709631
709632
709633
709634
709635
709636
709637
709638
709639
709640
709641
709642
709643
709644
709645
709646
709647
709648
709649
709650
709651
709652
709653
709654
709655
709656
709657
709658
709659
709660
709661
709662
709663
709664
709665
709666
709667
709668
709669
709670
709671
709672
709673
709674
709675
709690
709691
709692
709693
709694
709695
709696
709697
709698
709699
709700
709701
709702
709703
709704
709705
709706
709707
709708
709709
709710
709711
709712
709713
709714
709715
709716
709717
709718
709719
709720
709721
709722
709723
709724
709725
709726
709727
709728
709729
709730
709731
709732
709733
709734
709735
709736
709737
709738
709739
709740
709741
709742
709743
709744
709745
709746
709747
709748
709749
709750
709751
709752
709753
709754
709755
709756
709757
709758
709759
709760
709761
709762
709763
709764
709765
709766
709767
709768
709769
709770
709771
709772
709773
709774
709775
709776
709777
709778
709779
709780
709781
709782
709783
709784
709785
709786
709787
709788
709789
709790
709791
709792
709793
709794
709795
709796
709797
709798
709799
709800
709801
709802
709803
709804
709805
709806
709807
709808
709809
709810
709811
709812
709813
709814
709815
709816
709817
710053
710054
710055
710056
710057
710058
710059
710060
710061
710062
710063
710064
710065
710066
710067
710068
710069
710070
710071
710072
710073
710074
710075
710076
710077
710078
710079
710080
710081
710082
710083
710084
710085
710086
710087
710088
710089
710090
710091
710092
710093
710094
710095
710096
710097
710098
710099
710100
710101
710102
710103
710104
710105
710106
710107
710108
710109
710110
710111
710112
710113
710114
710115
710116
710117
710118
710119
710120
710121
710122
710123
710124
710125
710126
710127
710128
710129
710130
710131
710132
710133
710134
710135
710136
710137
710138
710139
710140
710141
710142
710143
710144
710145
710146
710147
710148
710149
710150
710151
710152
710153
710154
710155
710156
710157
710158
710159
710160
710161
710162
710163
710164
710165
710166
710167
710168
710169
710170
710171
710172
710173
710174
710175
710176
710177
710178
710179
710180
710181
710182
710183
710184
710185
710186
710187
710188
710189
710190
710191
710192
710193
710194
710195
710196
710197
710198
710199
710200
710210
710211
710212
710213
710214
710215
710216
710217
710218
710219
710220
710221
710222
710223
710224
710225
710226
710227
710228
710229
710230
710231
710232
710233
710234
710235
710236
710237
710238
710239
710240
710241
710242
710243
710244
710245
710246
710247
710248
710249
710250
710251
710252
710253
710254
710255
710256
710257
710258
710259
710260
710261
710262
710263
710264
710265
710266
710267
710268
710269
710270
710271
710272
710273
710274
710275
710276
710277
710278
710279
710280
710281
710282
710283
710284
710285
710286
710322
710323
710324
710325
710326
710327
710328
710329
710330
710331
710332
710333
710334
710335
710336
710337
710338
710339
710340
710341
710342
710343
710344
710345
710346
710347
710348
710349
710350
710351
710352
710353
710354
710355
710356
710357
710358
710359
710360
710361
710362
710363
710364
710365
710366
710367
710368
710369
710370
710371
710372
710373
710374
710375
710376
710377
710378
710379
710380
710381
710382
710383
710384
710385
710386
710387
710388
710389
710390
710391
710392
710393
710394
710395
710396
710397
710398
710399
710400
710401
710402
710403
710404
710405
710406
710599
710600
710601
710602
710603
710604
710605
710606
710607
710608
710609
710610
710611
710612
710613
710614
710615
710616
710617
710618
710619
710620
710621
710622
710623
710624
710625
710626
710627
710628
710629
710630
710631
710632
710633
710634
710635
710636
710637
710638
710639
710640
710641
710642
710643
710644
710645
710646
710647
710648
710649
710650
710651
710652
710653
710654
710655
710656
710657
710658
710659
710660
710661
710662
710663
710664
710665
710666
710667
710668
710669
710670
710671
710672
710673
710674
710675
710676
710677
710678
710679
710680
710681
710682
710683
710684
710685
710686
710687
710688
710689
710690
710691
710692
710693
710694
710695
710696
710697
710698
710699
710700
710701
710702
710703
710704
710705
710706
710707
710708
710709
710710
710711
710712
710713
710714
710715
710716
710717
710718
710719
710720
710721
710722
710723
710724
710725
710726
710727
710728
710729
710730
710731
710732
710733
710734
710735
710736
710737
710738
710739
710740
710741
710742
710743
710744
710745
710746
710747
710748
710749
710750
710751
710752
710753
710754
710755
710756
710757
710758
710759
710760
710761
710762
710763
710764
710765
710766
710767
710768
710769
710770
710771
710772
710773
710774
710775
710776
710777
710778
710779
710780
710781
710782
710783
710784
710785
710786
710787
710788
710789
710790
710791
710792
710793
710794
710795
710796
710797
710798
710799
710800
710801
710802
710803
710804
710805
710806
710807
710808
710809
710810
710811
710812
710813
710814
710815
710816
710817
710818
710819
710820
710821
710822
710823
710824
710825
710826
710827
710828
710829
710830
710831
710832
710833
710834
710835
710836
710837
710838
710839
710840
710841
710842
710843
710844
710845
710846
710847
710848
710849
710850
710851
710852
710853
710854
710855
710856
710857
710858
710859
710860
710861
710862
710863
710864
710865
710866
710867
710868
710869
710870
710871
710872
710873
710874
710875
710876
710877
710878
710879
710880
710881
710882
710883
710884
710885
710886
710887
710888
710889
710890
710891
710892
710893
710894
710895
710896
710897
710898
710899
710900
710901
710902
710903
710904
710905
710906
710907
710908
710909
710910
710911
710912
710913
710914
710915
710916
710917
710918
710919
710920
710921
710922
710923
710924
710925
710926
710927
710928
710929
710930
710931
710932
710933
710934
710935
710936
710937
710938
710939
710940
710941
710942
710943
710944
710945
710946
710947
710948
710949
710950
710951
710952
710953
710954
710955
710956
710957
710958
710959
710960
710961
710962
710963
710964
710965
710966
710967
710968
710969
710970
710971
710972
710973
710974
710975
710976
710977
710978
710979
710980
710981
710982
710983
710984
710985
710986
710987
710988
710989
710990
710991
710992
710993
710994
710995
710996
710997
710998
710999
711000
711001
711002
711003
711004
711005
711006
711007
711008
711009
711010
711011
711012
711013
711014
711015
711016
711017
711018
711019
711020
711021
711022
711023
711024
711025
711026
711027
711028
711029
711030
711031
711032
711033
711034
711035
711036
711037
711038
711039
711040
711041
711042
711043
711044
711045
711046
711047
711048
711049
711050
711051
711052
711053
711054
711055
711056
711057
711058
711059
711060
711061
711062
711063
711064
711065
711066
711067
711068
711069
711070
711071
711072
711073
711074
711075
711076
711077
711078
711079
711080
711081
711082
711083
711084
711085
711086
711087
711088
711089
711090
711091
711092
711093
711094
711095
711096
711097
711098
711099
711100
711101
711102
711103
711104
711105
711106
711107
711108
711109
711110
711111
711112
711113
711114
711115
711116
711117
711118
711119
711120
711121
711122
711123
711124
711125
711126
711127
711128
711129
711130
711131
711132
711133
711134
711135
711136
711137
711138
711139
711140
711141
711142
711143
711144
711145
711146
711147
711148
711149
711150
711151
711157
711158
711159
711160
711161
711162
711163
711164
711165
711166
711167
711168
711169
711170
711171
711172
711173
711174
711175
711176
711177
711178
711179
711180
711181
711182
711183
711184
711185
711186
711187
711188
711189
711190
711191
711192
711193
711194
711195
711196
711197
711198
711199
711200
711201
711202
711203
711204
711205
711206
711207
711208
711209
711210
711211
711212
711213
711214
711215
711216
711217
711218
711219
711220
711221
711222
711223
711224
711225
711226
711227
711228
711229
711230
711231
711232
711233
711234
711235
711236
711237
711238
711239
711240
711241
711242
711243
711244
711245
711246
711247
711248
711249
711250
711251
711252
711253
711254
711255
711256
711257
711258
711259
711260
711261
711262
711263
711264
711265
711266
711267
711268
711269
711270
711271
711272
711273
711274
711275
711276
711277
711278
711279
711280
711281
711282
711283
711284
711285
711286
711287
711288
711289
711290
711291
711292
711293
711294
711295
711296
711297
711298
711299
711300
711301
711302
711303
711304
711305
711306
711307
711308
711309
711310
711318
711319
711320
711321
711322
711323
711324
711325
711326
711327
711328
711329
711330
711331
711332
711333
711334
711335
711336
711337
711338
711339
711340
711341
711342
711343
711344
711345
711346
711347
711348
711349
711350
711351
711352
711353
711354
711355
711356
711357
711358
711359
711360
711361
711362
711363
711364
711365
711366
711367
711368
711369
711370
711371
711372
711373
711374
711375
711376
711377
711378
711379
711380
711381
711382
711383
711384
711385
711386
711387
711388
711389
711390
711391
711392
711393
711394
711395
711396
711397
711398
711399
711400
711401
711402
711403
711404
711405
711406
711407
711408
711409
711410
711411
711412
711413
711414
711415
711416
711417
711418
711419
711420
711421
711422
711423
711424
711425
711426
711427
711428
711429
711430
711431
711432
711433
711434
711435
711436
711437
711438
711439
711440
711441
711442
711443
711444
711445
711446
711447
711448
711449
711450
711451
711452
711453
711454
711455
711456
711457
711458
711459
711460
711461
711462
711463
711464
711465
711466
711467
711468
711469
711470
711471
711472
711473
711474
711475
711476
711477
711478
711479
711480
711481
711482
711483
711484
711485
711486
711487
711488
711489
711490
711491
711492
711493
711494
711495
711496
711497
711498
711499
711500
711501
711502
711503
711504
711505
711506
711507
711508
711509
711510
711511
711512
711513
711514
711515
711516
711517
711518
711519
711520
711521
711522
711523
711524
711525
711526
711527
711528
711529
711530
711531
711532
711533
711534
711535
711536
711537
711538
711539
711540
711541
711542
711543
711544
711545
711546
711547
711548
711549
711550
711551
711552
711553
711554
711555
711556
711557
711558
711559
711560
711561
711562
711563
711564
711565
711566
711567
711568
711569
711570
711571
711572
711573
711574
711575
711576
711577
711578
711579
711580
711581
711582
711583
711584
711585
711586
711587
711588
711589
711590
711591
711592
711593
711594
711595
711596
711597
711598
711599
711600
711601
711602
711603
711604
711605
711606
711607
711608
711609
711610
711611
711612
711613
711614
711615
711616
711617
711618
711619
711620
711621
711622
711623
711624
711625
711626
711627
711628
711629
711630
711631
711632
711633
711634
711635
711636
711637
711638
711639
711640
711641
711642
711643
711644
711645
711646
711647
711648
711649
711650
711651
711652
711653
711654
711655
711656
711657
711658
711659
711660
711661
711662
711663
711664
711665
711666
711667
711668
711669
711670
711671
711672
711673
711674
711675
711676
711677
711678
711679
711680
711681
711682
711683
711684
711685
711686
711687
711688
711689
711690
711691
711692
711693
711694
711695
711696
711697
711698
711699
711700
711701
711702
711703
711704
711705
711706
711707
711708
711709
711710
711711
711712
711713
711714
711715
711716
711717
711718
711719
711720
711721
711722
711723
711724
711725
711726
711727
711728
711729
711730
711731
711732
711733
711734
711735
711736
711737
711738
711739
711740
711741
711742
711743
711744
711745
711746
711747
711748
711749
711750
711751
711752
711753
711754
711755
711756
711757
711758
711759
711760
711761
711762
711763
711764
711765
711766
711767
711768
711769
711770
711771
711772
711773
711774
711775
711776
711777
711778
711779
711780
711781
711782
711783
711784
711785
711786
711931
711932
711933
711934
711935
711936
711937
711938
711939
711940
711941
711942
711943
711944
711945
711946
711947
711948
711949
711950
711951
711952
711953
711954
711955
711956
711957
711958
711959
711960
711961
711962
711963
711964
711965
711966
711967
711968
711969
711970
711971
711972
711973
712069
712070
712071
712072
712073
712074
712075
712076
712077
712078
712079
712080
712081
712082
712083
712084
712085
712086
712087
712088
712089
712090
712091
712092
712093
712094
712095
712096
712097
712098
712099
712100
712101
712102
712103
712104
712105
712106
712107
712108
712109
712110
712111
712112
712113
712114
712115
712116
712117
712118
712119
712120
712121
712122
712123
712124
712125
712126
712127
712128
712129
712130
712131
712132
712133
712134
712135
712136
712137
712138
712139
712140
712141
712142
712143
712144
712145
712146
712147
712148
712149
712150
712151
712152
712153
712154
712155
712156
712157
712158
712159
712160
712161
712162
712163
712164
712165
712166
712167
712168
712169
712170
712171
712172
712173
712174
712175
712176
712177
712178
712179
712180
712181
712182
712183
712184
712185
712186
712187
712188
712189
712190
712191
712192
712193
712194
712195
712196
712197
712198
712199
712200
712201
712202
712203
712204
712205
712206
712207
712208
712209
712210
712211
712212
712213
712252
712253
712254
712255
712256
712257
712258
712259
712260
712261
712262
712263
712264
712265
712266
712267
712268
712269
712270
712271
712272
712273
712274
712275
712276
712277
712278
712279
712280
712281
712282
712283
712284
712285
712286
712287
712288
712289
712290
712291
712292
712293
712294
712295
712296
712297
712298
712299
712300
712301
712302
712303
712304
712305
712306
712307
712308
712309
712310
712311
712312
712313
712314
712315
712316
712317
712318
712319
712320
712321
712322
712323
712324
712325
712326
712327
712328
712329
712330
712331
712332
712333
712334
712335
712336
712337
712338
712339
712340
712341
712342
712343
712344
712345
712346
712347
712348
712349
712350
712351
712352
712353
712354
712355
712356
712357
712358
712359
712360
712361
712362
712363
712364
712365
712366
712367
712368
712369
712370
712371
712372
712373
712374
712375
712376
712377
712378
712379
712380
712381
712382
712383
712384
712385
712386
712387
712388
712389
712390
712391
712392
712393
712394
712395
712396
712397
712398
712399
712400
712401
712402
712403
712404
712405
712406
712407
712408
712409
712410
712411
712412
712413
712414
712415
712416
712417
712418
712419
712420
712421
712422
712423
712424
712425
712426
712427
712428
712429
712430
712464
712465
712466
712467
712468
712469
712470
712471
712472
712473
712474
712475
712476
712477
712478
712479
712480
712481
712482
712483
712484
712485
712486
712487
712488
712489
712490
712491
712492
712493
712494
712495
712496
712497
712498
712499
712500
712501
712502
712503
712504
712505
712506
712507
712508
712509
712510
712511
712512
712513
712514
712515
712516
712517
712518
712519
712520
712521
712522
712523
712524
712525
712526
712527
712528
712529
712530
712531
712532
712533
712534
712535
712536
712537
712538
712539
712540
712541
712542
712543
712544
712545
712546
712547
712548
712549
712550
712551
712552
712553
712554
712555
712556
712557
712558
712559
712560
712561
712562
712563
712564
712565
712566
712567
712568
712569
712570
712571
712572
712573
712574
712575
712576
712577
712578
712579
712580
712581
712582
712583
712584
712585
712586
712587
712588
712589
712590
712591
712592
712593
712594
712595
712596
712597
712598
712599
712600
712601
712602
712603
712604
712605
712606
712607
712608
712609
712610
712611
712612
712613
712614
712615
712616
712617
712618
712619
712632
712633
712634
712635
712636
712637
712638
712639
712640
712641
712642
712643
712644
712645
712646
712647
712648
712649
712650
712651
712652
712653
712654
712655
712656
712657
712658
712659
712660
712661
712662
712678
712679
712680
712681
712682
712683
712684
712685
712686
712687
712688
712689
712690
712691
712692
712693
712694
712695
712696
712697
712698
712699
712700
712701
712702
712703
712704
712705
712706
712707
712708
712709
712710
712711
712712
712713
712714
712715
712716
712717
712718
712719
712720
712721
712722
712723
712724
712725
712726
712727
712728
712729
712730
712731
712732
712733
712734
712735
712736
712737
712738
712739
712740
712741
712742
712743
712744
712745
712746
712747
712748
712749
712750
712751
712752
712753
712754
712755
712756
712757
712758
712759
712760
712761
712762
712763
712764
712765
712766
712767
712768
712769
712770
712771
712772
712773
712774
712775
712776
712777
712778
712779
712780
712781
712782
712783
712784
712785
712786
712787
712788
712789
712790
712791
712792
712793
712794
712795
712796
712797
712798
712799
712800
712801
712802
712803
712804
712805
712806
712807
712808
712809
712810
712811
712812
712813
712814
712815
712816
712817
712818
712819
712820
712821
712822
712823
712824
712825
712826
712827
712828
712829
712830
712831
712832
712833
712834
712835
712836
712837
712838
712839
712840
712841
712842
712843
712844
712845
712846
712847
712848
712849
712850
712851
712852
712853
712854
712855
712856
712857
712858
712859
712860
712861
712862
712863
712864
712865
712866
712867
712868
712869
712870
712871
712872
712873
712874
712875
712876
712877
712878
712879
712880
712881
712882
712883
712884
712885
712886
712887
712888
712889
712890
712891
712892
712893
712894
712895
712896
712897
712898
712899
712900
712901
712902
712903
712904
712905
712906
712907
712908
712909
712910
712911
712912
712913
712914
712915
712916
712917
712918
712919
712920
712921
712922
712923
712924
712925
712926
712927
712928
712929
712930
712931
712932
712933
712934
712935
712936
712937
712938
712939
712940
712941
712942
712943
712944
712945
712946
712947
712948
712949
712950
712951
712952
712953
712954
712955
712956
712957
712958
712959
712960
712970
712971
712972
712973
712974
712975
712976
712977
712978
712979
712980
712981
712982
712983
712984
712985
712986
712987
712988
712989
712990
712991
712992
712993
712994
712995
712996
712997
712998
712999
713000
713001
713002
713003
713004
713005
713006
713007
713008
713009
713010
713011
713012
713013
713014
713015
713016
713017
713018
713019
713020
713021
713022
713023
713024
713025
713026
713027
713028
713029
713030
713031
713032
713033
713034
713035
713036
713037
713038
713039
713040
713041
713042
713043
713045
713046
713047
713048
713049
713050
713051
713052
713053
713054
713055
713056
713057
713058
713059
713060
713061
713062
713063
713064
713065
713066
713067
713068
713069
713070
713071
713072
713073
713074
713075
713076
713077
713078
713079
713080
713081
713082
713083
713084
713085
713086
713087
713088
713089
713090
713091
713092
713093
713094
713095
713096
713097
713098
713099
713100
713101
713102
713103
713104
713105
713106
713107
713108
713109
713110
713111
713112
713113
713114
713115
713116
713117
713118
713119
713120
713121
713122
713123
713124
713125
713126
713127
713128
713129
713130
713131
713132
713133
713134
713135
713136
713137
713138
713139
713140
713141
713142
713143
713144
713145
713146
713147
713148
713149
713150
713151
713152
713153
713154
713155
713156
713157
713158
713159
713160
713161
713162
713163
713164
713165
713166
713167
713168
713169
713170
713171
713172
713173
713174
713175
713176
713177
713178
713179
713180
713181
713182
713183
713184
713185
713186
713187
713188
713189
713190
713191
713192
713193
713194
713195
713196
713197
713198
713199
713200
713201
713202
713203
713204
713205
713206
713207
713208
713209
713210
713211
713212
713213
713214
713215
713216
713217
713218
713219
713220
713221
713222
713223
713224
713225
713226
713227
713228
713229
713230
713231
713232
713233
713234
713235
713236
713237
713238
713239
713240
713241
713242
713243
713244
713245
713246
713247
713248
713249
713250
713251
713252
713253
713254
713255
713256
713257
713258
713259
713260
713261
713262
713263
713264
713265
713266
713267
713268
713269
713270
713271
713272
713273
713274
713275
713276
713277
713278
713279
713282
713283
713284
713285
713286
713287
713288
713289
713290
713291
713292
713293
713294
713295
713296
713297
713298
713299
713300
713301
713302
713303
713304
713305
713306
713307
713308
713309
713310
713311
713312
713313
713314
713315
713316
713317
713318
713319
713320
713321
713322
713323
713324
713325
713326
713327
713328
713329
713330
713331
713332
713333
713334
713335
713336
713337
713338
713339
713340
713341
713342
713343
713344
713345
713346
713347
713348
713349
713350
713351
713352
713353
713354
713355
713356
713357
713358
713359
713360
713361
713362
713363
713364
713365
713366
713367
713368
713369
713370
713371
713372
713373
713374
713375
713376
713377
713378
713379
713380
713381
713382
713383
713384
713385
713386
713387
713388
713389
713390
713391
713392
713393
713394
713395
713396
713397
713398
713399
713400
713401
713402
713403
713404
713405
713406
713407
713408
713409
713410
713411
713412
713413
713414
713415
713416
713417
713418
713419
713420
713421
713422
713423
713424
713425
713426
713427
713428
713429
713430
713431
713432
713433
713434
713435
713436
713437
713438
713439
713440
713441
713442
713443
713444
713445
713446
713447
713448
713449
713450
713451
713452
713453
713454
713455
713456
713457
713458
713459
713460
713461
713462
713463
713464
713465
713466
713467
713468
713469
713470
713471
713472
713473
713474
713475
713476
713477
713478
713479
713480
713481
713482
713483
713484
713485
713486
713487
713488
713489
713490
713491
713492
713493
713494
713495
713496
713497
713498
713499
713500
713501
713502
713503
713504
713505
713506
713507
713508
713509
713510
713511
713512
713513
713514
713515
713516
713517
713518
713519
713520
713521
713522
713523
713524
713525
713526
713527
713528
713529
713530
713531
713532
713533
713534
713535
713536
713537
713538
713539
713540
713541
713542
713543
713544
713545
713546
713547
713548
713549
713550
713551
713552
713553
713554
713555
713556
713557
713558
713559
713560
713561
713562
713563
713564
713565
713566
713567
713568
713569
713570
713571
713572
713573
713574
713575
713576
713577
713578
713579
713580
713581
713582
713583
713584
713585
713586
713587
713588
713589
713590
713591
713592
713593
713594
713595
713596
713597
713598
713599
713600
713601
713602
713603
713604
713605
713606
713607
713608
713609
713610
713611
713612
713613
713614
713615
713616
713617
713618
713619
713620
713621
713622
713623
713624
713625
713626
713627
713628
713629
713630
713631
713632
713633
713634
713635
713636
713637
713638
713639
713640
713641
713642
713643
713644
713645
713646
713647
713648
713649
713650
713651
713652
713653
713654
713655
713656
713657
713658
713659
713660
713661
713662
713663
713664
713665
713666
713667
713668
713669
713670
713671
713672
713673
713674
713675
713676
713677
713678
713679
713680
713681
713682
713683
713684
713685
713686
713687
713688
713689
713690
713691
713692
713693
713694
713695
713696
713697
713698
713699
713700
713701
713702
713703
713723
713724
713725
713726
713727
713728
713729
713730
713731
713732
713733
713734
713735
713736
713737
713738
713739
713740
713743
713744
713745
713746
713747
713748
713749
713750
713751
713752
713753
713754
713755
713756
713757
713758
713759
713760
713761
713762
713763
713764
713765
713766
713767
713768
713769
713770
713771
713772
713773
713774
713775
713776
713777
713778
713779
713780
713781
713782
713783
713784
713785
713786
713787
713788
713789
713790
713791
713792
713793
713794
713795
713796
713797
713798
713799
713800
713801
713802
713803
713804
713805
713806
713807
713808
713809
713810
713811
713812
713813
713814
713815
713816
713817
713818
713819
713820
713821
713822
713823
713824
713825
713826
713827
713828
713829
713830
713831
713832
713833
713834
713835
713836
713837
713838
713839
713840
713841
713842
713843
713844
713845
713846
713847
713848
713849
713850
713851
713852
713853
713854
713855
713856
713857
713858
713859
713860
713861
713862
713863
713864
713865
713866
713867
713868
713869
713870
713871
713872
713873
713874
713875
713876
713877
713878
713879
713880
713881
713882
713883
713884
713885
713886
713887
713888
713889
713890
713891
713892
713893
713894
713895
713896
713897
713898
714161
714162
714163
714164
714165
714166
714167
714168
714169
714170
714171
714172
714173
714174
714175
714176
714177
714178
714179
714180
714181
714182
714183
714184
714185
714186
714187
714188
714189
714190
714191
714192
714193
714194
714195
714196
714197
714198
714199
714200
714201
714202
714203
714204
714205
714206
714207
714208
714209
714210
714211
714212
714213
714214
714215
714216
714217
714218
714219
714220
714221
714222
714223
714224
714225
714226
714227
714228
714229
714230
714231
714232
714233
714234
714235
714236
714237
714238
714239
714240
714241
714242
714243
714244
714245
714246
714247
714248
714249
714250
714251
714252
714253
714254
714255
714256
714257
714258
714259
714260
714261
714262
714263
714264
714265
714266
714267
714268
714269
714270
714271
714272
714273
714274
714275
714276
714277
714278
714279
714280
714281
714282
714283
714284
714285
714286
714287
714288
714289
714290
714291
714292
714293
714294
714295
714296
714297
714298
714299
714300
714301
714302
714303
714304
714305
714306
714307
714308
714309
714310
714311
714312
714313
714314
714315
714316
714317
714318
714319
714320
714321
714322
714323
714324
714325
714326
714327
714328
714329
714330
714331
719297
719298
719299
719300
719301
719302
719303
719304
719307
719308
719309
719310
719311
719312
719313
719314
719315
719316
719317
719318
719319
719320
719321
719322
719323
719324
719325
719326
719327
719328
719329
719330
719331
719332
719333
719334
719335
719336
719337
719338
719339
719340
719341
719342
719343
719344
719345
719346
719347
719348
719349
719350
719351
719352
719353
719354
719355
719356
719357
719358
719359
719360
719361
719362
719363
719364
719365
719366
719367
719368
719369
719370
719371
719372
719373
719374
719375
719376
719377
719378
719379
719380
719381
719382
719383
719384
719385
719386
719387
719388
719389
719390
719391
719392
719393
719394
719395
719396
719397
719398
719399
719400
719401
719402
719403
719404
719405
719406
719407
719408
719409
719410
719411
719412
719413
719414
719415
719416
719417
719418
719419
719420
719421
719422
719423
719424
719425
719426
719444
719445
719446
719447
719448
719449
719450
719451
719452
719453
719454
719455
719456
719457
719458
719459
719460
719461
719462
719463
719464
719465
719466
719467
719468
719469
719470
719471
719472
719473
719474
719475
719476
719477
719478
719479
719480
719481
719482
719483
719484
719485
719486
719487
719488
719489
719490
719491
719492
719493
719494
719495
719496
719497
719498
719499
719500
719501
719502
719503
719504
719505
719506
719507
719508
719509
719510
719511
719512
719513
719514
719515
719516
719517
719518
719519
719520
719521
719522
719523
719524
719525
719526
719527
719528
719529
719530
719531
719532
719533
719534
719535
719536
719537
719538
719539
719540
719541
719542
719543
719544
719545
719546
719547
719616
719617
719618
719619
719620
719621
719622
719623
719624
719625
719626
719627
719628
719629
719630
719631
719632
719633
719634
719635
719636
719637
719638
719639
719640
719641
719642
719643
719644
719645
719646
719647
719648
719649
719650
719651
719652
719653
719654
719655
719656
719657
719658
719659
719660
719661
719662
719663
719664
719665
719666
719667
719668
719669
719670
719671
719672
719673
719674
719675
719676
719677
719678
719679
719680
719681
719682
719683
719684
719685
719686
719687
719688
719689
719690
719691
719692
719693
719694
719695
719696
719697
719698
719699
719700
719701
719702
719703
719704
719705
719706
719707
719708
719709
719710
719711
719712
719713
719714
719715
719716
719717
719718
719719
719720
719721
719722
719723
719724
719725
719726
719727
719728
719729
719730
719731
719732
719733
719734
719735
719736
719737
719738
719739
719740
719741
719742
719743
719744
719745
719746
719747
719748
719749
719750
719751
719752
719753
719754
719755
719756
719757
719758
719759
719760
719761
719762
719763
719764
719765
719766
719767
719768
719769
719770
719771
719772
719773
719774
719775
719776
719777
719778
719779
719780
719781
719782
719783
719784
719785
719786
719787
719788
719789
719790
719791
719792
719793
719794
719795
719796
719797
719798
719799
719800
719801
719802
719803
719804
719805
719806
719807
719808
719809
719810
719811
719812
719813
719814
719815
719816
719817
719818
719819
719820
719821
719822
719907
719908
719909
719910
719911
719912
719913
719914
719915
719916
719917
719918
719919
719920
719921
719922
719923
719924
719925
719926
719927
719928
719929
719930
719931
719932
719933
719934
719935
719936
719937
719938
719939
719940
719941
719942
719943
719944
719945
719946
719947
719948
719949
719950
719951
719952
719953
719954
719955
719956
719957
719958
719959
719960
719961
719962
719963
719964
719965
719966
719967
719968
719969
719970
719971
719972
719973
719974
719975
719976
719977
719978
719979
719980
719981
719982
719983
719984
719985
719986
719987
719988
719989
719990
719991
719992
719993
719994
719995
719996
719997
719998
719999
720000
720001
720002
720003
720004
720005
720006
720007
720008
720009
720010
720011
720012
720013
720014
720015
720016
720017
720018
720019
720020
720021
720022
720023
720024
720025
720026
720027
720028
720029
720030
720036
720037
720038
720039
720040
720041
720042
720043
720044
720045
720046
720047
720048
720049
720050
720051
720052
720053
720054
720055
720056
720057
720058
720059
720060
720061
720062
720063
720064
720065
720066
720067
720068
720069
720070
720071
720072
720073
720074
720075
720076
720077
720078
720079
720080
720081
720082
720083
720084
720085
720086
720087
720088
720089
720090
720091
720092
720118
720119
720120
720121
720122
720123
720124
720125
720126
720127
720128
720129
720130
720131
720132
720133
720134
720135
720136
720137
720138
720139
720140
720141
720142
720143
720144
720145
720146
720147
720148
720149
720150
720151
720152
720153
720154
720155
720156
720157
720158
720159
720160
720161
720162
720163
720164
720165
720166
720167
720168
720169
720170
720171
720172
720173
720174
720175
720176
720177
720178
720179
720180
720181
720182
720183
721765
721766
721767
721768
721769
721770
721771
721772
721773
721774
721775
721776
721777
721778
721779
721780
721781
721782
721783
721784
721785
721786
721787
721788
721789
721790
721791
721792
721793
721794
721795
721796
721797
721798
721799
721800
721801
721802
721803
721804
721805
721806
721807
721808
721809
721810
721811
721812
721813
721814
721815
721816
721817
721818
721819
721820
721821
721822
721823
721824
721825
721826
721827
721828
721829
722238
722239
722240
722241
722242
722243
722244
722245
722246
722247
722248
722249
722250
722251
722252
722253
722254
722255
722256
722257
722258
722259
722260
722261
722262
722263
722264
722265
722266
722267
722268
722269
722270
722271
722272
722273
722274
722275
722276
722277
722278
722279
722280
722281
722282
722283
722284
722285
722286
722287
722288
722289
722290
722291
722292
722293
722294
722295
722296
722297
722298
722299
722300
722329
722330
722331
722332
722333
722334
722335
722336
722337
722338
722339
722340
722341
722342
722343
722344
722345
722346
722347
722348
722349
722350
722351
722352
722353
722354
722355
722356
722357
722358
722359
722360
722361
722362
722363
722364
722365
722366
722367
722368
722369
722370
722371
722372
722373
722374
722375
722376
722377
722378
722379
722380
722381
722382
722383
722384
722385
722386
722387
722388
722389
722390
722391
722392
722393
722394
722395
722396
722397
722398
722399
722400
722401
722402
722403
722404
722405
722406
722407
722408
722409
722410
722411
722412
722413
722414
722415
722416
722417
722418
722419
722420
722421
722422
722423
722424
722425
722426
722427
722428
722429
722430
722431
722432
722433
722434
722435
722436
722437
722438
722439
722440
722441
722442
722443
722444
722445
722446
722447
722448
722449
722450
722451
722452
722453
722454
722455
722456
722457
722458
722459
722460
722461
722462
722463
722464
722465
722466
722467
722468
722469
722470
722471
722472
722473
722474
722475
722476
722477
722478
722479
722480
722481
722482
722483
722484
722485
722486
722487
722488
722489
722490
722491
722492
722493
722494
722495
722496
722497
722498
722499
722500
722501
722502
722503
722504
722505
722506
722507
722508
722509
722510
722511
722512
722513
722514
722515
722516
722517
722518
722519
722520
722521
722522
722523
722524
722525
722526
722527
722528
722529
722530
722531
722532
722533
722534
722535
722536
722537
722538
722539
722540
722541
722542
722543
722544
722545
722546
722547
722548
722549
722550
722551
722552
722553
722554
722555
722556
722557
722558
722559
722560
722561
722562
722563
722564
722565
722566
722567
722568
722569
722570
722571
722572
722573
722574
722575
722576
722577
722578
722579
722580
722581
722582
722583
722584
722585
722586
722587
722588
722589
722590
722591
722592
722593
722594
722595
722596
722597
722598
722599
722600
722601
722602
722603
722604
722605
722606
722607
722608
722609
722610
722611
722612
722613
722614
722615
722616
722617
722618
722619
722620
722621
722622
722623
722624
722625
722626
722627
722628
722629
722630
722631
722632
722633
722634
722635
722636
722652
722653
722654
722655
722656
722657
722658
722659
722660
722661
722662
722663
722664
722665
722666
722667
722668
722669
722670
722671
722672
722673
722674
722675
722676
722677
722678
722679
722680
722681
722682
722683
722684
722685
722686
722687
722688
722689
722690
722691
722692
722693
722694
722695
722696
722697
722698
722699
722700
722701
722702
722703
722704
722705
722706
722707
722708
722709
722710
722711
722712
722713
722714
722715
722716
722717
722718
722719
722720
722721
722722
722723
722724
722725
722726
722727
722728
722729
722730
722731
722732
722733
722734
722735
722736
722737
722738
722739
722740
722741
722742
722743
722744
722745
722746
722747
722748
722749
722750
722751
722752
722753
722754
722755
722756
722757
722758
722759
722760
722761
722762
722763
722764
722765
722766
722767
722768
722769
722770
722771
722772
722773
722774
722775
722776
722777
722778
722779
722780
722781
722782
722783
722784
722785
722786
722787
722788
722789
722790
722791
722792
722793
722794
722795
722796
722797
722798
722799
722800
722801
722802
722803
722804
722805
722806
722807
722808
722809
722810
722811
722812
722813
722814
722815
722816
722817
722818
722819
722820
722821
722822
722823
722824
722825
722826
722827
722828
722829
722830
722831
722832
722833
722834
722835
722836
722837
722838
722839
722840
722841
722842
722843
722844
722845
722846
722847
722848
722849
722850
722851
722852
722853
722854
722855
722856
722857
722858
722859
722860
722861
722862
722863
722864
722865
722866
722889
722890
722891
722892
722893
722894
722895
722896
722897
722898
722899
722900
722901
722902
722903
722904
722905
722906
722907
722908
722909
722910
722911
722912
722913
722914
722915
722916
722917
722918
722919
722920
722921
722922
722923
722924
722925
722926
722927
722928
722929
722930
722931
722932
722933
722934
722935
722936
722937
722938
722939
722940
722941
722942
722943
722944
722945
722946
722947
722948
722949
722950
722951
722952
722953
722954
722955
722956
722957
722958
722959
722960
722961
722962
722963
722964
722965
722966
722967
722968
722969
722970
722971
722972
722973
722974
722975
722976
722977
722978
722979
722980
722981
722982
722983
722984
722985
722986
722987
722988
722989
722990
722991
722992
722993
722994
722995
722996
722997
722998
722999
723000
723001
723002
723003
723004
723005
723006
723007
723008
723009
723010
723011
723012
723013
723656
723657
723658
723659
723660
723672
723673
723674
723675
723676
723677
723678
723679
723680
723681
723682
723683
723684
723685
723686
723687
723688
723689
723690
723691
723692
723693
723694
723695
723696
723697
723698
723699
723700
723701
723702
723703
723704
723705
723706
723707
723708
723890
723891
723892
723893
723894
723895
723896
723897
723898
723899
723900
723901
723902
723903
723904
723905
723906
723907
723908
723909
723910
723911
723912
723913
723914
723915
723916
723917
750001
755001
755003
755004
755005
757001
757002
757003
757004
757005
757007
759001
759002
760001
760003
760004
762004
762005
762007
764001
